order_id,customer_id,order_date,product_id,quantity,discount_pct,sales,status,payment_method
O000001,C0245,2026-04-19,P008,1,5,1899.05,Delivered,COD
O000002,C0022,2025-04-30,P007,4,10,5036.4,Delivered,UPI
O000003,C0291,2025-07-29,P012,1,15,509.15,Cancelled,UPI
O000004,C0485,2025-11-02,P009,1,5,1709.05,Shipped,Card
O000005,C0272,2025-09-27,P011,1,15,679.15,Delivered,Net Banking
O000006,C0306,2025-10-12,P009,3,0,5397.0,Delivered,UPI
O000007,C0122,2025-08-15,P006,4,15,30596.6,Delivered,UPI
O000008,C0128,2026-01-16,P007,2,10,2518.2,Delivered,Card
O000009,C0113,2026-04-05,P002,1,0,1299.0,Delivered,Card
O000010,C0427,2025-01-07,P009,4,5,6836.2,Shipped,COD
O000011,C0273,2025-01-29,P012,4,20,1916.8,Delivered,Card
O000012,C0336,2025-02-02,P001,2,15,4248.3,Delivered,Net Banking
O000013,C0442,2025-03-20,P001,1,10,2249.1,Delivered,COD
O000014,C0130,2026-04-04,P003,3,0,2997.0,Delivered,UPI
O000015,C0132,2026-07-24,P012,4,5,2276.2,Delivered,Card
O000016,C0085,2026-06-22,P006,2,5,17098.1,Delivered,Card
O000017,C0423,2026-04-27,P005,3,0,10497.0,Delivered,Net Banking
O000018,C0482,2026-03-06,P002,4,10,4676.4,Delivered,UPI
O000019,C0350,2025-10-12,P009,1,15,1529.15,Delivered,UPI
O000020,C0390,2026-05-31,P010,4,10,8276.4,Delivered,UPI
O000021,C0081,2025-04-09,P004,3,0,4797.0,Delivered,Card
O000022,C0487,2026-02-01,P004,3,10,4317.3,Delivered,UPI
O000023,C0473,2026-05-04,P005,1,20,2799.2,Cancelled,Card
O000024,C0325,2025-02-08,P008,1,10,1799.1,Delivered,COD
O000025,C0069,2025-09-28,P010,2,10,4138.2,Delivered,Card
O000026,C0148,2025-06-06,P004,1,20,1279.2,Delivered,Card
O000027,C0448,2025-03-16,P005,2,15,5948.3,Delivered,COD
O000028,C0016,2025-05-10,P012,3,0,1797.0,Delivered,Card
O000029,C0307,2025-03-25,P004,3,5,4557.15,Delivered,UPI
O000030,C0105,2025-01-22,P006,4,20,28796.8,Delivered,UPI
O000031,C0165,2026-04-04,P012,4,5,2276.2,Delivered,Card
O000032,C0488,2026-06-23,P003,2,0,1998.0,Delivered,UPI
O000033,C0201,2026-01-17,P008,1,5,1899.05,Delivered,Card
O000034,C0197,2026-03-16,P006,1,10,8099.1,Shipped,Net Banking
O000035,C0426,2025-01-21,P010,4,20,7356.8,Delivered,Card
O000036,C0185,2025-10-30,P005,3,5,9972.15,Delivered,UPI
O000037,C0322,2025-03-25,P002,2,10,2338.2,Delivered,UPI
O000038,C0265,2026-03-29,P010,3,15,5862.45,Shipped,Net Banking
O000039,C0363,2026-01-22,P010,3,5,6552.15,Delivered,COD
O000040,C0100,2026-05-22,P007,1,0,1399.0,Delivered,Card
O000041,C0342,2025-09-14,P002,2,20,2078.4,Delivered,UPI
O000042,C0320,2026-07-24,P001,3,5,7122.15,Delivered,Card
O000043,C0214,2026-06-11,P007,4,10,5036.4,Shipped,UPI
O000044,C0278,2025-06-11,P005,4,10,12596.4,Shipped,UPI
O000045,C0162,2025-06-12,P001,1,0,2499.0,Delivered,UPI
O000046,C0439,2026-06-08,P004,4,20,5116.8,Delivered,Card
O000047,C0157,2025-09-28,P012,4,5,2276.2,Delivered,UPI
O000048,C0422,2026-05-07,P004,3,5,4557.15,Delivered,UPI
O000049,C0251,2025-07-27,P010,4,0,9196.0,Delivered,UPI
O000050,C0366,2026-06-23,P007,4,5,5316.2,Delivered,Card
O000051,C0097,2026-08-07,P009,3,15,4587.45,Delivered,Card
O000052,C0018,2025-03-01,P002,1,15,1104.15,Shipped,UPI
O000053,C0327,2026-03-06,P012,1,20,479.2,Delivered,Net Banking
O000054,C0449,2025-11-05,P001,2,5,4748.1,Returned,UPI
O000055,C0383,2026-06-04,P002,4,10,4676.4,Shipped,UPI
O000056,C0097,2025-01-27,P007,3,10,3777.3,Delivered,UPI
O000057,C0001,2026-07-16,P010,2,15,3908.3,Delivered,Card
O000058,C0216,2025-07-18,P006,1,10,8099.1,Cancelled,UPI
O000059,C0132,2026-01-22,P004,1,5,1519.05,Shipped,UPI
O000060,C0260,2025-12-15,P001,3,5,7122.15,Delivered,Card
O000061,C0125,2026-06-20,P001,2,5,4748.1,Delivered,Card
O000062,C0082,2026-01-13,P005,2,10,6298.2,Delivered,COD
O000063,C0283,2026-07-12,P001,3,20,5997.6,Returned,COD
O000064,C0171,2026-06-11,P012,3,0,1797.0,Shipped,Net Banking
O000065,C0059,2025-06-02,P007,2,0,2798.0,Cancelled,UPI
O000066,C0032,2025-07-25,P011,1,0,799.0,Shipped,UPI
O000067,C0161,2026-03-31,P001,4,15,8496.6,Delivered,Net Banking
O000068,C0284,2025-09-30,P001,1,5,2374.05,Delivered,Card
O000069,C0106,2025-08-24,P002,3,0,3897.0,Delivered,Card
O000070,C0105,2026-06-05,P011,2,5,1518.1,Delivered,UPI
O000071,C0439,2026-05-16,P012,2,10,1078.2,Delivered,UPI
O000072,C0228,2025-04-27,P010,4,10,8276.4,Cancelled,UPI
O000073,C0188,2026-01-21,P003,2,10,1798.2,Returned,Card
O000074,C0070,2025-12-10,P011,4,5,3036.2,Delivered,UPI
O000075,C0318,2026-08-07,P001,1,5,2374.05,Delivered,Card
O000076,C0464,2026-01-30,P009,1,0,1799.0,Delivered,Card
O000077,C0290,2025-03-05,P010,2,0,4598.0,Delivered,UPI
O000078,C0087,2025-03-13,P008,2,5,3798.1,Delivered,UPI
O000079,C0370,2025-10-01,P005,3,5,9972.15,Delivered,UPI
O000080,C0362,2025-11-16,P011,3,10,2157.3,Cancelled,UPI
O000081,C0472,2025-12-04,P002,2,0,2598.0,Delivered,UPI
O000082,C0056,2026-01-01,P005,2,0,6998.0,Delivered,UPI
O000083,C0113,2026-05-10,P006,1,15,7649.15,Delivered,Card
O000084,C0013,2025-06-15,P001,2,10,4498.2,Delivered,Card
O000085,C0440,2026-06-28,P011,3,10,2157.3,Delivered,UPI
O000086,C0018,2025-01-11,P004,1,15,1359.15,Delivered,Card
O000087,C0182,2025-10-28,P009,4,5,6836.2,Cancelled,COD
O000088,C0461,2025-04-12,P002,3,15,3312.45,Delivered,Card
O000089,C0113,2026-03-01,P005,3,10,9447.3,Delivered,UPI
O000090,C0229,2026-01-27,P001,1,0,2499.0,Delivered,Card
O000091,C0171,2025-08-02,P004,4,5,6076.2,Delivered,Card
O000092,C0295,2025-03-29,P004,3,5,4557.15,Delivered,Net Banking
O000093,C0189,2026-07-07,P006,2,5,17098.1,Shipped,Net Banking
O000094,C0426,2026-02-05,P010,3,5,6552.15,Delivered,UPI
O000095,C0465,2026-08-11,P009,1,5,1709.05,Delivered,Card
O000096,C0079,2025-02-15,P003,1,0,999.0,Delivered,COD
O000097,C0146,2026-04-08,P009,1,0,1799.0,Delivered,COD
O000098,C0407,2025-11-06,P006,3,0,26997.0,Cancelled,Card
O000099,C0182,2025-03-27,P007,4,0,5596.0,Delivered,UPI
O000100,C0499,2025-04-02,P012,2,5,1138.1,Delivered,UPI
O000101,C0286,2025-08-30,P010,1,10,2069.1,Delivered,Card
O000102,C0250,2025-01-02,P002,4,0,5196.0,Cancelled,Card
O000103,C0354,2025-08-13,P011,2,15,1358.3,Delivered,Net Banking
O000104,C0314,2026-08-12,P010,1,15,1954.15,Delivered,COD
O000105,C0196,2025-04-26,P006,2,10,16198.2,Delivered,UPI
O000106,C0323,2025-04-13,P006,2,10,16198.2,Shipped,Card
O000107,C0071,2025-07-13,P002,4,5,4936.2,Delivered,UPI
O000108,C0248,2025-06-15,P002,2,0,2598.0,Delivered,Card
O000109,C0146,2025-03-31,P002,1,20,1039.2,Cancelled,Card
O000110,C0106,2025-05-02,P010,4,0,9196.0,Delivered,UPI
O000111,C0263,2025-05-23,P012,3,20,1437.6,Delivered,UPI
O000112,C0296,2025-04-16,P001,3,10,6747.3,Delivered,UPI
O000113,C0070,2026-03-04,P005,4,5,13296.2,Delivered,UPI
O000114,C0470,2025-11-01,P008,3,5,5697.15,Delivered,COD
O000115,C0193,2025-11-13,P002,2,10,2338.2,Cancelled,UPI
O000116,C0068,2025-01-09,P005,1,0,3499.0,Delivered,UPI
O000117,C0494,2025-03-14,P012,2,5,1138.1,Delivered,UPI
O000118,C0305,2025-12-25,P008,4,10,7196.4,Shipped,COD
O000119,C0052,2025-08-11,P010,1,10,2069.1,Returned,UPI
O000120,C0370,2026-02-20,P005,4,0,13996.0,Delivered,UPI
O000121,C0363,2026-07-07,P002,4,5,4936.2,Delivered,Card
O000122,C0285,2026-01-05,P003,4,15,3396.6,Delivered,UPI
O000123,C0405,2025-09-21,P006,2,10,16198.2,Delivered,UPI
O000124,C0474,2025-11-14,P011,1,10,719.1,Delivered,Card
O000125,C0334,2025-03-25,P011,1,20,639.2,Delivered,UPI
O000126,C0009,2025-11-14,P005,1,5,3324.05,Delivered,COD
O000127,C0251,2025-04-21,P011,2,5,1518.1,Delivered,Card
O000128,C0431,2025-09-08,P004,3,15,4077.45,Delivered,Card
O000129,C0332,2026-01-18,P004,2,15,2718.3,Delivered,UPI
O000130,C0298,2025-01-07,P005,2,5,6648.1,Delivered,COD
O000131,C0435,2026-04-04,P002,4,0,5196.0,Delivered,Card
O000132,C0184,2025-03-25,P009,1,10,1619.1,Delivered,UPI
O000133,C0179,2025-07-27,P002,1,5,1234.05,Delivered,UPI
O000134,C0198,2026-01-25,P010,3,20,5517.6,Delivered,Card
O000135,C0128,2025-11-10,P002,3,0,3897.0,Shipped,COD
O000136,C0020,2025-01-22,P010,4,5,8736.2,Delivered,Net Banking
O000137,C0472,2026-02-14,P009,1,0,1799.0,Delivered,Card
O000138,C0411,2026-05-30,P003,3,10,2697.3,Delivered,Card
O000139,C0422,2025-05-07,P010,3,15,5862.45,Delivered,UPI
O000140,C0328,2025-01-14,P007,1,10,1259.1,Delivered,Card
O000141,C0065,2025-01-12,P004,2,20,2558.4,Delivered,Net Banking
O000142,C0182,2025-03-28,P006,3,0,26997.0,Delivered,Card
O000143,C0241,2026-06-08,P004,1,0,1599.0,Delivered,UPI
O000144,C0369,2026-06-21,P010,3,15,5862.45,Returned,UPI
O000145,C0024,2025-10-28,P007,4,15,4756.6,Delivered,UPI
O000146,C0384,2025-08-31,P001,3,15,6372.45,Delivered,Card
O000147,C0431,2025-05-02,P003,1,15,849.15,Delivered,Net Banking
O000148,C0455,2025-05-27,P003,3,5,2847.15,Returned,UPI
O000149,C0083,2026-07-21,P001,4,0,9996.0,Returned,UPI
O000150,C0470,2025-12-22,P006,4,20,28796.8,Delivered,Card
O000151,C0319,2025-11-05,P011,3,5,2277.15,Delivered,COD
O000152,C0185,2025-10-15,P009,3,5,5127.15,Delivered,UPI
O000153,C0439,2025-11-03,P008,4,10,7196.4,Delivered,UPI
O000154,C0316,2026-07-03,P011,4,5,3036.2,Delivered,UPI
O000155,C0099,2025-12-18,P007,2,15,2378.3,Delivered,Card
O000156,C0062,2025-11-08,P010,2,0,4598.0,Cancelled,COD
O000157,C0286,2025-02-28,P008,4,15,6796.6,Delivered,UPI
O000158,C0477,2025-02-04,P006,3,10,24297.3,Shipped,Card
O000159,C0022,2026-03-21,P009,1,10,1619.1,Delivered,Card
O000160,C0459,2025-04-03,P003,3,5,2847.15,Delivered,Card
O000161,C0212,2025-07-26,P010,3,5,6552.15,Delivered,UPI
O000162,C0126,2025-12-19,P010,2,5,4368.1,Delivered,Net Banking
O000163,C0413,2025-11-28,P009,2,5,3418.1,Delivered,Card
O000164,C0499,2025-06-08,P004,2,10,2878.2,Delivered,Card
O000165,C0425,2025-01-24,P007,4,5,5316.2,Shipped,Card
O000166,C0042,2026-02-08,P009,4,0,7196.0,Delivered,Net Banking
O000167,C0098,2026-05-31,P002,3,0,3897.0,Delivered,Card
O000168,C0449,2025-12-30,P002,3,10,3507.3,Delivered,Card
O000169,C0031,2026-01-17,P009,1,0,1799.0,Shipped,UPI
O000170,C0158,2026-06-16,P012,3,15,1527.45,Delivered,UPI
O000171,C0112,2025-06-01,P003,3,10,2697.3,Delivered,UPI
O000172,C0402,2026-07-16,P009,2,15,3058.3,Delivered,Net Banking
O000173,C0247,2026-02-24,P005,2,15,5948.3,Delivered,COD
O000174,C0122,2025-09-07,P006,2,0,17998.0,Shipped,UPI
O000175,C0273,2025-04-27,P002,2,15,2208.3,Delivered,UPI
O000176,C0294,2026-05-27,P008,2,10,3598.2,Delivered,UPI
O000177,C0398,2026-08-01,P011,1,15,679.15,Delivered,COD
O000178,C0471,2025-12-01,P009,1,15,1529.15,Delivered,UPI
O000179,C0473,2026-02-22,P002,1,0,1299.0,Delivered,Card
O000180,C0207,2025-10-22,P006,2,5,17098.1,Delivered,COD
O000181,C0110,2026-01-06,P006,4,10,32396.4,Delivered,UPI
O000182,C0440,2025-07-05,P008,2,10,3598.2,Delivered,COD
O000183,C0278,2025-09-03,P010,2,5,4368.1,Delivered,Card
O000184,C0451,2025-09-25,P012,1,5,569.05,Delivered,Card
O000185,C0056,2025-08-25,P005,2,5,6648.1,Delivered,Card
O000186,C0375,2026-06-14,P009,1,10,1619.1,Delivered,UPI
O000187,C0403,2026-07-06,P001,2,20,3998.4,Shipped,Net Banking
O000188,C0057,2025-01-21,P009,3,15,4587.45,Delivered,Card
O000189,C0428,2026-06-04,P010,4,5,8736.2,Delivered,UPI
O000190,C0482,2025-04-10,P007,4,0,5596.0,Delivered,UPI
O000191,C0291,2026-04-23,P004,1,0,1599.0,Returned,UPI
O000192,C0114,2025-10-25,P003,3,5,2847.15,Shipped,Card
O000193,C0381,2026-06-10,P010,4,15,7816.6,Delivered,UPI
O000194,C0385,2025-11-30,P011,1,5,759.05,Delivered,COD
O000195,C0308,2025-01-02,P006,2,10,16198.2,Delivered,UPI
O000196,C0341,2026-01-10,P012,2,15,1018.3,Delivered,UPI
O000197,C0477,2025-10-20,P001,3,20,5997.6,Delivered,COD
O000198,C0198,2026-07-07,P003,4,0,3996.0,Delivered,Card
O000199,C0421,2025-11-14,P002,2,0,2598.0,Shipped,COD
O000200,C0321,2026-05-17,P011,1,5,759.05,Delivered,Card
O000201,C0179,2026-01-16,P009,2,10,3238.2,Delivered,UPI
O000202,C0385,2025-01-14,P003,2,20,1598.4,Delivered,Card
O000203,C0219,2026-05-19,P002,4,0,5196.0,Delivered,UPI
O000204,C0277,2025-08-19,P004,4,0,6396.0,Cancelled,UPI
O000205,C0437,2025-03-25,P002,1,15,1104.15,Delivered,UPI
O000206,C0016,2025-05-10,P001,3,10,6747.3,Delivered,Card
O000207,C0492,2025-05-25,P006,3,20,21597.6,Delivered,UPI
O000208,C0379,2025-01-28,P010,2,5,4368.1,Delivered,UPI
O000209,C0061,2025-03-07,P008,1,5,1899.05,Delivered,UPI
O000210,C0054,2025-06-12,P010,3,0,6897.0,Returned,UPI
O000211,C0168,2025-08-17,P010,3,0,6897.0,Delivered,UPI
O000212,C0026,2025-09-18,P002,2,10,2338.2,Delivered,UPI
O000213,C0336,2026-03-25,P009,1,5,1709.05,Shipped,UPI
O000214,C0476,2026-02-28,P003,3,0,2997.0,Delivered,UPI
O000215,C0065,2026-04-05,P008,4,15,6796.6,Delivered,UPI
O000216,C0100,2025-10-28,P012,4,0,2396.0,Delivered,COD
O000217,C0074,2025-10-30,P008,2,10,3598.2,Delivered,Card
O000218,C0192,2025-10-14,P003,2,5,1898.1,Returned,Card
O000219,C0171,2026-01-30,P003,2,15,1698.3,Delivered,COD
O000220,C0273,2025-01-10,P012,2,0,1198.0,Delivered,UPI
O000221,C0377,2025-09-27,P006,3,15,22947.45,Delivered,UPI
O000222,C0187,2025-12-27,P001,1,0,2499.0,Delivered,COD
O000223,C0023,2025-09-14,P004,2,5,3038.1,Delivered,Card
O000224,C0391,2025-05-13,P001,2,10,4498.2,Delivered,Net Banking
O000225,C0428,2025-10-03,P003,3,0,2997.0,Shipped,Net Banking
O000226,C0181,2026-05-28,P009,2,5,3418.1,Delivered,UPI
O000227,C0327,2025-11-09,P005,2,15,5948.3,Delivered,Net Banking
O000228,C0108,2026-07-30,P012,1,15,509.15,Delivered,Net Banking
O000229,C0335,2025-10-11,P005,4,0,13996.0,Delivered,UPI
O000230,C0162,2025-05-01,P011,2,0,1598.0,Delivered,Net Banking
O000231,C0302,2025-04-17,P004,3,0,4797.0,Delivered,UPI
O000232,C0493,2025-07-23,P003,1,0,999.0,Delivered,Card
O000233,C0452,2025-06-14,P005,3,20,8397.6,Delivered,UPI
O000234,C0206,2025-11-01,P011,1,10,719.1,Delivered,UPI
O000235,C0078,2026-05-12,P004,1,5,1519.05,Delivered,Card
O000236,C0016,2026-07-10,P008,2,20,3198.4,Delivered,UPI
O000237,C0327,2025-06-05,P004,2,10,2878.2,Cancelled,Card
O000238,C0096,2026-01-02,P011,2,10,1438.2,Delivered,Card
O000239,C0147,2025-09-08,P012,4,5,2276.2,Cancelled,UPI
O000240,C0002,2025-11-30,P008,4,5,7596.2,Delivered,UPI
O000241,C0010,2026-05-26,P006,3,10,24297.3,Cancelled,Card
O000242,C0434,2025-10-20,P012,2,0,1198.0,Delivered,COD
O000243,C0125,2025-01-20,P011,4,5,3036.2,Delivered,Card
O000244,C0081,2025-10-09,P005,2,0,6998.0,Cancelled,Card
O000245,C0485,2025-01-01,P004,4,0,6396.0,Delivered,Card
O000246,C0140,2025-04-29,P004,4,10,5756.4,Delivered,UPI
O000247,C0326,2025-02-04,P012,1,10,539.1,Shipped,Card
O000248,C0150,2025-07-17,P004,2,5,3038.1,Delivered,Net Banking
O000249,C0288,2026-04-30,P011,2,5,1518.1,Delivered,COD
O000250,C0361,2025-02-28,P009,4,10,6476.4,Delivered,Card
O000251,C0340,2025-06-10,P004,2,0,3198.0,Delivered,Card
O000252,C0129,2025-07-25,P012,4,10,2156.4,Delivered,Card
O000253,C0438,2025-01-12,P009,2,15,3058.3,Cancelled,Card
O000254,C0239,2026-05-05,P010,1,0,2299.0,Delivered,Card
O000255,C0058,2025-10-03,P006,2,15,15298.3,Delivered,Card
O000256,C0198,2025-08-30,P010,1,15,1954.15,Delivered,UPI
O000257,C0211,2025-08-04,P007,3,0,4197.0,Shipped,UPI
O000258,C0402,2025-09-08,P012,2,0,1198.0,Delivered,COD
O000259,C0390,2025-05-06,P010,2,20,3678.4,Shipped,UPI
O000260,C0045,2025-08-05,P003,2,0,1998.0,Delivered,Net Banking
O000261,C0097,2025-11-02,P008,1,15,1699.15,Delivered,UPI
O000262,C0279,2025-07-04,P003,2,10,1798.2,Delivered,UPI
O000263,C0023,2025-02-08,P001,2,5,4748.1,Delivered,Card
O000264,C0410,2025-08-11,P010,4,0,9196.0,Delivered,COD
O000265,C0461,2025-07-03,P012,3,5,1707.15,Delivered,Card
O000266,C0391,2026-05-10,P005,1,5,3324.05,Delivered,UPI
O000267,C0335,2026-03-03,P002,4,10,4676.4,Delivered,UPI
O000268,C0044,2025-06-27,P010,1,20,1839.2,Delivered,Card
O000269,C0027,2026-03-04,P006,4,15,30596.6,Delivered,UPI
O000270,C0282,2025-10-21,P010,3,5,6552.15,Delivered,Card
O000271,C0097,2025-05-31,P009,4,15,6116.6,Delivered,Card
O000272,C0463,2026-01-19,P001,1,15,2124.15,Delivered,Card
O000273,C0036,2025-11-04,P004,2,20,2558.4,Cancelled,UPI
O000274,C0109,2025-12-02,P001,2,5,4748.1,Delivered,UPI
O000275,C0055,2026-01-10,P001,3,15,6372.45,Delivered,UPI
O000276,C0192,2025-01-08,P008,1,10,1799.1,Delivered,UPI
O000277,C0219,2025-12-07,P011,1,5,759.05,Delivered,Card
O000278,C0185,2025-05-09,P002,1,20,1039.2,Delivered,COD
O000279,C0069,2025-12-18,P001,3,0,7497.0,Delivered,UPI
O000280,C0317,2025-12-24,P011,2,0,1598.0,Delivered,UPI
O000281,C0130,2026-06-01,P008,4,15,6796.6,Shipped,UPI
O000282,C0055,2026-05-10,P004,3,0,4797.0,Delivered,COD
O000283,C0378,2025-03-27,P003,4,15,3396.6,Delivered,UPI
O000284,C0097,2025-06-24,P012,2,10,1078.2,Delivered,Net Banking
O000285,C0336,2025-07-12,P004,3,0,4797.0,Delivered,UPI
O000286,C0087,2025-11-07,P011,2,5,1518.1,Delivered,UPI
O000287,C0294,2025-04-29,P005,4,15,11896.6,Delivered,UPI
O000288,C0119,2025-08-06,P001,1,10,2249.1,Returned,Card
O000289,C0208,2026-03-03,P011,1,20,639.2,Delivered,Card
O000290,C0334,2026-02-18,P001,4,15,8496.6,Returned,Card
O000291,C0413,2025-04-24,P003,1,5,949.05,Delivered,UPI
O000292,C0154,2025-05-25,P006,4,0,35996.0,Delivered,UPI
O000293,C0035,2026-06-22,P001,3,20,5997.6,Shipped,UPI
O000294,C0079,2025-10-30,P011,3,10,2157.3,Delivered,Card
O000295,C0067,2026-08-11,P012,3,0,1797.0,Delivered,UPI
O000296,C0343,2025-12-11,P002,1,15,1104.15,Shipped,Card
O000297,C0413,2025-01-01,P012,2,15,1018.3,Delivered,UPI
O000298,C0034,2025-05-27,P007,1,10,1259.1,Delivered,UPI
O000299,C0097,2025-10-14,P001,1,5,2374.05,Shipped,Card
O000300,C0169,2025-02-22,P007,2,10,2518.2,Delivered,UPI
O000301,C0169,2025-10-31,P004,2,10,2878.2,Delivered,Card
O000302,C0151,2025-03-10,P010,2,15,3908.3,Delivered,UPI
O000303,C0071,2025-12-27,P006,2,20,14398.4,Delivered,UPI
O000304,C0003,2025-08-08,P008,1,10,1799.1,Delivered,COD
O000305,C0314,2026-07-29,P009,4,15,6116.6,Delivered,UPI
O000306,C0032,2026-08-08,P006,3,20,21597.6,Delivered,Card
O000307,C0287,2025-06-10,P012,4,0,2396.0,Delivered,COD
O000308,C0082,2025-03-30,P011,1,0,799.0,Cancelled,UPI
O000309,C0043,2026-08-08,P009,2,15,3058.3,Delivered,COD
O000310,C0391,2026-08-12,P004,3,0,4797.0,Delivered,UPI
O000311,C0105,2025-06-08,P006,3,0,26997.0,Delivered,Card
O000312,C0001,2026-05-04,P008,4,0,7996.0,Delivered,Card
O000313,C0061,2025-11-20,P009,1,5,1709.05,Cancelled,COD
O000314,C0270,2026-01-16,P003,1,0,999.0,Delivered,Card
O000315,C0180,2025-04-12,P002,1,5,1234.05,Delivered,Card
O000316,C0224,2026-05-09,P006,3,20,21597.6,Delivered,Card
O000317,C0006,2025-01-19,P004,4,10,5756.4,Delivered,UPI
O000318,C0103,2026-03-30,P001,3,10,6747.3,Delivered,Card
O000319,C0010,2026-04-27,P008,3,0,5997.0,Delivered,UPI
O000320,C0071,2026-02-01,P009,2,10,3238.2,Delivered,Card
O000321,C0090,2025-10-06,P009,4,10,6476.4,Shipped,Card
O000322,C0226,2025-12-31,P002,2,10,2338.2,Delivered,COD
O000323,C0158,2025-11-27,P009,1,0,1799.0,Delivered,Card
O000324,C0228,2025-12-10,P007,3,5,3987.15,Shipped,COD
O000325,C0405,2026-03-31,P005,4,15,11896.6,Delivered,UPI
O000326,C0126,2025-03-06,P007,1,10,1259.1,Delivered,UPI
O000327,C0444,2025-03-17,P009,4,10,6476.4,Cancelled,Card
O000328,C0209,2025-05-23,P008,3,10,5397.3,Delivered,Card
O000329,C0097,2026-04-18,P006,4,5,34196.2,Delivered,Card
O000330,C0074,2026-02-21,P004,1,15,1359.15,Delivered,COD
O000331,C0115,2025-11-01,P001,2,0,4998.0,Shipped,UPI
O000332,C0191,2026-05-12,P006,3,10,24297.3,Delivered,Card
O000333,C0495,2025-10-18,P003,2,20,1598.4,Delivered,UPI
O000334,C0170,2025-04-12,P006,3,15,22947.45,Delivered,UPI
O000335,C0307,2025-09-24,P006,1,5,8549.05,Delivered,UPI
O000336,C0448,2025-01-03,P004,3,5,4557.15,Shipped,COD
O000337,C0204,2025-03-26,P002,2,10,2338.2,Delivered,Card
O000338,C0056,2025-11-24,P009,3,15,4587.45,Delivered,UPI
O000339,C0208,2026-03-26,P002,1,10,1169.1,Delivered,Card
O000340,C0041,2026-03-30,P003,3,10,2697.3,Delivered,UPI
O000341,C0032,2025-08-09,P010,2,0,4598.0,Returned,COD
O000342,C0015,2025-06-03,P001,1,10,2249.1,Delivered,Card
O000343,C0062,2025-01-12,P007,2,10,2518.2,Delivered,UPI
O000344,C0155,2025-05-13,P001,3,20,5997.6,Delivered,Net Banking
O000345,C0284,2025-10-31,P011,4,5,3036.2,Delivered,UPI
O000346,C0209,2025-10-20,P009,2,15,3058.3,Delivered,Card
O000347,C0320,2025-10-27,P011,3,5,2277.15,Delivered,Card
O000348,C0494,2025-02-12,P011,4,10,2876.4,Shipped,UPI
O000349,C0187,2025-12-09,P001,4,15,8496.6,Delivered,Card
O000350,C0498,2025-11-22,P005,1,0,3499.0,Delivered,UPI
O000351,C0442,2026-05-13,P007,4,5,5316.2,Delivered,COD
O000352,C0130,2025-12-30,P003,2,15,1698.3,Cancelled,UPI
O000353,C0127,2026-03-03,P009,2,10,3238.2,Delivered,UPI
O000354,C0292,2025-01-21,P008,4,0,7996.0,Delivered,Card
O000355,C0114,2026-02-11,P003,3,5,2847.15,Delivered,UPI
O000356,C0199,2025-12-02,P005,2,10,6298.2,Delivered,Card
O000357,C0013,2025-04-27,P007,2,20,2238.4,Shipped,COD
O000358,C0271,2025-05-04,P012,1,0,599.0,Delivered,Card
O000359,C0089,2026-02-03,P004,3,15,4077.45,Shipped,UPI
O000360,C0215,2025-02-20,P005,4,0,13996.0,Shipped,Card
O000361,C0444,2025-11-20,P003,3,0,2997.0,Delivered,Net Banking
O000362,C0278,2025-05-21,P009,1,0,1799.0,Delivered,UPI
O000363,C0447,2026-04-15,P010,1,15,1954.15,Delivered,Card
O000364,C0474,2025-11-30,P009,3,0,5397.0,Delivered,UPI
O000365,C0481,2026-01-08,P007,1,15,1189.15,Shipped,COD
O000366,C0203,2026-07-18,P010,1,5,2184.05,Delivered,Card
O000367,C0074,2026-05-09,P002,1,20,1039.2,Delivered,COD
O000368,C0025,2026-06-23,P007,3,15,3567.45,Delivered,Net Banking
O000369,C0101,2025-06-05,P007,1,10,1259.1,Shipped,UPI
O000370,C0176,2025-10-18,P011,4,15,2716.6,Delivered,UPI
O000371,C0427,2025-05-24,P005,4,10,12596.4,Delivered,UPI
O000372,C0117,2025-04-16,P009,2,15,3058.3,Delivered,UPI
O000373,C0166,2026-02-24,P012,4,5,2276.2,Delivered,Card
O000374,C0041,2025-01-02,P011,2,0,1598.0,Delivered,COD
O000375,C0429,2026-08-12,P003,3,10,2697.3,Delivered,UPI
O000376,C0344,2025-03-31,P004,1,5,1519.05,Delivered,Card
O000377,C0424,2025-12-11,P001,4,5,9496.2,Delivered,COD
O000378,C0366,2025-12-16,P006,2,10,16198.2,Delivered,UPI
O000379,C0120,2026-04-04,P004,3,5,4557.15,Delivered,UPI
O000380,C0097,2025-09-20,P001,2,10,4498.2,Delivered,Card
O000381,C0145,2025-12-17,P002,1,0,1299.0,Delivered,Card
O000382,C0216,2025-04-18,P003,4,20,3196.8,Delivered,Net Banking
O000383,C0229,2026-08-09,P009,3,20,4317.6,Delivered,UPI
O000384,C0313,2025-02-08,P008,2,20,3198.4,Delivered,COD
O000385,C0130,2025-06-08,P007,3,5,3987.15,Delivered,Card
O000386,C0352,2026-08-06,P011,2,10,1438.2,Delivered,UPI
O000387,C0377,2025-11-08,P012,2,20,958.4,Delivered,UPI
O000388,C0318,2025-08-29,P004,1,20,1279.2,Delivered,UPI
O000389,C0472,2026-03-21,P001,1,15,2124.15,Delivered,UPI
O000390,C0137,2025-10-25,P008,2,5,3798.1,Delivered,UPI
O000391,C0324,2025-02-05,P004,4,10,5756.4,Delivered,Card
O000392,C0337,2025-03-25,P003,3,15,2547.45,Returned,Card
O000393,C0273,2026-03-28,P009,3,5,5127.15,Delivered,Card
O000394,C0117,2026-01-20,P010,1,10,2069.1,Cancelled,UPI
O000395,C0306,2025-06-21,P004,4,15,5436.6,Delivered,Card
O000396,C0368,2026-01-11,P004,2,10,2878.2,Delivered,UPI
O000397,C0094,2025-12-28,P009,1,5,1709.05,Shipped,COD
O000398,C0168,2026-07-13,P012,2,10,1078.2,Delivered,COD
O000399,C0442,2025-05-21,P011,2,20,1278.4,Delivered,COD
O000400,C0203,2025-04-28,P012,1,10,539.1,Returned,Card
O000401,C0341,2025-10-04,P002,4,15,4416.6,Delivered,UPI
O000402,C0149,2025-08-08,P012,3,10,1617.3,Delivered,UPI
O000403,C0402,2025-01-26,P005,1,10,3149.1,Delivered,COD
O000404,C0183,2026-06-05,P004,4,10,5756.4,Cancelled,Card
O000405,C0413,2025-01-10,P009,2,5,3418.1,Shipped,Card
O000406,C0152,2026-01-13,P012,1,5,569.05,Delivered,COD
O000407,C0074,2026-08-07,P005,3,5,9972.15,Delivered,Card
O000408,C0365,2025-06-01,P009,3,0,5397.0,Shipped,UPI
O000409,C0401,2025-02-18,P011,2,0,1598.0,Delivered,UPI
O000410,C0274,2025-06-03,P009,1,0,1799.0,Delivered,UPI
O000411,C0042,2025-10-20,P002,3,15,3312.45,Delivered,Card
O000412,C0496,2026-08-03,P009,1,5,1709.05,Delivered,Card
O000413,C0212,2025-02-19,P003,3,0,2997.0,Delivered,Net Banking
O000414,C0101,2026-06-15,P004,2,0,3198.0,Shipped,Card
O000415,C0045,2025-03-01,P001,2,10,4498.2,Shipped,UPI
O000416,C0082,2025-06-16,P001,1,0,2499.0,Delivered,UPI
O000417,C0017,2025-07-21,P001,4,5,9496.2,Delivered,Card
O000418,C0073,2025-05-26,P009,4,0,7196.0,Delivered,Net Banking
O000419,C0014,2026-03-15,P011,2,15,1358.3,Delivered,UPI
O000420,C0433,2025-08-30,P008,3,20,4797.6,Delivered,COD
O000421,C0157,2026-08-04,P005,4,20,11196.8,Delivered,UPI
O000422,C0223,2026-07-15,P005,2,5,6648.1,Delivered,UPI
O000423,C0132,2026-04-28,P009,3,10,4857.3,Delivered,COD
O000424,C0338,2025-04-18,P003,3,10,2697.3,Delivered,UPI
O000425,C0404,2025-08-14,P003,4,5,3796.2,Delivered,Card
O000426,C0376,2026-03-08,P007,2,5,2658.1,Delivered,UPI
O000427,C0376,2026-02-23,P009,3,0,5397.0,Delivered,COD
O000428,C0047,2026-03-31,P006,3,15,22947.45,Delivered,COD
O000429,C0107,2025-06-09,P002,1,0,1299.0,Delivered,COD
O000430,C0108,2026-06-07,P001,1,5,2374.05,Delivered,UPI
O000431,C0265,2026-08-13,P002,4,5,4936.2,Delivered,UPI
O000432,C0205,2025-03-18,P001,1,10,2249.1,Delivered,Card
O000433,C0079,2026-05-24,P010,2,15,3908.3,Delivered,UPI
O000434,C0155,2026-03-17,P010,4,10,8276.4,Delivered,Card
O000435,C0271,2025-09-11,P009,4,10,6476.4,Returned,Card
O000436,C0476,2025-11-16,P010,1,10,2069.1,Delivered,UPI
O000437,C0485,2025-09-20,P012,3,0,1797.0,Delivered,Card
O000438,C0247,2026-07-08,P008,2,5,3798.1,Delivered,COD
O000439,C0019,2026-01-09,P007,2,20,2238.4,Delivered,Net Banking
O000440,C0346,2025-06-16,P003,2,20,1598.4,Delivered,UPI
O000441,C0436,2026-04-04,P008,4,10,7196.4,Delivered,UPI
O000442,C0026,2025-10-07,P002,2,0,2598.0,Delivered,UPI
O000443,C0217,2025-10-29,P002,3,0,3897.0,Delivered,UPI
O000444,C0154,2026-06-15,P011,3,5,2277.15,Cancelled,UPI
O000445,C0154,2026-08-03,P010,1,15,1954.15,Delivered,Net Banking
O000446,C0174,2025-08-06,P003,2,10,1798.2,Delivered,UPI
O000447,C0092,2025-04-12,P007,4,15,4756.6,Delivered,UPI
O000448,C0433,2026-07-08,P001,1,10,2249.1,Delivered,UPI
O000449,C0338,2025-10-15,P008,3,0,5997.0,Delivered,UPI
O000450,C0480,2025-06-16,P012,2,0,1198.0,Delivered,UPI
O000451,C0181,2025-02-05,P007,3,0,4197.0,Delivered,Card
O000452,C0131,2025-12-19,P004,1,10,1439.1,Delivered,Card
O000453,C0450,2025-03-14,P005,3,0,10497.0,Delivered,UPI
O000454,C0481,2025-12-19,P010,2,10,4138.2,Delivered,UPI
O000455,C0298,2025-03-11,P001,2,10,4498.2,Delivered,Card
O000456,C0275,2026-03-01,P004,1,5,1519.05,Delivered,UPI
O000457,C0273,2026-07-15,P001,2,0,4998.0,Delivered,UPI
O000458,C0492,2026-06-01,P001,3,0,7497.0,Delivered,Net Banking
O000459,C0417,2026-03-04,P010,3,10,6207.3,Delivered,UPI
O000460,C0076,2026-06-23,P001,4,5,9496.2,Delivered,Card
O000461,C0177,2025-06-09,P007,4,5,5316.2,Returned,COD
O000462,C0184,2025-05-29,P007,4,15,4756.6,Delivered,UPI
O000463,C0319,2025-08-18,P004,3,10,4317.3,Returned,COD
O000464,C0131,2026-07-16,P012,3,10,1617.3,Delivered,COD
O000465,C0363,2025-03-08,P002,1,10,1169.1,Delivered,UPI
O000466,C0049,2026-01-16,P012,4,15,2036.6,Delivered,COD
O000467,C0055,2025-02-27,P003,3,10,2697.3,Delivered,UPI
O000468,C0154,2025-09-16,P008,1,5,1899.05,Delivered,UPI
O000469,C0355,2025-12-08,P008,3,5,5697.15,Delivered,COD
O000470,C0200,2025-05-10,P011,1,15,679.15,Returned,COD
O000471,C0308,2025-06-21,P011,4,10,2876.4,Delivered,Card
O000472,C0356,2025-07-28,P006,4,10,32396.4,Delivered,UPI
O000473,C0373,2025-12-20,P010,4,15,7816.6,Delivered,Card
O000474,C0118,2026-04-16,P009,3,20,4317.6,Delivered,Card
O000475,C0263,2025-04-26,P011,3,5,2277.15,Delivered,UPI
O000476,C0046,2025-09-21,P012,1,0,599.0,Delivered,Net Banking
O000477,C0302,2026-03-18,P009,2,5,3418.1,Delivered,UPI
O000478,C0356,2026-07-02,P004,2,15,2718.3,Delivered,UPI
O000479,C0400,2026-03-29,P012,4,5,2276.2,Delivered,UPI
O000480,C0408,2026-04-22,P001,2,0,4998.0,Delivered,UPI
O000481,C0189,2025-10-14,P001,4,0,9996.0,Delivered,Card
O000482,C0310,2025-10-30,P012,1,5,569.05,Cancelled,UPI
O000483,C0318,2025-11-07,P010,2,0,4598.0,Cancelled,COD
O000484,C0129,2025-07-27,P005,2,0,6998.0,Delivered,UPI
O000485,C0049,2026-03-22,P002,4,10,4676.4,Delivered,Card
O000486,C0025,2025-02-24,P006,1,0,8999.0,Delivered,Card
O000487,C0266,2025-01-12,P007,2,0,2798.0,Delivered,UPI
O000488,C0118,2026-02-04,P001,2,15,4248.3,Delivered,Card
O000489,C0464,2026-05-30,P006,2,15,15298.3,Cancelled,COD
O000490,C0144,2026-06-26,P008,1,5,1899.05,Delivered,Card
O000491,C0442,2025-08-25,P012,1,0,599.0,Delivered,Card
O000492,C0200,2025-10-06,P005,2,10,6298.2,Delivered,COD
O000493,C0157,2025-12-14,P012,4,5,2276.2,Returned,Net Banking
O000494,C0487,2025-04-14,P007,4,0,5596.0,Cancelled,UPI
O000495,C0348,2026-06-01,P010,2,0,4598.0,Delivered,Card
O000496,C0134,2025-09-05,P006,1,0,8999.0,Delivered,UPI
O000497,C0400,2025-12-30,P004,2,10,2878.2,Delivered,UPI
O000498,C0148,2025-11-17,P007,1,15,1189.15,Delivered,UPI
O000499,C0336,2025-10-13,P010,2,15,3908.3,Delivered,Net Banking
O000500,C0071,2025-05-29,P009,1,10,1619.1,Delivered,Card
O000501,C0233,2025-03-25,P010,3,5,6552.15,Delivered,UPI
O000502,C0334,2026-02-10,P010,4,10,8276.4,Delivered,UPI
O000503,C0299,2026-04-01,P007,3,5,3987.15,Delivered,Net Banking
O000504,C0154,2025-06-10,P012,4,0,2396.0,Delivered,UPI
O000505,C0090,2026-04-05,P005,1,10,3149.1,Delivered,UPI
O000506,C0334,2026-07-04,P007,3,15,3567.45,Delivered,COD
O000507,C0199,2026-05-15,P003,4,5,3796.2,Delivered,Card
O000508,C0161,2026-05-24,P002,2,15,2208.3,Delivered,UPI
O000509,C0026,2026-04-26,P011,1,5,759.05,Cancelled,Card
O000510,C0121,2025-04-24,P005,1,5,3324.05,Delivered,Net Banking
O000511,C0301,2026-08-01,P004,2,0,3198.0,Delivered,COD
O000512,C0212,2025-12-27,P005,2,10,6298.2,Delivered,UPI
O000513,C0063,2025-12-07,P008,4,15,6796.6,Delivered,UPI
O000514,C0451,2026-03-25,P012,1,10,539.1,Shipped,UPI
O000515,C0436,2025-06-29,P004,4,0,6396.0,Delivered,Card
O000516,C0068,2026-02-11,P009,2,0,3598.0,Delivered,COD
O000517,C0253,2025-07-15,P007,1,10,1259.1,Cancelled,UPI
O000518,C0410,2026-04-11,P010,2,5,4368.1,Delivered,COD
O000519,C0459,2025-11-07,P012,4,5,2276.2,Delivered,Card
O000520,C0002,2025-09-19,P007,4,20,4476.8,Delivered,Card
O000521,C0398,2026-02-23,P008,4,10,7196.4,Delivered,Net Banking
O000522,C0108,2026-02-10,P012,1,5,569.05,Delivered,Card
O000523,C0286,2025-05-23,P006,2,0,17998.0,Delivered,UPI
O000524,C0049,2025-12-08,P008,2,0,3998.0,Delivered,Card
O000525,C0140,2025-11-12,P003,4,10,3596.4,Delivered,COD
O000526,C0218,2025-04-11,P010,4,15,7816.6,Delivered,UPI
O000527,C0044,2025-09-01,P010,4,10,8276.4,Shipped,COD
O000528,C0417,2026-05-05,P001,4,5,9496.2,Cancelled,UPI
O000529,C0269,2025-01-12,P006,3,0,26997.0,Delivered,UPI
O000530,C0078,2025-08-27,P001,3,20,5997.6,Delivered,UPI
O000531,C0216,2026-07-15,P009,3,20,4317.6,Delivered,Net Banking
O000532,C0382,2025-02-11,P002,4,10,4676.4,Shipped,Card
O000533,C0098,2026-03-05,P011,4,0,3196.0,Delivered,UPI
O000534,C0236,2025-06-07,P002,2,10,2338.2,Returned,Net Banking
O000535,C0282,2025-08-04,P007,1,15,1189.15,Returned,COD
O000536,C0149,2026-04-07,P002,2,10,2338.2,Delivered,COD
O000537,C0412,2025-05-14,P010,3,10,6207.3,Delivered,UPI
O000538,C0304,2025-03-08,P008,2,0,3998.0,Delivered,UPI
O000539,C0484,2025-01-07,P006,4,0,35996.0,Delivered,Card
O000540,C0424,2026-06-10,P007,3,0,4197.0,Delivered,COD
O000541,C0066,2025-03-14,P007,3,20,3357.6,Delivered,Card
O000542,C0234,2026-02-03,P006,1,10,8099.1,Shipped,Card
O000543,C0457,2026-02-09,P010,1,15,1954.15,Delivered,COD
O000544,C0087,2026-08-01,P011,3,0,2397.0,Shipped,UPI
O000545,C0079,2025-05-10,P009,3,20,4317.6,Delivered,Card
O000546,C0205,2026-04-11,P009,2,15,3058.3,Delivered,UPI
O000547,C0279,2025-07-25,P007,3,0,4197.0,Delivered,UPI
O000548,C0337,2025-09-23,P009,4,15,6116.6,Delivered,UPI
O000549,C0254,2026-06-21,P010,2,5,4368.1,Delivered,COD
O000550,C0304,2025-09-10,P003,4,0,3996.0,Delivered,COD
O000551,C0380,2025-10-16,P003,4,5,3796.2,Shipped,UPI
O000552,C0130,2025-06-13,P001,4,20,7996.8,Delivered,UPI
O000553,C0084,2025-04-05,P005,3,20,8397.6,Delivered,UPI
O000554,C0276,2025-04-20,P004,1,5,1519.05,Shipped,Net Banking
O000555,C0187,2025-12-02,P002,1,10,1169.1,Delivered,Card
O000556,C0046,2025-08-26,P009,4,10,6476.4,Delivered,Net Banking
O000557,C0387,2026-01-16,P003,3,15,2547.45,Delivered,COD
O000558,C0183,2026-03-12,P008,2,5,3798.1,Delivered,UPI
O000559,C0268,2026-04-28,P006,4,10,32396.4,Delivered,UPI
O000560,C0296,2025-01-25,P005,2,10,6298.2,Delivered,Card
O000561,C0322,2025-04-27,P001,2,0,4998.0,Delivered,UPI
O000562,C0100,2026-04-27,P004,3,5,4557.15,Delivered,UPI
O000563,C0078,2026-01-27,P003,3,10,2697.3,Delivered,UPI
O000564,C0272,2026-06-21,P001,1,5,2374.05,Delivered,Card
O000565,C0339,2025-03-20,P012,1,20,479.2,Returned,Card
O000566,C0162,2026-08-03,P005,3,0,10497.0,Delivered,UPI
O000567,C0044,2025-06-22,P006,4,20,28796.8,Delivered,Card
O000568,C0238,2025-01-12,P002,1,0,1299.0,Shipped,UPI
O000569,C0134,2025-05-08,P003,2,0,1998.0,Delivered,COD
O000570,C0461,2025-04-02,P011,4,5,3036.2,Shipped,Card
O000571,C0192,2026-06-27,P006,2,15,15298.3,Returned,UPI
O000572,C0356,2026-06-16,P004,3,15,4077.45,Delivered,Card
O000573,C0278,2026-03-23,P009,2,0,3598.0,Delivered,Card
O000574,C0018,2026-01-25,P005,4,0,13996.0,Delivered,UPI
O000575,C0012,2025-02-12,P004,3,10,4317.3,Delivered,UPI
O000576,C0180,2025-09-11,P002,4,5,4936.2,Delivered,Net Banking
O000577,C0123,2025-05-10,P006,2,15,15298.3,Delivered,UPI
O000578,C0246,2025-03-01,P010,4,0,9196.0,Delivered,Card
O000579,C0222,2026-04-12,P002,3,10,3507.3,Delivered,COD
O000580,C0373,2025-10-14,P012,2,10,1078.2,Delivered,UPI
O000581,C0051,2026-06-01,P007,2,20,2238.4,Delivered,UPI
O000582,C0488,2026-04-12,P003,1,10,899.1,Delivered,COD
O000583,C0071,2025-12-11,P009,1,0,1799.0,Delivered,UPI
O000584,C0480,2026-01-17,P011,4,0,3196.0,Returned,Card
O000585,C0048,2025-09-10,P005,1,10,3149.1,Shipped,COD
O000586,C0019,2025-02-25,P008,1,10,1799.1,Delivered,COD
O000587,C0262,2026-04-08,P011,1,15,679.15,Cancelled,Net Banking
O000588,C0084,2026-04-02,P006,1,10,8099.1,Delivered,COD
O000589,C0155,2025-03-24,P012,3,10,1617.3,Delivered,Card
O000590,C0053,2025-04-09,P010,3,5,6552.15,Delivered,COD
O000591,C0107,2025-05-29,P008,1,5,1899.05,Delivered,COD
O000592,C0357,2025-11-25,P011,4,0,3196.0,Returned,Net Banking
O000593,C0304,2025-06-05,P012,3,0,1797.0,Delivered,COD
O000594,C0135,2025-07-09,P003,1,10,899.1,Shipped,UPI
O000595,C0443,2026-05-09,P003,3,0,2997.0,Delivered,Card
O000596,C0069,2025-09-20,P005,2,0,6998.0,Shipped,UPI
O000597,C0011,2025-03-21,P011,3,0,2397.0,Returned,UPI
O000598,C0143,2026-02-04,P010,3,0,6897.0,Delivered,UPI
O000599,C0192,2025-09-17,P003,4,0,3996.0,Delivered,Net Banking
O000600,C0387,2026-07-06,P008,3,10,5397.3,Delivered,UPI
O000601,C0378,2025-04-11,P010,4,5,8736.2,Cancelled,Card
O000602,C0069,2025-12-25,P012,2,10,1078.2,Delivered,Card
O000603,C0023,2026-01-15,P008,1,10,1799.1,Delivered,UPI
O000604,C0181,2025-08-09,P002,4,20,4156.8,Delivered,Card
O000605,C0293,2026-02-24,P012,3,0,1797.0,Delivered,Card
O000606,C0009,2025-05-04,P004,3,5,4557.15,Delivered,COD
O000607,C0271,2026-02-26,P010,4,0,9196.0,Delivered,UPI
O000608,C0387,2025-08-19,P001,2,5,4748.1,Shipped,UPI
O000609,C0093,2025-03-04,P004,1,20,1279.2,Delivered,Card
O000610,C0454,2026-04-30,P012,3,10,1617.3,Delivered,UPI
O000611,C0017,2026-07-28,P011,2,10,1438.2,Delivered,UPI
O000612,C0154,2026-04-28,P004,1,5,1519.05,Delivered,UPI
O000613,C0405,2026-06-03,P010,1,10,2069.1,Cancelled,Card
O000614,C0328,2025-06-04,P009,3,0,5397.0,Delivered,UPI
O000615,C0149,2025-04-02,P003,4,10,3596.4,Delivered,Card
O000616,C0377,2026-06-10,P002,3,10,3507.3,Delivered,Net Banking
O000617,C0267,2026-03-31,P009,3,5,5127.15,Shipped,COD
O000618,C0422,2026-05-25,P009,3,0,5397.0,Returned,UPI
O000619,C0328,2025-07-02,P001,2,15,4248.3,Delivered,Card
O000620,C0106,2026-01-21,P006,4,0,35996.0,Delivered,UPI
O000621,C0472,2026-07-28,P010,2,0,4598.0,Delivered,UPI
O000622,C0381,2026-02-09,P008,3,5,5697.15,Delivered,UPI
O000623,C0035,2025-09-03,P003,4,5,3796.2,Delivered,UPI
O000624,C0119,2026-04-16,P011,1,10,719.1,Cancelled,Card
O000625,C0014,2026-02-27,P009,4,10,6476.4,Shipped,Net Banking
O000626,C0014,2025-03-06,P002,3,15,3312.45,Shipped,Net Banking
O000627,C0266,2025-01-13,P006,4,5,34196.2,Delivered,UPI
O000628,C0140,2025-08-01,P001,1,10,2249.1,Delivered,Card
O000629,C0294,2025-08-30,P007,1,15,1189.15,Delivered,UPI
O000630,C0364,2026-05-08,P003,4,5,3796.2,Delivered,Card
O000631,C0119,2025-08-01,P007,1,5,1329.05,Delivered,UPI
O000632,C0238,2025-12-04,P004,2,15,2718.3,Delivered,Net Banking
O000633,C0034,2025-06-22,P009,4,0,7196.0,Delivered,COD
O000634,C0169,2025-06-13,P005,1,5,3324.05,Delivered,UPI
O000635,C0010,2026-04-10,P003,1,0,999.0,Delivered,COD
O000636,C0122,2026-05-12,P008,4,0,7996.0,Delivered,Card
O000637,C0401,2026-01-30,P006,2,0,17998.0,Delivered,Card
O000638,C0145,2025-11-04,P002,4,5,4936.2,Delivered,Card
O000639,C0451,2025-07-02,P003,1,10,899.1,Delivered,Card
O000640,C0446,2026-05-25,P008,4,5,7596.2,Delivered,COD
O000641,C0223,2026-06-30,P010,1,15,1954.15,Shipped,COD
O000642,C0371,2026-07-18,P007,3,5,3987.15,Delivered,Card
O000643,C0257,2025-08-15,P010,4,20,7356.8,Delivered,COD
O000644,C0268,2026-03-12,P006,4,20,28796.8,Delivered,Net Banking
O000645,C0359,2026-02-26,P001,1,15,2124.15,Delivered,UPI
O000646,C0004,2026-07-08,P009,1,20,1439.2,Delivered,UPI
O000647,C0426,2025-01-21,P003,1,10,899.1,Delivered,Card
O000648,C0397,2026-07-08,P005,1,15,2974.15,Delivered,Net Banking
O000649,C0354,2026-02-01,P007,4,0,5596.0,Delivered,UPI
O000650,C0106,2025-04-15,P007,1,5,1329.05,Delivered,Card
O000651,C0085,2025-07-11,P003,4,15,3396.6,Cancelled,UPI
O000652,C0214,2025-01-17,P004,2,5,3038.1,Delivered,COD
O000653,C0121,2025-04-30,P010,4,15,7816.6,Delivered,Net Banking
O000654,C0132,2026-01-28,P007,1,15,1189.15,Returned,Card
O000655,C0338,2026-03-01,P008,1,5,1899.05,Shipped,UPI
O000656,C0197,2025-05-09,P002,2,15,2208.3,Delivered,COD
O000657,C0019,2025-05-10,P009,4,0,7196.0,Cancelled,UPI
O000658,C0130,2026-07-26,P007,2,5,2658.1,Delivered,COD
O000659,C0012,2026-07-14,P008,4,10,7196.4,Delivered,UPI
O000660,C0081,2025-01-29,P006,1,0,8999.0,Delivered,Card
O000661,C0330,2025-04-07,P006,4,10,32396.4,Delivered,Card
O000662,C0354,2025-01-10,P009,1,10,1619.1,Delivered,Card
O000663,C0262,2025-08-30,P004,1,0,1599.0,Delivered,Net Banking
O000664,C0392,2025-08-20,P011,3,15,2037.45,Delivered,Net Banking
O000665,C0125,2025-10-11,P011,3,10,2157.3,Delivered,COD
O000666,C0307,2025-07-19,P005,4,5,13296.2,Delivered,UPI
O000667,C0267,2025-03-20,P009,1,0,1799.0,Returned,UPI
O000668,C0447,2025-06-22,P001,2,15,4248.3,Delivered,Card
O000669,C0441,2026-04-12,P004,1,15,1359.15,Delivered,COD
O000670,C0383,2026-08-04,P007,2,0,2798.0,Delivered,Card
O000671,C0140,2026-02-20,P011,4,0,3196.0,Delivered,Net Banking
O000672,C0329,2026-03-25,P009,4,15,6116.6,Delivered,Net Banking
O000673,C0002,2025-03-28,P011,2,10,1438.2,Delivered,Card
O000674,C0008,2025-04-11,P012,2,0,1198.0,Returned,COD
O000675,C0250,2025-01-08,P010,1,10,2069.1,Delivered,Net Banking
O000676,C0139,2025-07-19,P006,4,5,34196.2,Delivered,COD
O000677,C0124,2026-05-20,P012,1,15,509.15,Delivered,Card
O000678,C0309,2025-03-28,P008,2,0,3998.0,Delivered,COD
O000679,C0228,2025-02-12,P009,3,5,5127.15,Delivered,UPI
O000680,C0010,2026-01-20,P010,3,0,6897.0,Shipped,Card
O000681,C0469,2026-03-11,P004,3,20,3837.6,Returned,UPI
O000682,C0212,2026-02-12,P001,2,15,4248.3,Delivered,UPI
O000683,C0112,2026-04-28,P008,1,10,1799.1,Delivered,COD
O000684,C0008,2025-01-17,P002,4,10,4676.4,Returned,Card
O000685,C0292,2025-05-28,P011,2,5,1518.1,Delivered,UPI
O000686,C0477,2025-10-04,P001,3,20,5997.6,Delivered,UPI
O000687,C0362,2025-08-20,P007,1,0,1399.0,Cancelled,Net Banking
O000688,C0460,2026-01-01,P012,4,15,2036.6,Delivered,COD
O000689,C0253,2025-08-16,P010,4,0,9196.0,Delivered,UPI
O000690,C0014,2026-03-12,P009,2,5,3418.1,Delivered,Net Banking
O000691,C0240,2026-02-03,P011,2,10,1438.2,Delivered,UPI
O000692,C0438,2025-07-30,P012,4,15,2036.6,Delivered,Card
O000693,C0242,2026-01-26,P012,4,15,2036.6,Delivered,Card
O000694,C0469,2026-05-14,P009,3,10,4857.3,Delivered,COD
O000695,C0342,2026-06-24,P003,4,5,3796.2,Delivered,COD
O000696,C0149,2026-07-17,P006,2,20,14398.4,Delivered,UPI
O000697,C0236,2026-05-06,P007,1,0,1399.0,Delivered,Card
O000698,C0306,2026-03-18,P010,3,15,5862.45,Delivered,UPI
O000699,C0478,2025-09-18,P009,3,10,4857.3,Shipped,Card
O000700,C0167,2025-12-16,P002,4,5,4936.2,Delivered,Card
O000701,C0020,2025-12-18,P008,1,0,1999.0,Delivered,UPI
O000702,C0216,2026-06-04,P007,3,5,3987.15,Delivered,Card
O000703,C0343,2025-11-16,P004,2,5,3038.1,Shipped,UPI
O000704,C0135,2025-05-18,P002,4,0,5196.0,Delivered,Card
O000705,C0393,2026-07-04,P008,2,0,3998.0,Delivered,COD
O000706,C0129,2026-01-03,P011,4,5,3036.2,Delivered,Card
O000707,C0410,2025-08-08,P005,3,10,9447.3,Delivered,Net Banking
O000708,C0422,2025-12-03,P006,4,15,30596.6,Shipped,UPI
O000709,C0294,2025-08-11,P011,1,0,799.0,Delivered,Card
O000710,C0246,2025-12-26,P007,2,5,2658.1,Delivered,Card
O000711,C0189,2025-11-25,P010,1,5,2184.05,Shipped,UPI
O000712,C0044,2026-04-08,P001,2,10,4498.2,Returned,UPI
O000713,C0086,2026-07-15,P008,2,15,3398.3,Delivered,COD
O000714,C0044,2026-01-17,P004,4,10,5756.4,Delivered,Card
O000715,C0330,2026-08-13,P009,3,15,4587.45,Delivered,Card
O000716,C0375,2025-06-18,P001,3,10,6747.3,Delivered,UPI
O000717,C0446,2025-08-05,P011,1,10,719.1,Shipped,COD
O000718,C0378,2026-01-13,P002,4,5,4936.2,Shipped,UPI
O000719,C0390,2025-04-29,P006,3,15,22947.45,Delivered,COD
O000720,C0145,2025-07-09,P011,2,20,1278.4,Delivered,UPI
O000721,C0051,2026-01-05,P010,2,10,4138.2,Delivered,Card
O000722,C0242,2025-05-29,P011,4,15,2716.6,Delivered,UPI
O000723,C0294,2026-05-03,P001,1,0,2499.0,Shipped,COD
O000724,C0408,2026-01-09,P004,4,20,5116.8,Delivered,Card
O000725,C0051,2025-06-09,P008,1,0,1999.0,Delivered,Card
O000726,C0266,2025-12-17,P010,4,5,8736.2,Delivered,UPI
O000727,C0120,2025-10-15,P005,2,0,6998.0,Returned,Card
O000728,C0200,2025-10-15,P009,4,20,5756.8,Delivered,UPI
O000729,C0405,2025-08-14,P011,3,15,2037.45,Cancelled,UPI
O000730,C0248,2026-06-07,P011,3,20,1917.6,Delivered,COD
O000731,C0070,2026-06-06,P006,4,15,30596.6,Delivered,COD
O000732,C0341,2025-09-30,P001,1,5,2374.05,Delivered,UPI
O000733,C0057,2026-02-06,P006,1,20,7199.2,Delivered,Net Banking
O000734,C0382,2025-07-02,P006,2,20,14398.4,Delivered,COD
O000735,C0039,2026-05-03,P006,2,10,16198.2,Shipped,Card
O000736,C0472,2025-05-04,P008,1,0,1999.0,Delivered,Card
O000737,C0289,2026-02-18,P006,4,10,32396.4,Delivered,COD
O000738,C0443,2025-06-21,P005,2,20,5598.4,Delivered,Card
O000739,C0018,2025-10-15,P011,1,15,679.15,Delivered,Card
O000740,C0440,2026-03-11,P002,1,15,1104.15,Delivered,COD
O000741,C0220,2025-04-23,P004,4,20,5116.8,Delivered,UPI
O000742,C0313,2025-05-02,P010,3,15,5862.45,Delivered,COD
O000743,C0244,2026-06-28,P005,1,15,2974.15,Delivered,Card
O000744,C0352,2025-08-10,P010,2,10,4138.2,Delivered,Card
O000745,C0460,2025-02-08,P004,4,5,6076.2,Delivered,UPI
O000746,C0304,2026-05-12,P002,4,10,4676.4,Delivered,UPI
O000747,C0298,2025-08-21,P007,4,10,5036.4,Shipped,Card
O000748,C0283,2026-06-14,P010,3,15,5862.45,Delivered,UPI
O000749,C0074,2025-05-29,P010,3,5,6552.15,Delivered,COD
O000750,C0110,2026-02-01,P002,2,0,2598.0,Delivered,UPI
O000751,C0180,2025-10-29,P001,2,0,4998.0,Delivered,UPI
O000752,C0426,2025-12-26,P005,4,10,12596.4,Delivered,Card
O000753,C0032,2025-08-26,P012,2,10,1078.2,Cancelled,Card
O000754,C0234,2025-08-24,P001,1,5,2374.05,Delivered,UPI
O000755,C0282,2025-07-22,P001,3,0,7497.0,Delivered,UPI
O000756,C0025,2025-09-13,P001,4,5,9496.2,Delivered,COD
O000757,C0331,2025-08-23,P006,4,0,35996.0,Delivered,UPI
O000758,C0279,2025-12-11,P009,1,5,1709.05,Delivered,COD
O000759,C0226,2026-06-18,P010,1,5,2184.05,Delivered,UPI
O000760,C0057,2026-04-11,P011,1,5,759.05,Cancelled,Card
O000761,C0180,2026-06-25,P012,1,5,569.05,Delivered,UPI
O000762,C0232,2025-08-01,P001,4,5,9496.2,Delivered,COD
O000763,C0382,2026-04-08,P005,3,15,8922.45,Cancelled,UPI
O000764,C0343,2026-03-12,P009,3,5,5127.15,Shipped,UPI
O000765,C0477,2025-10-10,P009,1,0,1799.0,Returned,UPI
O000766,C0287,2026-07-16,P001,2,0,4998.0,Delivered,COD
O000767,C0064,2026-04-08,P008,4,5,7596.2,Delivered,COD
O000768,C0455,2026-02-11,P001,3,0,7497.0,Shipped,UPI
O000769,C0232,2025-03-29,P008,1,0,1999.0,Delivered,UPI
O000770,C0289,2025-02-13,P001,2,10,4498.2,Delivered,COD
O000771,C0213,2026-04-06,P012,2,10,1078.2,Delivered,COD
O000772,C0258,2025-10-05,P005,1,10,3149.1,Delivered,Card
O000773,C0018,2026-02-25,P008,4,15,6796.6,Shipped,Net Banking
O000774,C0175,2025-12-19,P006,3,0,26997.0,Returned,UPI
O000775,C0417,2026-05-30,P009,2,20,2878.4,Shipped,UPI
O000776,C0229,2025-01-19,P001,3,0,7497.0,Delivered,UPI
O000777,C0226,2025-01-23,P009,3,10,4857.3,Delivered,Card
O000778,C0084,2026-02-17,P001,2,0,4998.0,Shipped,UPI
O000779,C0291,2025-01-30,P010,1,15,1954.15,Returned,UPI
O000780,C0435,2025-04-18,P010,2,10,4138.2,Delivered,UPI
O000781,C0370,2026-01-02,P003,2,0,1998.0,Delivered,Card
O000782,C0246,2025-10-08,P001,4,10,8996.4,Shipped,UPI
O000783,C0402,2025-05-08,P003,3,0,2997.0,Delivered,UPI
O000784,C0110,2025-08-17,P012,1,15,509.15,Delivered,COD
O000785,C0254,2025-04-21,P011,3,10,2157.3,Delivered,UPI
O000786,C0088,2025-05-16,P002,2,0,2598.0,Delivered,UPI
O000787,C0072,2025-12-28,P002,1,5,1234.05,Delivered,Card
O000788,C0381,2025-07-05,P009,1,0,1799.0,Delivered,COD
O000789,C0030,2026-08-07,P008,1,10,1799.1,Delivered,Card
O000790,C0172,2025-05-09,P001,1,5,2374.05,Delivered,UPI
O000791,C0309,2025-09-18,P012,4,10,2156.4,Delivered,COD
O000792,C0394,2026-05-30,P004,1,20,1279.2,Delivered,Card
O000793,C0343,2026-03-25,P001,2,5,4748.1,Delivered,UPI
O000794,C0436,2025-04-14,P001,4,20,7996.8,Delivered,Card
O000795,C0177,2026-04-28,P012,2,10,1078.2,Delivered,Card
O000796,C0139,2025-08-12,P012,2,0,1198.0,Delivered,Card
O000797,C0194,2026-05-06,P004,3,5,4557.15,Delivered,Net Banking
O000798,C0186,2026-04-18,P002,1,10,1169.1,Delivered,Card
O000799,C0218,2025-01-10,P003,1,5,949.05,Delivered,COD
O000800,C0164,2026-02-09,P011,2,0,1598.0,Delivered,Card
O000801,C0161,2025-10-29,P009,1,0,1799.0,Delivered,UPI
O000802,C0431,2025-08-19,P002,4,15,4416.6,Delivered,Card
O000803,C0013,2025-03-07,P004,3,10,4317.3,Shipped,UPI
O000804,C0296,2025-04-22,P001,1,10,2249.1,Shipped,UPI
O000805,C0089,2025-01-13,P002,1,0,1299.0,Delivered,COD
O000806,C0324,2026-01-28,P005,4,15,11896.6,Delivered,Card
O000807,C0042,2026-05-15,P010,3,20,5517.6,Cancelled,UPI
O000808,C0403,2025-08-22,P001,4,0,9996.0,Delivered,Card
O000809,C0210,2025-11-10,P011,2,0,1598.0,Delivered,UPI
O000810,C0229,2026-07-20,P007,2,15,2378.3,Delivered,COD
O000811,C0350,2025-01-12,P004,1,15,1359.15,Delivered,UPI
O000812,C0275,2025-07-28,P006,3,10,24297.3,Shipped,Card
O000813,C0442,2025-01-14,P008,2,20,3198.4,Delivered,Card
O000814,C0279,2026-02-22,P006,4,10,32396.4,Delivered,Card
O000815,C0251,2026-03-13,P002,2,0,2598.0,Cancelled,UPI
O000816,C0310,2026-01-12,P001,2,10,4498.2,Delivered,UPI
O000817,C0208,2025-01-20,P008,4,10,7196.4,Delivered,COD
O000818,C0321,2026-08-10,P008,1,20,1599.2,Delivered,COD
O000819,C0140,2025-03-11,P009,3,0,5397.0,Delivered,Card
O000820,C0280,2025-07-30,P006,1,10,8099.1,Shipped,COD
O000821,C0034,2025-04-11,P012,4,15,2036.6,Returned,UPI
O000822,C0309,2025-05-12,P001,2,5,4748.1,Shipped,UPI
O000823,C0392,2026-01-16,P009,3,5,5127.15,Delivered,COD
O000824,C0018,2025-05-12,P012,1,15,509.15,Delivered,COD
O000825,C0057,2025-01-20,P003,4,5,3796.2,Shipped,Card
O000826,C0112,2026-06-20,P011,2,10,1438.2,Delivered,Card
O000827,C0005,2025-08-15,P006,2,15,15298.3,Delivered,UPI
O000828,C0410,2025-06-03,P010,1,0,2299.0,Delivered,UPI
O000829,C0414,2026-04-14,P010,4,20,7356.8,Cancelled,Card
O000830,C0182,2026-02-09,P011,2,10,1438.2,Delivered,COD
O000831,C0013,2025-07-21,P012,2,5,1138.1,Delivered,Card
O000832,C0339,2025-02-07,P009,3,5,5127.15,Delivered,UPI
O000833,C0285,2025-07-07,P011,2,20,1278.4,Delivered,UPI
O000834,C0259,2025-02-26,P003,1,0,999.0,Delivered,UPI
O000835,C0090,2025-01-20,P005,4,5,13296.2,Delivered,Card
O000836,C0104,2025-09-30,P005,4,5,13296.2,Delivered,Net Banking
O000837,C0379,2025-04-29,P010,3,5,6552.15,Delivered,COD
O000838,C0186,2026-08-06,P007,4,5,5316.2,Delivered,COD
O000839,C0250,2026-05-31,P004,1,20,1279.2,Shipped,Card
O000840,C0255,2025-08-09,P011,2,15,1358.3,Delivered,Card
O000841,C0076,2026-06-10,P004,3,5,4557.15,Delivered,Net Banking
O000842,C0386,2026-05-30,P007,4,5,5316.2,Delivered,Card
O000843,C0459,2025-12-02,P009,3,10,4857.3,Delivered,COD
O000844,C0108,2025-02-24,P011,3,0,2397.0,Shipped,COD
O000845,C0156,2026-05-15,P004,4,15,5436.6,Shipped,UPI
O000846,C0082,2026-06-20,P004,3,15,4077.45,Shipped,Card
O000847,C0077,2025-06-11,P006,4,15,30596.6,Delivered,UPI
O000848,C0485,2025-06-08,P006,1,5,8549.05,Delivered,UPI
O000849,C0470,2025-07-07,P007,4,5,5316.2,Delivered,UPI
O000850,C0460,2025-03-01,P001,2,0,4998.0,Delivered,COD
O000851,C0258,2025-11-15,P011,4,5,3036.2,Delivered,COD
O000852,C0127,2025-07-30,P003,2,5,1898.1,Delivered,UPI
O000853,C0485,2026-02-10,P009,3,20,4317.6,Delivered,UPI
O000854,C0391,2025-04-19,P006,4,15,30596.6,Cancelled,Card
O000855,C0282,2025-03-17,P006,2,20,14398.4,Shipped,UPI
O000856,C0474,2026-06-26,P005,4,15,11896.6,Delivered,Card
O000857,C0088,2025-11-10,P011,4,0,3196.0,Delivered,Card
O000858,C0204,2025-04-27,P003,4,10,3596.4,Returned,Card
O000859,C0016,2025-01-19,P011,1,0,799.0,Delivered,UPI
O000860,C0151,2026-03-08,P005,2,5,6648.1,Shipped,Card
O000861,C0424,2025-12-16,P001,1,10,2249.1,Delivered,UPI
O000862,C0254,2025-07-02,P003,1,10,899.1,Shipped,UPI
O000863,C0188,2025-04-23,P004,2,10,2878.2,Delivered,UPI
O000864,C0329,2025-07-02,P005,4,0,13996.0,Delivered,Card
O000865,C0032,2026-04-26,P010,1,0,2299.0,Delivered,COD
O000866,C0271,2025-05-26,P009,1,0,1799.0,Delivered,Card
O000867,C0485,2025-04-23,P004,1,0,1599.0,Cancelled,Card
O000868,C0397,2026-04-21,P003,4,0,3996.0,Delivered,Card
O000869,C0005,2025-10-30,P010,1,10,2069.1,Delivered,UPI
O000870,C0459,2025-04-28,P001,3,15,6372.45,Delivered,UPI
O000871,C0330,2025-06-10,P010,2,5,4368.1,Shipped,COD
O000872,C0308,2026-02-05,P006,3,10,24297.3,Delivered,UPI
O000873,C0333,2025-07-17,P007,4,0,5596.0,Delivered,Card
O000874,C0169,2025-09-17,P010,1,20,1839.2,Delivered,UPI
O000875,C0181,2025-02-16,P008,2,5,3798.1,Delivered,COD
O000876,C0366,2026-02-03,P012,1,15,509.15,Delivered,Net Banking
O000877,C0178,2026-07-13,P001,4,20,7996.8,Delivered,UPI
O000878,C0143,2025-03-19,P012,2,15,1018.3,Delivered,Card
O000879,C0362,2025-05-04,P004,3,0,4797.0,Returned,UPI
O000880,C0248,2025-03-16,P011,2,10,1438.2,Delivered,Card
O000881,C0127,2025-05-17,P005,1,0,3499.0,Delivered,UPI
O000882,C0263,2026-02-04,P002,2,0,2598.0,Delivered,UPI
O000883,C0040,2026-05-20,P001,4,0,9996.0,Delivered,UPI
O000884,C0412,2026-05-15,P008,4,20,6396.8,Delivered,Net Banking
O000885,C0416,2026-07-27,P006,2,20,14398.4,Delivered,COD
O000886,C0355,2025-05-18,P005,4,0,13996.0,Delivered,UPI
O000887,C0255,2025-02-19,P009,4,10,6476.4,Shipped,Card
O000888,C0143,2025-09-11,P011,4,20,2556.8,Delivered,UPI
O000889,C0240,2026-07-17,P011,3,5,2277.15,Delivered,UPI
O000890,C0228,2026-03-02,P002,1,5,1234.05,Cancelled,COD
O000891,C0341,2026-07-01,P010,4,5,8736.2,Delivered,UPI
O000892,C0198,2025-10-29,P012,2,15,1018.3,Delivered,Card
O000893,C0065,2026-08-04,P008,4,5,7596.2,Delivered,UPI
O000894,C0388,2025-12-15,P011,3,15,2037.45,Shipped,UPI
O000895,C0011,2025-02-18,P010,2,5,4368.1,Shipped,Card
O000896,C0108,2025-03-15,P009,1,5,1709.05,Delivered,Net Banking
O000897,C0026,2025-09-18,P001,2,5,4748.1,Delivered,COD
O000898,C0445,2025-12-22,P007,2,0,2798.0,Delivered,UPI
O000899,C0421,2026-08-05,P008,2,5,3798.1,Cancelled,COD
O000900,C0151,2025-09-17,P003,2,0,1998.0,Delivered,Net Banking
O000901,C0221,2025-10-22,P004,4,15,5436.6,Shipped,UPI
O000902,C0341,2025-11-09,P003,1,5,949.05,Delivered,UPI
O000903,C0496,2025-07-01,P007,4,15,4756.6,Delivered,UPI
O000904,C0237,2025-12-30,P009,3,20,4317.6,Delivered,UPI
O000905,C0237,2025-07-07,P003,3,15,2547.45,Delivered,Card
O000906,C0497,2026-07-23,P006,2,20,14398.4,Delivered,UPI
O000907,C0219,2026-06-27,P008,4,10,7196.4,Cancelled,UPI
O000908,C0487,2026-07-02,P006,4,0,35996.0,Delivered,UPI
O000909,C0424,2026-02-12,P002,1,20,1039.2,Delivered,Card
O000910,C0461,2026-02-18,P007,1,15,1189.15,Delivered,Card
O000911,C0151,2025-12-08,P002,1,15,1104.15,Delivered,Card
O000912,C0123,2025-08-08,P002,4,10,4676.4,Cancelled,UPI
O000913,C0144,2025-06-12,P002,1,10,1169.1,Delivered,Card
O000914,C0478,2025-08-08,P011,1,0,799.0,Delivered,UPI
O000915,C0189,2025-09-27,P001,1,10,2249.1,Delivered,Net Banking
O000916,C0255,2026-02-04,P011,2,0,1598.0,Delivered,UPI
O000917,C0068,2025-07-01,P001,3,5,7122.15,Delivered,UPI
O000918,C0104,2025-07-24,P007,3,10,3777.3,Delivered,UPI
O000919,C0336,2026-08-05,P012,4,5,2276.2,Delivered,UPI
O000920,C0159,2026-07-10,P005,4,0,13996.0,Delivered,UPI
O000921,C0309,2025-08-16,P011,2,15,1358.3,Delivered,Card
O000922,C0362,2025-09-07,P003,3,15,2547.45,Delivered,COD
O000923,C0409,2026-03-17,P001,1,10,2249.1,Delivered,UPI
O000924,C0300,2026-06-17,P011,1,10,719.1,Delivered,Card
O000925,C0396,2025-07-15,P010,4,20,7356.8,Delivered,Card
O000926,C0090,2026-06-03,P006,3,0,26997.0,Shipped,UPI
O000927,C0357,2025-03-11,P011,4,10,2876.4,Delivered,UPI
O000928,C0256,2026-02-03,P001,4,0,9996.0,Delivered,UPI
O000929,C0496,2025-07-22,P009,1,5,1709.05,Delivered,COD
O000930,C0353,2025-05-28,P002,1,10,1169.1,Returned,COD
O000931,C0220,2026-04-17,P001,3,10,6747.3,Delivered,UPI
O000932,C0009,2025-07-18,P012,4,0,2396.0,Cancelled,UPI
O000933,C0012,2026-03-02,P007,2,5,2658.1,Delivered,COD
O000934,C0325,2026-05-07,P006,3,10,24297.3,Delivered,Card
O000935,C0438,2025-05-22,P006,4,10,32396.4,Delivered,COD
O000936,C0244,2025-11-09,P005,3,10,9447.3,Delivered,UPI
O000937,C0182,2025-06-14,P011,3,5,2277.15,Delivered,Net Banking
O000938,C0284,2025-11-10,P004,3,10,4317.3,Delivered,COD
O000939,C0312,2025-01-21,P011,2,0,1598.0,Shipped,UPI
O000940,C0099,2025-03-23,P004,2,0,3198.0,Delivered,Card
O000941,C0197,2026-08-04,P003,1,10,899.1,Delivered,UPI
O000942,C0482,2025-05-11,P010,1,10,2069.1,Delivered,UPI
O000943,C0366,2025-11-01,P008,4,0,7996.0,Delivered,Card
O000944,C0226,2026-01-06,P007,3,0,4197.0,Delivered,UPI
O000945,C0333,2026-01-19,P009,4,10,6476.4,Delivered,Card
O000946,C0103,2026-03-21,P001,1,5,2374.05,Delivered,UPI
O000947,C0106,2026-03-01,P007,2,5,2658.1,Delivered,Card
O000948,C0365,2025-06-10,P010,1,5,2184.05,Delivered,UPI
O000949,C0368,2025-06-27,P004,4,0,6396.0,Delivered,COD
O000950,C0058,2026-05-05,P007,1,0,1399.0,Delivered,UPI
O000951,C0078,2025-11-23,P012,4,15,2036.6,Cancelled,UPI
O000952,C0075,2025-10-16,P001,4,10,8996.4,Delivered,Card
O000953,C0042,2026-07-27,P005,4,10,12596.4,Delivered,Card
O000954,C0422,2026-07-27,P003,4,10,3596.4,Delivered,Card
O000955,C0324,2025-12-20,P005,1,10,3149.1,Cancelled,Card
O000956,C0181,2025-01-28,P004,4,20,5116.8,Delivered,Net Banking
O000957,C0033,2025-02-12,P002,4,10,4676.4,Delivered,UPI
O000958,C0071,2026-02-27,P011,3,5,2277.15,Delivered,COD
O000959,C0056,2025-06-26,P004,4,10,5756.4,Shipped,Card
O000960,C0105,2026-06-13,P003,1,5,949.05,Delivered,UPI
O000961,C0200,2026-05-09,P001,4,10,8996.4,Delivered,Card
O000962,C0101,2025-07-17,P012,2,10,1078.2,Delivered,COD
O000963,C0256,2026-07-31,P010,2,15,3908.3,Shipped,Card
O000964,C0307,2026-06-01,P008,4,10,7196.4,Delivered,COD
O000965,C0074,2026-05-29,P005,2,0,6998.0,Shipped,UPI
O000966,C0171,2025-01-22,P004,2,0,3198.0,Shipped,Card
O000967,C0377,2025-04-22,P010,1,5,2184.05,Delivered,UPI
O000968,C0143,2025-02-26,P012,3,0,1797.0,Delivered,UPI
O000969,C0166,2025-03-07,P005,2,5,6648.1,Delivered,Card
O000970,C0399,2025-04-08,P004,2,5,3038.1,Cancelled,Card
O000971,C0261,2025-05-24,P003,3,5,2847.15,Delivered,UPI
O000972,C0221,2026-03-11,P005,3,20,8397.6,Cancelled,UPI
O000973,C0083,2025-03-27,P004,2,5,3038.1,Delivered,Card
O000974,C0182,2026-08-11,P001,4,5,9496.2,Delivered,Card
O000975,C0307,2025-12-10,P012,2,0,1198.0,Delivered,UPI
O000976,C0010,2025-10-21,P003,4,10,3596.4,Delivered,UPI
O000977,C0396,2026-07-25,P010,4,0,9196.0,Shipped,COD
O000978,C0004,2025-08-31,P010,4,10,8276.4,Delivered,COD
O000979,C0351,2026-07-15,P008,3,0,5997.0,Delivered,UPI
O000980,C0402,2025-02-01,P007,2,10,2518.2,Delivered,UPI
O000981,C0336,2026-01-26,P002,2,15,2208.3,Delivered,UPI
O000982,C0488,2025-10-04,P001,1,0,2499.0,Delivered,COD
O000983,C0292,2026-06-16,P003,3,5,2847.15,Delivered,COD
O000984,C0281,2025-06-03,P005,1,5,3324.05,Shipped,UPI
O000985,C0215,2026-01-18,P010,1,15,1954.15,Delivered,COD
O000986,C0460,2025-03-09,P011,4,5,3036.2,Delivered,UPI
O000987,C0098,2025-08-02,P012,3,10,1617.3,Delivered,UPI
O000988,C0420,2026-01-11,P001,1,15,2124.15,Delivered,COD
O000989,C0101,2025-08-01,P003,2,10,1798.2,Delivered,COD
O000990,C0451,2025-03-20,P003,1,5,949.05,Cancelled,COD
O000991,C0009,2026-01-16,P005,3,0,10497.0,Delivered,Card
O000992,C0061,2025-02-27,P003,2,10,1798.2,Delivered,UPI
O000993,C0309,2025-01-26,P009,2,15,3058.3,Delivered,COD
O000994,C0146,2026-03-23,P001,2,20,3998.4,Delivered,Card
O000995,C0427,2025-03-07,P004,4,20,5116.8,Shipped,UPI
O000996,C0419,2025-09-11,P010,2,15,3908.3,Delivered,Card
O000997,C0063,2025-02-13,P010,4,10,8276.4,Delivered,COD
O000998,C0121,2025-04-07,P004,4,15,5436.6,Delivered,COD
O000999,C0226,2026-07-08,P001,1,5,2374.05,Shipped,Card
O001000,C0105,2025-08-15,P002,1,10,1169.1,Shipped,Card
O001001,C0462,2026-03-12,P011,2,5,1518.1,Delivered,UPI
O001002,C0260,2026-01-14,P001,3,5,7122.15,Delivered,Card
O001003,C0349,2025-06-27,P006,2,15,15298.3,Shipped,Card
O001004,C0425,2026-03-03,P003,1,5,949.05,Delivered,UPI
O001005,C0255,2025-11-03,P007,2,0,2798.0,Delivered,COD
O001006,C0429,2026-05-19,P005,1,0,3499.0,Delivered,Net Banking
O001007,C0434,2025-09-25,P009,2,15,3058.3,Delivered,UPI
O001008,C0207,2026-08-09,P007,3,10,3777.3,Delivered,COD
O001009,C0028,2025-01-08,P004,2,10,2878.2,Delivered,Card
O001010,C0170,2026-05-23,P005,3,5,9972.15,Shipped,Card
O001011,C0336,2026-04-21,P005,3,5,9972.15,Delivered,COD
O001012,C0076,2025-10-24,P011,2,0,1598.0,Shipped,UPI
O001013,C0116,2025-06-13,P005,3,5,9972.15,Delivered,COD
O001014,C0069,2026-04-30,P010,3,15,5862.45,Cancelled,UPI
O001015,C0354,2025-03-13,P009,1,5,1709.05,Delivered,COD
O001016,C0234,2026-07-21,P010,1,5,2184.05,Delivered,Card
O001017,C0001,2026-07-13,P003,3,0,2997.0,Delivered,UPI
O001018,C0167,2025-08-26,P006,4,5,34196.2,Delivered,UPI
O001019,C0352,2025-04-14,P008,2,0,3998.0,Delivered,UPI
O001020,C0218,2025-07-29,P011,3,10,2157.3,Delivered,UPI
O001021,C0273,2026-07-08,P009,2,10,3238.2,Delivered,UPI
O001022,C0368,2026-04-13,P007,1,15,1189.15,Delivered,COD
O001023,C0251,2026-03-30,P012,2,10,1078.2,Delivered,COD
O001024,C0347,2025-09-25,P003,3,5,2847.15,Delivered,Net Banking
O001025,C0344,2026-01-21,P001,3,10,6747.3,Delivered,COD
O001026,C0419,2026-01-22,P004,3,10,4317.3,Cancelled,COD
O001027,C0174,2025-09-16,P006,3,0,26997.0,Delivered,UPI
O001028,C0170,2025-10-10,P003,4,10,3596.4,Delivered,COD
O001029,C0246,2025-02-09,P001,4,20,7996.8,Cancelled,COD
O001030,C0423,2026-05-01,P006,4,5,34196.2,Delivered,UPI
O001031,C0090,2025-08-08,P001,3,10,6747.3,Delivered,Card
O001032,C0049,2025-05-09,P009,4,15,6116.6,Delivered,Card
O001033,C0446,2026-06-04,P011,2,10,1438.2,Delivered,COD
O001034,C0294,2025-09-17,P012,3,10,1617.3,Delivered,Card
O001035,C0407,2026-01-01,P001,1,5,2374.05,Delivered,Net Banking
O001036,C0150,2026-06-28,P006,3,5,25647.15,Shipped,UPI
O001037,C0132,2026-06-08,P001,2,10,4498.2,Delivered,UPI
O001038,C0433,2025-01-16,P012,4,10,2156.4,Delivered,Net Banking
O001039,C0059,2025-05-09,P007,3,20,3357.6,Cancelled,UPI
O001040,C0457,2026-07-29,P003,4,0,3996.0,Delivered,UPI
O001041,C0324,2025-04-19,P006,3,5,25647.15,Cancelled,Card
O001042,C0199,2026-06-17,P007,2,5,2658.1,Delivered,COD
O001043,C0215,2025-09-26,P001,3,0,7497.0,Delivered,UPI
O001044,C0386,2025-06-11,P001,4,5,9496.2,Delivered,UPI
O001045,C0049,2025-09-17,P005,4,5,13296.2,Delivered,Card
O001046,C0472,2025-04-12,P006,2,5,17098.1,Delivered,Card
O001047,C0232,2026-05-21,P009,3,5,5127.15,Delivered,UPI
O001048,C0247,2026-07-25,P001,1,5,2374.05,Delivered,COD
O001049,C0382,2025-09-04,P004,3,20,3837.6,Delivered,COD
O001050,C0479,2026-06-21,P010,2,15,3908.3,Delivered,COD
O001051,C0239,2025-05-11,P008,1,0,1999.0,Delivered,UPI
O001052,C0415,2025-12-19,P010,2,15,3908.3,Delivered,Card
O001053,C0367,2025-07-15,P009,3,10,4857.3,Delivered,Net Banking
O001054,C0168,2026-01-17,P003,1,15,849.15,Delivered,Card
O001055,C0048,2025-08-15,P011,2,5,1518.1,Delivered,UPI
O001056,C0051,2026-04-21,P002,4,5,4936.2,Delivered,Net Banking
O001057,C0299,2026-04-22,P004,1,15,1359.15,Delivered,Card
O001058,C0098,2025-09-22,P002,1,5,1234.05,Delivered,COD
O001059,C0439,2026-01-07,P001,2,20,3998.4,Returned,UPI
O001060,C0216,2026-05-01,P012,4,15,2036.6,Delivered,Card
O001061,C0177,2026-03-10,P003,1,20,799.2,Delivered,COD
O001062,C0380,2025-07-30,P007,2,5,2658.1,Cancelled,Card
O001063,C0474,2026-07-26,P001,1,0,2499.0,Cancelled,UPI
O001064,C0080,2026-01-12,P002,1,5,1234.05,Shipped,UPI
O001065,C0185,2026-01-30,P001,1,20,1999.2,Delivered,UPI
O001066,C0367,2026-03-26,P008,4,5,7596.2,Delivered,UPI
O001067,C0461,2025-12-30,P005,3,10,9447.3,Shipped,Card
O001068,C0399,2026-04-02,P008,3,5,5697.15,Shipped,UPI
O001069,C0027,2025-08-14,P003,4,5,3796.2,Delivered,UPI
O001070,C0452,2025-05-11,P012,4,0,2396.0,Delivered,UPI
O001071,C0464,2026-08-11,P007,2,10,2518.2,Returned,Card
O001072,C0448,2026-04-21,P008,1,15,1699.15,Delivered,Card
O001073,C0478,2025-10-04,P006,4,0,35996.0,Delivered,Card
O001074,C0492,2025-06-05,P007,2,15,2378.3,Delivered,COD
O001075,C0414,2025-08-06,P012,3,10,1617.3,Delivered,UPI
O001076,C0420,2025-07-09,P002,3,10,3507.3,Delivered,Card
O001077,C0195,2026-02-21,P008,3,10,5397.3,Delivered,UPI
O001078,C0214,2026-06-30,P005,3,5,9972.15,Returned,UPI
O001079,C0369,2025-02-10,P007,2,5,2658.1,Delivered,Card
O001080,C0342,2025-11-03,P001,1,15,2124.15,Delivered,COD
O001081,C0114,2025-12-04,P005,2,5,6648.1,Shipped,UPI
O001082,C0242,2025-11-10,P001,1,5,2374.05,Delivered,UPI
O001083,C0124,2025-03-16,P012,3,0,1797.0,Delivered,Card
O001084,C0305,2025-10-06,P008,4,10,7196.4,Delivered,Card
O001085,C0076,2025-06-25,P004,4,5,6076.2,Delivered,UPI
O001086,C0311,2025-09-30,P004,4,10,5756.4,Delivered,Card
O001087,C0469,2025-10-16,P002,1,0,1299.0,Delivered,Net Banking
O001088,C0312,2025-09-29,P005,3,20,8397.6,Cancelled,UPI
O001089,C0196,2025-03-07,P001,2,5,4748.1,Delivered,UPI
O001090,C0351,2026-04-28,P009,4,10,6476.4,Delivered,UPI
O001091,C0044,2025-09-05,P005,1,10,3149.1,Delivered,Card
O001092,C0415,2025-06-05,P006,4,15,30596.6,Delivered,UPI
O001093,C0186,2025-02-16,P002,2,5,2468.1,Delivered,Net Banking
O001094,C0343,2026-03-30,P010,3,15,5862.45,Delivered,Card
O001095,C0246,2025-07-20,P010,2,5,4368.1,Shipped,UPI
O001096,C0437,2025-05-04,P001,3,5,7122.15,Delivered,UPI
O001097,C0084,2025-01-01,P004,3,10,4317.3,Delivered,Card
O001098,C0207,2025-07-10,P007,3,15,3567.45,Delivered,UPI
O001099,C0151,2026-08-02,P006,4,10,32396.4,Delivered,COD
O001100,C0156,2026-05-31,P010,2,15,3908.3,Delivered,Card
O001101,C0016,2026-03-18,P001,4,5,9496.2,Cancelled,UPI
O001102,C0165,2025-05-23,P001,2,20,3998.4,Delivered,Card
O001103,C0405,2025-07-10,P008,1,0,1999.0,Delivered,UPI
O001104,C0463,2026-06-17,P004,1,10,1439.1,Returned,Card
O001105,C0145,2025-08-15,P005,2,10,6298.2,Delivered,UPI
O001106,C0498,2025-11-09,P007,2,5,2658.1,Cancelled,Card
O001107,C0037,2025-10-29,P008,2,5,3798.1,Delivered,Card
O001108,C0333,2026-04-05,P010,2,10,4138.2,Delivered,Card
O001109,C0403,2026-02-05,P007,3,0,4197.0,Delivered,Card
O001110,C0414,2026-07-05,P002,4,5,4936.2,Delivered,UPI
O001111,C0045,2026-01-28,P004,3,0,4797.0,Delivered,Card
O001112,C0402,2025-07-26,P010,4,10,8276.4,Delivered,Card
O001113,C0206,2025-07-29,P012,4,0,2396.0,Delivered,Card
O001114,C0062,2025-04-25,P001,4,0,9996.0,Delivered,Net Banking
O001115,C0420,2025-09-08,P010,3,0,6897.0,Shipped,UPI
O001116,C0356,2025-08-07,P009,2,5,3418.1,Delivered,Card
O001117,C0468,2026-02-11,P003,3,15,2547.45,Delivered,UPI
O001118,C0308,2026-03-19,P012,3,20,1437.6,Delivered,Card
O001119,C0019,2025-12-20,P003,4,0,3996.0,Delivered,COD
O001120,C0365,2026-07-12,P010,1,10,2069.1,Delivered,UPI
O001121,C0300,2026-07-04,P009,1,10,1619.1,Delivered,COD
O001122,C0007,2025-05-22,P010,3,10,6207.3,Shipped,UPI
O001123,C0249,2026-05-16,P003,4,10,3596.4,Delivered,Card
O001124,C0428,2026-07-01,P008,3,0,5997.0,Delivered,COD
O001125,C0117,2026-06-26,P002,3,5,3702.15,Cancelled,UPI
O001126,C0068,2026-05-22,P003,2,5,1898.1,Returned,COD
O001127,C0034,2025-10-08,P002,4,0,5196.0,Delivered,UPI
O001128,C0194,2026-02-28,P001,1,10,2249.1,Delivered,COD
O001129,C0325,2025-09-27,P002,1,5,1234.05,Delivered,Card
O001130,C0055,2025-06-03,P008,1,5,1899.05,Delivered,Card
O001131,C0266,2025-03-24,P009,3,5,5127.15,Returned,COD
O001132,C0480,2026-03-02,P002,4,15,4416.6,Delivered,UPI
O001133,C0042,2025-10-02,P007,2,15,2378.3,Delivered,UPI
O001134,C0297,2025-10-11,P005,1,10,3149.1,Delivered,COD
O001135,C0461,2025-06-22,P003,4,5,3796.2,Delivered,UPI
O001136,C0231,2025-11-23,P009,1,10,1619.1,Delivered,Card
O001137,C0453,2025-03-04,P006,2,5,17098.1,Delivered,Net Banking
O001138,C0378,2025-03-14,P011,4,0,3196.0,Delivered,Card
O001139,C0394,2026-01-10,P001,3,5,7122.15,Delivered,UPI
O001140,C0010,2026-05-23,P005,3,10,9447.3,Delivered,UPI
O001141,C0358,2026-02-02,P007,1,10,1259.1,Delivered,UPI
O001142,C0475,2025-04-30,P004,1,20,1279.2,Delivered,UPI
O001143,C0444,2026-03-13,P008,4,15,6796.6,Delivered,UPI
O001144,C0128,2026-04-10,P010,2,0,4598.0,Shipped,COD
O001145,C0179,2025-10-13,P005,1,0,3499.0,Delivered,UPI
O001146,C0405,2025-09-22,P009,4,0,7196.0,Delivered,Net Banking
O001147,C0392,2025-11-16,P009,2,10,3238.2,Delivered,COD
O001148,C0193,2026-01-11,P009,1,10,1619.1,Delivered,COD
O001149,C0092,2025-03-30,P001,1,20,1999.2,Delivered,UPI
O001150,C0369,2025-07-22,P002,4,10,4676.4,Delivered,Card
O001151,C0231,2025-11-30,P003,1,15,849.15,Delivered,UPI
O001152,C0078,2025-08-10,P004,3,10,4317.3,Delivered,UPI
O001153,C0085,2025-02-10,P010,2,15,3908.3,Delivered,Card
O001154,C0030,2025-03-09,P009,2,10,3238.2,Delivered,COD
O001155,C0213,2026-05-29,P010,3,10,6207.3,Delivered,UPI
O001156,C0049,2025-05-07,P006,4,10,32396.4,Delivered,UPI
O001157,C0265,2025-09-12,P001,3,10,6747.3,Delivered,UPI
O001158,C0145,2025-01-16,P012,3,5,1707.15,Delivered,COD
O001159,C0069,2026-04-22,P009,2,0,3598.0,Delivered,Net Banking
O001160,C0058,2025-03-03,P006,4,0,35996.0,Delivered,UPI
O001161,C0185,2026-03-08,P004,1,5,1519.05,Delivered,UPI
O001162,C0062,2025-09-25,P004,3,10,4317.3,Shipped,COD
O001163,C0479,2025-02-04,P003,3,0,2997.0,Delivered,UPI
O001164,C0308,2026-07-30,P007,4,5,5316.2,Delivered,Card
O001165,C0445,2026-05-09,P003,3,5,2847.15,Delivered,UPI
O001166,C0296,2026-07-16,P002,4,10,4676.4,Delivered,Card
O001167,C0166,2026-04-14,P010,1,5,2184.05,Delivered,Card
O001168,C0171,2025-11-21,P008,4,0,7996.0,Cancelled,COD
O001169,C0063,2025-10-31,P004,1,0,1599.0,Delivered,UPI
O001170,C0147,2025-10-03,P008,4,0,7996.0,Shipped,UPI
O001171,C0484,2025-07-20,P001,3,15,6372.45,Delivered,UPI
O001172,C0306,2026-03-21,P005,1,5,3324.05,Shipped,Card
O001173,C0161,2025-11-20,P009,3,10,4857.3,Shipped,COD
O001174,C0141,2025-02-04,P001,1,10,2249.1,Delivered,COD
O001175,C0334,2026-04-27,P011,4,20,2556.8,Cancelled,UPI
O001176,C0097,2026-04-25,P004,4,5,6076.2,Delivered,COD
O001177,C0446,2025-03-06,P006,4,0,35996.0,Delivered,UPI
O001178,C0221,2025-01-08,P010,2,0,4598.0,Delivered,UPI
O001179,C0043,2025-10-28,P008,2,0,3998.0,Delivered,COD
O001180,C0433,2025-12-09,P003,1,10,899.1,Shipped,UPI
O001181,C0292,2026-03-07,P005,2,0,6998.0,Delivered,UPI
O001182,C0378,2026-02-28,P007,4,0,5596.0,Delivered,UPI
O001183,C0108,2025-11-28,P001,2,15,4248.3,Delivered,Card
O001184,C0266,2026-03-14,P007,2,10,2518.2,Shipped,Card
O001185,C0095,2026-08-11,P012,3,0,1797.0,Cancelled,UPI
O001186,C0262,2025-06-23,P011,1,0,799.0,Delivered,COD
O001187,C0313,2026-07-13,P008,1,0,1999.0,Delivered,COD
O001188,C0385,2026-06-11,P008,1,20,1599.2,Delivered,COD
O001189,C0071,2025-01-26,P009,2,15,3058.3,Delivered,Card
O001190,C0442,2026-02-10,P006,4,15,30596.6,Delivered,UPI
O001191,C0219,2025-08-20,P012,3,20,1437.6,Delivered,UPI
O001192,C0021,2026-06-17,P006,1,10,8099.1,Delivered,COD
O001193,C0092,2026-07-04,P002,2,0,2598.0,Delivered,COD
O001194,C0127,2026-05-20,P003,4,5,3796.2,Delivered,Net Banking
O001195,C0080,2025-06-28,P004,3,10,4317.3,Delivered,UPI
O001196,C0312,2025-05-12,P004,3,15,4077.45,Shipped,UPI
O001197,C0238,2026-03-31,P008,1,5,1899.05,Delivered,UPI
O001198,C0471,2025-12-14,P001,1,10,2249.1,Delivered,UPI
O001199,C0372,2026-06-24,P010,4,20,7356.8,Delivered,Card
O001200,C0404,2026-02-10,P004,2,0,3198.0,Delivered,Net Banking
O001201,C0486,2025-03-17,P011,4,15,2716.6,Delivered,Card
O001202,C0182,2026-08-02,P012,1,0,599.0,Shipped,Card
O001203,C0025,2026-05-07,P011,4,5,3036.2,Delivered,Card
O001204,C0156,2025-07-13,P011,2,0,1598.0,Delivered,UPI
O001205,C0005,2025-06-11,P004,3,10,4317.3,Delivered,COD
O001206,C0120,2025-12-13,P001,3,10,6747.3,Delivered,Card
O001207,C0277,2025-12-27,P003,3,5,2847.15,Shipped,UPI
O001208,C0018,2026-08-07,P005,3,15,8922.45,Delivered,Card
O001209,C0431,2025-03-28,P006,1,10,8099.1,Shipped,Card
O001210,C0198,2025-09-19,P009,1,10,1619.1,Delivered,UPI
O001211,C0057,2025-08-02,P009,2,0,3598.0,Cancelled,UPI
O001212,C0093,2026-07-27,P009,2,15,3058.3,Delivered,UPI
O001213,C0019,2025-09-19,P011,2,0,1598.0,Delivered,UPI
O001214,C0384,2025-10-10,P001,2,0,4998.0,Shipped,UPI
O001215,C0353,2026-04-12,P012,4,0,2396.0,Delivered,Card
O001216,C0193,2026-01-15,P009,2,5,3418.1,Returned,Card
O001217,C0237,2025-12-28,P008,3,15,5097.45,Delivered,Card
O001218,C0387,2026-03-25,P002,3,5,3702.15,Delivered,Net Banking
O001219,C0426,2026-03-17,P011,3,5,2277.15,Delivered,Card
O001220,C0277,2025-04-03,P001,4,15,8496.6,Delivered,Card
O001221,C0227,2026-02-28,P001,2,10,4498.2,Shipped,COD
O001222,C0233,2025-05-22,P012,3,15,1527.45,Delivered,Card
O001223,C0040,2025-10-18,P006,3,0,26997.0,Delivered,UPI
O001224,C0323,2026-03-08,P009,3,10,4857.3,Delivered,UPI
O001225,C0153,2025-02-18,P007,3,0,4197.0,Delivered,Card
O001226,C0127,2025-10-29,P005,1,20,2799.2,Delivered,Card
O001227,C0237,2025-07-09,P011,2,10,1438.2,Delivered,Net Banking
O001228,C0486,2025-05-16,P002,2,10,2338.2,Delivered,Card
O001229,C0493,2026-07-09,P001,4,0,9996.0,Delivered,COD
O001230,C0055,2026-02-08,P002,1,5,1234.05,Delivered,UPI
O001231,C0468,2025-12-07,P001,4,0,9996.0,Delivered,Card
O001232,C0436,2025-11-14,P003,3,5,2847.15,Shipped,COD
O001233,C0172,2025-12-29,P006,4,5,34196.2,Delivered,UPI
O001234,C0109,2026-01-17,P008,3,10,5397.3,Delivered,UPI
O001235,C0354,2025-08-21,P003,3,0,2997.0,Delivered,UPI
O001236,C0469,2025-12-10,P010,2,15,3908.3,Delivered,COD
O001237,C0184,2026-07-03,P009,2,0,3598.0,Delivered,UPI
O001238,C0439,2026-07-07,P010,2,0,4598.0,Delivered,Card
O001239,C0368,2026-06-13,P005,2,15,5948.3,Delivered,UPI
O001240,C0471,2026-07-25,P007,2,10,2518.2,Delivered,Card
O001241,C0198,2025-07-02,P008,1,5,1899.05,Delivered,Net Banking
O001242,C0371,2025-02-10,P003,2,0,1998.0,Delivered,UPI
O001243,C0373,2026-07-05,P002,4,10,4676.4,Delivered,UPI
O001244,C0461,2026-02-01,P002,3,5,3702.15,Delivered,Card
O001245,C0497,2026-05-09,P005,2,5,6648.1,Delivered,Card
O001246,C0087,2025-11-29,P001,1,10,2249.1,Shipped,UPI
O001247,C0201,2025-05-07,P002,4,5,4936.2,Delivered,Card
O001248,C0337,2026-07-12,P009,4,0,7196.0,Delivered,Net Banking
O001249,C0322,2026-07-11,P007,3,20,3357.6,Cancelled,UPI
O001250,C0275,2025-01-01,P006,4,15,30596.6,Delivered,UPI
O001251,C0211,2025-06-17,P009,4,0,7196.0,Delivered,Card
O001252,C0391,2025-01-19,P007,4,10,5036.4,Delivered,Card
O001253,C0118,2025-11-28,P011,4,0,3196.0,Delivered,UPI
O001254,C0191,2026-08-07,P005,1,15,2974.15,Shipped,Card
O001255,C0042,2026-04-01,P009,3,10,4857.3,Delivered,Net Banking
O001256,C0042,2025-04-19,P006,2,0,17998.0,Delivered,UPI
O001257,C0315,2025-09-25,P006,4,0,35996.0,Delivered,Card
O001258,C0276,2026-03-21,P011,1,0,799.0,Cancelled,UPI
O001259,C0329,2025-08-28,P004,3,10,4317.3,Delivered,Card
O001260,C0017,2025-10-28,P012,2,10,1078.2,Shipped,Card
O001261,C0283,2025-04-13,P001,3,0,7497.0,Delivered,Card
O001262,C0431,2025-09-07,P005,1,0,3499.0,Shipped,Card
O001263,C0258,2026-03-29,P011,1,5,759.05,Delivered,UPI
O001264,C0063,2026-06-04,P009,1,0,1799.0,Delivered,COD
O001265,C0062,2025-06-02,P008,4,5,7596.2,Delivered,Card
O001266,C0100,2025-06-23,P008,1,10,1799.1,Cancelled,UPI
O001267,C0019,2025-12-09,P005,2,10,6298.2,Delivered,Net Banking
O001268,C0017,2026-03-07,P012,4,20,1916.8,Delivered,UPI
O001269,C0325,2025-11-20,P009,3,20,4317.6,Delivered,Card
O001270,C0423,2026-02-24,P003,2,10,1798.2,Delivered,UPI
O001271,C0466,2026-04-30,P003,4,10,3596.4,Delivered,Card
O001272,C0373,2026-02-16,P001,1,20,1999.2,Delivered,UPI
O001273,C0246,2025-03-25,P009,3,0,5397.0,Shipped,UPI
O001274,C0251,2025-04-23,P006,1,0,8999.0,Delivered,UPI
O001275,C0455,2025-11-28,P002,2,0,2598.0,Returned,Card
O001276,C0081,2026-01-13,P008,2,10,3598.2,Delivered,Card
O001277,C0039,2025-02-10,P012,4,15,2036.6,Delivered,Card
O001278,C0036,2025-04-15,P009,2,5,3418.1,Delivered,COD
O001279,C0424,2025-07-21,P009,3,10,4857.3,Shipped,COD
O001280,C0429,2026-03-26,P002,4,10,4676.4,Delivered,Card
O001281,C0388,2025-09-23,P002,3,0,3897.0,Delivered,Card
O001282,C0486,2025-07-29,P007,1,5,1329.05,Shipped,UPI
O001283,C0409,2026-07-17,P011,3,0,2397.0,Shipped,COD
O001284,C0197,2025-04-28,P004,3,0,4797.0,Shipped,COD
O001285,C0158,2026-01-12,P001,2,15,4248.3,Delivered,UPI
O001286,C0204,2026-07-05,P008,1,15,1699.15,Delivered,Card
O001287,C0196,2026-06-24,P002,2,15,2208.3,Delivered,COD
O001288,C0216,2025-03-25,P003,1,10,899.1,Delivered,UPI
O001289,C0285,2026-03-30,P005,1,15,2974.15,Delivered,UPI
O001290,C0457,2026-05-29,P003,3,10,2697.3,Delivered,UPI
O001291,C0196,2026-01-22,P007,2,10,2518.2,Returned,UPI
O001292,C0307,2025-12-16,P007,3,10,3777.3,Delivered,UPI
O001293,C0152,2025-10-23,P002,3,10,3507.3,Delivered,UPI
O001294,C0014,2025-09-15,P007,3,5,3987.15,Delivered,UPI
O001295,C0325,2025-03-22,P011,1,10,719.1,Delivered,COD
O001296,C0146,2025-09-25,P006,2,5,17098.1,Delivered,UPI
O001297,C0426,2026-02-23,P010,2,10,4138.2,Delivered,Card
O001298,C0057,2025-08-23,P009,3,5,5127.15,Delivered,UPI
O001299,C0211,2025-11-07,P009,1,5,1709.05,Delivered,UPI
O001300,C0268,2025-12-23,P002,2,20,2078.4,Delivered,Net Banking
O001301,C0210,2025-08-01,P007,4,5,5316.2,Shipped,COD
O001302,C0017,2026-07-28,P005,2,5,6648.1,Delivered,Card
O001303,C0286,2025-02-18,P006,3,0,26997.0,Delivered,Card
O001304,C0344,2025-05-07,P001,4,15,8496.6,Delivered,Card
O001305,C0203,2025-08-11,P007,1,10,1259.1,Delivered,UPI
O001306,C0099,2025-10-06,P006,4,10,32396.4,Delivered,UPI
O001307,C0279,2026-02-12,P004,4,15,5436.6,Delivered,UPI
O001308,C0209,2026-05-20,P001,3,5,7122.15,Returned,Net Banking
O001309,C0129,2025-10-21,P009,2,0,3598.0,Returned,UPI
O001310,C0335,2025-10-04,P004,1,0,1599.0,Delivered,Card
O001311,C0288,2026-03-14,P002,4,10,4676.4,Delivered,UPI
O001312,C0252,2025-04-17,P008,3,10,5397.3,Delivered,UPI
O001313,C0265,2026-02-24,P002,2,0,2598.0,Returned,Card
O001314,C0271,2026-03-05,P005,4,0,13996.0,Delivered,UPI
O001315,C0412,2026-01-10,P011,3,0,2397.0,Delivered,COD
O001316,C0408,2025-03-14,P006,3,10,24297.3,Delivered,UPI
O001317,C0188,2025-01-30,P011,3,0,2397.0,Delivered,UPI
O001318,C0419,2025-07-07,P008,1,0,1999.0,Delivered,Card
O001319,C0214,2025-12-30,P011,2,5,1518.1,Delivered,COD
O001320,C0283,2026-03-27,P001,4,10,8996.4,Delivered,UPI
O001321,C0211,2025-07-14,P001,2,10,4498.2,Delivered,Card
O001322,C0365,2025-06-05,P012,2,5,1138.1,Delivered,COD
O001323,C0076,2025-06-21,P004,4,10,5756.4,Shipped,UPI
O001324,C0148,2025-02-10,P005,2,10,6298.2,Delivered,COD
O001325,C0321,2025-03-04,P009,1,20,1439.2,Delivered,UPI
O001326,C0213,2025-01-23,P011,4,0,3196.0,Delivered,UPI
O001327,C0433,2025-12-26,P007,4,10,5036.4,Delivered,Card
O001328,C0109,2025-03-16,P007,3,5,3987.15,Delivered,UPI
O001329,C0129,2026-07-14,P008,2,0,3998.0,Delivered,Card
O001330,C0010,2025-04-28,P005,4,10,12596.4,Delivered,Card
O001331,C0047,2026-01-15,P005,4,5,13296.2,Delivered,UPI
O001332,C0379,2025-10-17,P001,1,5,2374.05,Delivered,COD
O001333,C0315,2026-03-16,P009,3,5,5127.15,Delivered,Card
O001334,C0096,2025-01-07,P006,4,0,35996.0,Delivered,Card
O001335,C0446,2025-07-15,P009,1,5,1709.05,Delivered,UPI
O001336,C0103,2026-02-25,P003,4,5,3796.2,Delivered,UPI
O001337,C0380,2026-07-22,P005,4,10,12596.4,Delivered,Card
O001338,C0342,2025-07-12,P002,4,15,4416.6,Delivered,COD
O001339,C0146,2026-07-13,P010,1,0,2299.0,Delivered,UPI
O001340,C0368,2025-05-28,P005,2,10,6298.2,Shipped,Card
O001341,C0430,2025-07-21,P008,4,15,6796.6,Delivered,Card
O001342,C0416,2026-03-20,P011,4,0,3196.0,Delivered,UPI
O001343,C0027,2026-02-23,P002,2,5,2468.1,Delivered,COD
O001344,C0220,2026-03-03,P008,4,15,6796.6,Cancelled,UPI
O001345,C0018,2026-04-24,P004,3,10,4317.3,Delivered,UPI
O001346,C0167,2026-04-20,P010,4,0,9196.0,Shipped,UPI
O001347,C0433,2025-05-06,P010,3,5,6552.15,Delivered,UPI
O001348,C0477,2026-01-30,P001,2,10,4498.2,Delivered,UPI
O001349,C0082,2026-07-30,P005,1,20,2799.2,Delivered,COD
O001350,C0428,2025-11-21,P001,2,0,4998.0,Delivered,COD
O001351,C0072,2026-01-27,P007,4,20,4476.8,Delivered,UPI
O001352,C0310,2026-03-16,P008,3,5,5697.15,Delivered,COD
O001353,C0479,2025-07-23,P003,1,0,999.0,Delivered,Card
O001354,C0254,2026-05-01,P003,4,5,3796.2,Delivered,UPI
O001355,C0162,2025-01-31,P007,1,10,1259.1,Delivered,UPI
O001356,C0327,2026-01-23,P004,1,0,1599.0,Shipped,UPI
O001357,C0420,2026-03-10,P003,4,5,3796.2,Delivered,UPI
O001358,C0402,2026-01-11,P008,2,15,3398.3,Cancelled,COD
O001359,C0038,2025-12-10,P003,4,20,3196.8,Delivered,Card
O001360,C0443,2026-03-19,P007,4,5,5316.2,Delivered,COD
O001361,C0393,2026-08-02,P002,2,0,2598.0,Delivered,COD
O001362,C0201,2025-03-16,P011,3,15,2037.45,Delivered,UPI
O001363,C0494,2026-07-11,P011,4,10,2876.4,Delivered,COD
O001364,C0200,2025-06-04,P001,1,0,2499.0,Cancelled,UPI
O001365,C0255,2026-03-06,P012,4,20,1916.8,Delivered,UPI
O001366,C0179,2025-12-29,P006,4,0,35996.0,Shipped,Card
O001367,C0035,2026-03-24,P008,1,10,1799.1,Delivered,UPI
O001368,C0082,2025-08-22,P001,2,5,4748.1,Shipped,UPI
O001369,C0389,2026-07-17,P010,3,10,6207.3,Delivered,Card
O001370,C0398,2025-09-19,P012,3,0,1797.0,Delivered,COD
O001371,C0220,2025-05-05,P009,1,10,1619.1,Delivered,UPI
O001372,C0158,2025-09-02,P003,2,20,1598.4,Delivered,UPI
O001373,C0004,2026-06-26,P003,4,5,3796.2,Delivered,Card
O001374,C0167,2026-04-30,P004,4,10,5756.4,Delivered,Card
O001375,C0468,2025-05-02,P011,4,0,3196.0,Delivered,UPI
O001376,C0448,2025-05-05,P001,4,15,8496.6,Cancelled,COD
O001377,C0409,2026-07-03,P009,4,20,5756.8,Delivered,Card
O001378,C0412,2025-06-19,P011,1,15,679.15,Delivered,Card
O001379,C0204,2025-05-04,P003,4,10,3596.4,Delivered,COD
O001380,C0194,2025-02-04,P010,4,20,7356.8,Delivered,COD
O001381,C0235,2025-03-28,P004,2,0,3198.0,Delivered,UPI
O001382,C0206,2025-07-20,P001,4,5,9496.2,Shipped,UPI
O001383,C0150,2026-01-04,P004,3,10,4317.3,Delivered,COD
O001384,C0159,2025-03-18,P001,1,5,2374.05,Cancelled,Net Banking
O001385,C0279,2025-02-28,P005,1,15,2974.15,Delivered,Card
O001386,C0304,2026-03-07,P005,1,10,3149.1,Delivered,UPI
O001387,C0404,2026-05-15,P011,3,0,2397.0,Delivered,Card
O001388,C0381,2025-04-19,P007,4,5,5316.2,Shipped,UPI
O001389,C0166,2025-10-05,P008,1,5,1899.05,Delivered,Net Banking
O001390,C0311,2025-03-09,P004,3,10,4317.3,Shipped,Card
O001391,C0068,2025-03-10,P007,2,5,2658.1,Delivered,Net Banking
O001392,C0463,2025-06-14,P004,4,0,6396.0,Delivered,Card
O001393,C0088,2026-05-04,P003,3,10,2697.3,Delivered,Net Banking
O001394,C0217,2025-11-01,P006,4,15,30596.6,Delivered,UPI
O001395,C0001,2025-12-31,P004,2,20,2558.4,Delivered,COD
O001396,C0135,2026-01-14,P003,3,20,2397.6,Shipped,Net Banking
O001397,C0185,2025-12-09,P009,4,15,6116.6,Returned,Card
O001398,C0351,2026-07-08,P005,3,0,10497.0,Delivered,Card
O001399,C0140,2025-12-20,P007,1,15,1189.15,Shipped,UPI
O001400,C0106,2026-02-20,P012,4,5,2276.2,Delivered,Card
O001401,C0133,2025-04-19,P006,3,10,24297.3,Delivered,COD
O001402,C0108,2026-07-17,P010,1,10,2069.1,Delivered,UPI
O001403,C0178,2026-05-12,P005,2,15,5948.3,Delivered,COD
O001404,C0298,2025-12-07,P007,4,5,5316.2,Delivered,Card
O001405,C0358,2026-01-18,P011,4,0,3196.0,Delivered,UPI
O001406,C0380,2026-06-17,P006,2,10,16198.2,Delivered,UPI
O001407,C0396,2025-10-27,P010,1,0,2299.0,Shipped,Card
O001408,C0359,2025-05-19,P002,2,20,2078.4,Delivered,UPI
O001409,C0146,2025-12-25,P003,4,10,3596.4,Cancelled,COD
O001410,C0450,2026-05-14,P002,3,10,3507.3,Shipped,Card
O001411,C0074,2026-01-20,P012,1,20,479.2,Delivered,UPI
O001412,C0463,2025-10-07,P003,1,10,899.1,Delivered,UPI
O001413,C0478,2026-04-28,P001,1,5,2374.05,Delivered,Card
O001414,C0108,2025-04-21,P008,2,5,3798.1,Cancelled,Card
O001415,C0122,2025-05-19,P006,2,10,16198.2,Returned,UPI
O001416,C0017,2026-03-11,P002,3,15,3312.45,Delivered,Card
O001417,C0196,2026-05-24,P008,3,15,5097.45,Delivered,COD
O001418,C0327,2025-09-30,P006,1,20,7199.2,Delivered,UPI
O001419,C0318,2025-04-09,P007,3,0,4197.0,Delivered,UPI
O001420,C0297,2025-04-14,P011,2,5,1518.1,Delivered,Net Banking
O001421,C0479,2025-08-02,P001,3,0,7497.0,Delivered,UPI
O001422,C0499,2025-06-14,P007,2,15,2378.3,Shipped,COD
O001423,C0252,2026-06-04,P003,3,0,2997.0,Returned,UPI
O001424,C0487,2025-10-11,P011,4,0,3196.0,Delivered,UPI
O001425,C0119,2026-06-01,P012,2,10,1078.2,Shipped,UPI
O001426,C0162,2025-06-13,P008,4,5,7596.2,Shipped,UPI
O001427,C0198,2025-03-05,P006,2,10,16198.2,Delivered,UPI
O001428,C0498,2025-04-01,P004,3,5,4557.15,Delivered,UPI
O001429,C0486,2025-04-27,P011,4,5,3036.2,Delivered,UPI
O001430,C0045,2025-09-24,P008,3,5,5697.15,Delivered,UPI
O001431,C0314,2026-07-13,P009,2,15,3058.3,Delivered,Card
O001432,C0179,2025-05-20,P010,4,5,8736.2,Delivered,COD
O001433,C0382,2025-09-03,P002,1,5,1234.05,Shipped,COD
O001434,C0418,2026-01-30,P006,3,5,25647.15,Delivered,Card
O001435,C0044,2026-05-02,P005,2,0,6998.0,Delivered,Net Banking
O001436,C0271,2026-04-21,P005,4,15,11896.6,Delivered,UPI
O001437,C0078,2026-06-01,P010,3,0,6897.0,Delivered,UPI
O001438,C0326,2025-07-03,P011,4,20,2556.8,Returned,UPI
O001439,C0178,2025-01-20,P003,3,5,2847.15,Delivered,COD
O001440,C0357,2026-07-12,P012,3,15,1527.45,Delivered,COD
O001441,C0498,2026-06-08,P008,3,15,5097.45,Shipped,Card
O001442,C0416,2026-08-05,P008,4,10,7196.4,Delivered,UPI
O001443,C0451,2026-06-13,P012,4,10,2156.4,Shipped,Card
O001444,C0003,2025-05-27,P005,3,5,9972.15,Delivered,UPI
O001445,C0214,2025-10-31,P008,1,10,1799.1,Delivered,Card
O001446,C0342,2026-08-05,P010,1,5,2184.05,Cancelled,Card
O001447,C0074,2025-08-16,P008,1,5,1899.05,Delivered,UPI
O001448,C0051,2025-04-12,P003,2,15,1698.3,Delivered,UPI
O001449,C0067,2026-08-10,P002,1,0,1299.0,Delivered,COD
O001450,C0332,2026-02-21,P009,4,15,6116.6,Delivered,Card
O001451,C0093,2025-08-04,P002,1,5,1234.05,Shipped,UPI
O001452,C0176,2026-02-11,P009,4,10,6476.4,Delivered,Card
O001453,C0145,2026-02-03,P004,2,20,2558.4,Delivered,Net Banking
O001454,C0007,2026-05-14,P012,4,10,2156.4,Delivered,UPI
O001455,C0269,2026-04-10,P002,4,10,4676.4,Shipped,UPI
O001456,C0376,2025-03-23,P010,4,10,8276.4,Shipped,Card
O001457,C0322,2025-12-31,P001,1,20,1999.2,Delivered,Card
O001458,C0004,2025-06-12,P004,3,0,4797.0,Shipped,UPI
O001459,C0138,2025-02-17,P009,4,10,6476.4,Delivered,UPI
O001460,C0231,2026-05-26,P012,1,5,569.05,Delivered,UPI
O001461,C0088,2025-11-25,P009,1,0,1799.0,Returned,Card
O001462,C0017,2025-04-26,P004,1,0,1599.0,Delivered,UPI
O001463,C0052,2025-12-03,P009,3,5,5127.15,Delivered,Card
O001464,C0134,2025-05-27,P012,3,10,1617.3,Delivered,Net Banking
O001465,C0211,2026-07-29,P006,3,15,22947.45,Delivered,COD
O001466,C0325,2025-11-19,P001,3,15,6372.45,Delivered,Card
O001467,C0480,2026-03-19,P010,2,10,4138.2,Delivered,Card
O001468,C0458,2025-01-13,P006,3,0,26997.0,Delivered,COD
O001469,C0393,2026-05-09,P009,3,5,5127.15,Delivered,COD
O001470,C0219,2025-10-14,P002,3,5,3702.15,Delivered,COD
O001471,C0205,2025-04-24,P006,4,10,32396.4,Delivered,UPI
O001472,C0211,2026-04-25,P002,4,0,5196.0,Delivered,UPI
O001473,C0277,2025-01-22,P004,3,10,4317.3,Delivered,Net Banking
O001474,C0024,2025-12-15,P008,2,20,3198.4,Delivered,Net Banking
O001475,C0486,2026-07-20,P007,4,10,5036.4,Returned,Card
O001476,C0004,2025-11-16,P011,1,15,679.15,Delivered,Net Banking
O001477,C0152,2025-05-06,P012,4,10,2156.4,Cancelled,COD
O001478,C0443,2025-10-04,P009,1,0,1799.0,Delivered,Card
O001479,C0483,2025-07-23,P007,4,0,5596.0,Delivered,UPI
O001480,C0259,2025-07-13,P001,3,15,6372.45,Delivered,Card
O001481,C0324,2026-07-01,P002,4,10,4676.4,Shipped,Card
O001482,C0357,2025-10-13,P006,3,10,24297.3,Delivered,Net Banking
O001483,C0168,2025-02-26,P007,3,0,4197.0,Returned,Card
O001484,C0176,2025-10-30,P003,4,10,3596.4,Delivered,COD
O001485,C0310,2025-06-12,P009,1,0,1799.0,Shipped,COD
O001486,C0291,2025-01-19,P007,1,0,1399.0,Shipped,UPI
O001487,C0479,2026-01-05,P006,4,5,34196.2,Delivered,UPI
O001488,C0056,2025-09-21,P006,3,5,25647.15,Delivered,Card
O001489,C0108,2025-04-23,P001,1,0,2499.0,Delivered,UPI
O001490,C0473,2026-05-03,P005,2,0,6998.0,Shipped,Card
O001491,C0296,2025-11-23,P010,3,10,6207.3,Delivered,UPI
O001492,C0461,2026-06-26,P003,4,10,3596.4,Delivered,UPI
O001493,C0324,2026-08-02,P007,3,10,3777.3,Delivered,UPI
O001494,C0302,2025-03-06,P010,2,5,4368.1,Delivered,UPI
O001495,C0334,2025-10-19,P003,2,20,1598.4,Delivered,UPI
O001496,C0141,2025-01-25,P005,1,0,3499.0,Delivered,Net Banking
O001497,C0155,2026-07-03,P007,2,0,2798.0,Delivered,UPI
O001498,C0262,2025-01-01,P003,3,10,2697.3,Delivered,COD
O001499,C0273,2026-07-03,P010,1,0,2299.0,Delivered,Net Banking
O001500,C0420,2025-05-21,P002,2,10,2338.2,Delivered,COD
O001501,C0232,2025-07-07,P006,1,10,8099.1,Delivered,Card
O001502,C0241,2025-05-08,P008,1,20,1599.2,Delivered,COD
O001503,C0355,2025-07-20,P004,4,15,5436.6,Delivered,UPI
O001504,C0337,2025-05-07,P009,1,20,1439.2,Returned,UPI
O001505,C0489,2025-09-14,P012,1,0,599.0,Delivered,COD
O001506,C0258,2026-07-01,P012,2,15,1018.3,Delivered,UPI
O001507,C0249,2025-07-13,P008,3,0,5997.0,Delivered,Net Banking
O001508,C0077,2025-04-14,P007,3,10,3777.3,Delivered,Card
O001509,C0180,2026-06-19,P007,2,10,2518.2,Delivered,UPI
O001510,C0066,2025-09-22,P003,3,0,2997.0,Shipped,UPI
O001511,C0308,2026-01-19,P006,1,10,8099.1,Delivered,Card
O001512,C0348,2025-09-17,P005,4,0,13996.0,Delivered,Card
O001513,C0171,2026-02-18,P001,1,5,2374.05,Delivered,Card
O001514,C0474,2025-12-24,P011,1,20,639.2,Shipped,UPI
O001515,C0022,2025-03-16,P003,4,0,3996.0,Delivered,UPI
O001516,C0367,2025-12-21,P012,2,0,1198.0,Delivered,UPI
O001517,C0107,2026-08-07,P001,1,5,2374.05,Delivered,UPI
O001518,C0439,2025-07-07,P004,1,15,1359.15,Delivered,UPI
O001519,C0323,2025-10-17,P010,2,0,4598.0,Shipped,UPI
O001520,C0227,2025-02-14,P003,1,5,949.05,Delivered,UPI
O001521,C0444,2026-07-27,P011,1,15,679.15,Delivered,Card
O001522,C0442,2025-03-24,P004,3,0,4797.0,Delivered,Card
O001523,C0396,2025-05-03,P009,2,5,3418.1,Delivered,UPI
O001524,C0216,2025-12-24,P003,1,15,849.15,Delivered,Card
O001525,C0069,2026-06-12,P012,1,10,539.1,Shipped,Card
O001526,C0084,2025-03-07,P006,4,15,30596.6,Delivered,Card
O001527,C0103,2026-01-10,P006,4,0,35996.0,Delivered,Card
O001528,C0039,2025-06-11,P007,4,20,4476.8,Delivered,UPI
O001529,C0013,2026-01-15,P009,1,20,1439.2,Shipped,UPI
O001530,C0297,2025-12-24,P012,1,0,599.0,Delivered,UPI
O001531,C0313,2025-07-07,P007,4,0,5596.0,Cancelled,UPI
O001532,C0181,2025-11-18,P001,3,20,5997.6,Delivered,Card
O001533,C0493,2026-03-26,P008,3,5,5697.15,Delivered,COD
O001534,C0268,2026-04-19,P005,3,10,9447.3,Delivered,UPI
O001535,C0013,2025-01-13,P009,3,10,4857.3,Delivered,Card
O001536,C0120,2025-07-03,P010,2,15,3908.3,Delivered,COD
O001537,C0458,2025-04-21,P012,4,15,2036.6,Delivered,UPI
O001538,C0353,2026-05-23,P005,1,0,3499.0,Delivered,COD
O001539,C0057,2025-10-17,P005,4,0,13996.0,Delivered,UPI
O001540,C0040,2025-10-22,P012,3,15,1527.45,Delivered,COD
O001541,C0374,2026-03-27,P012,1,15,509.15,Delivered,UPI
O001542,C0336,2025-08-03,P002,2,10,2338.2,Shipped,UPI
O001543,C0128,2026-07-21,P012,4,20,1916.8,Delivered,Card
O001544,C0173,2025-01-27,P011,1,10,719.1,Shipped,COD
O001545,C0035,2025-08-19,P003,1,0,999.0,Delivered,UPI
O001546,C0259,2026-07-19,P010,3,15,5862.45,Delivered,COD
O001547,C0376,2025-11-17,P009,3,5,5127.15,Returned,Card
O001548,C0005,2025-08-21,P007,4,0,5596.0,Delivered,UPI
O001549,C0218,2026-03-13,P001,2,5,4748.1,Delivered,Card
O001550,C0011,2026-06-17,P003,1,15,849.15,Delivered,Card
O001551,C0382,2026-02-07,P012,3,20,1437.6,Delivered,UPI
O001552,C0327,2025-02-22,P002,4,5,4936.2,Delivered,COD
O001553,C0117,2025-11-09,P001,3,0,7497.0,Shipped,Net Banking
O001554,C0184,2025-10-08,P009,4,10,6476.4,Delivered,Card
O001555,C0394,2025-01-31,P008,3,15,5097.45,Delivered,Net Banking
O001556,C0362,2025-12-03,P005,2,10,6298.2,Delivered,UPI
O001557,C0116,2025-07-02,P011,1,10,719.1,Delivered,UPI
O001558,C0162,2025-01-23,P012,3,10,1617.3,Delivered,COD
O001559,C0067,2026-06-28,P002,1,0,1299.0,Delivered,COD
O001560,C0200,2026-03-22,P001,4,5,9496.2,Delivered,UPI
O001561,C0031,2025-03-15,P007,2,5,2658.1,Shipped,UPI
O001562,C0075,2025-01-10,P011,1,15,679.15,Delivered,COD
O001563,C0237,2026-04-29,P011,3,0,2397.0,Delivered,UPI
O001564,C0327,2026-04-01,P002,1,10,1169.1,Delivered,UPI
O001565,C0493,2026-07-20,P001,1,5,2374.05,Shipped,Card
O001566,C0066,2026-07-18,P002,4,5,4936.2,Delivered,Net Banking
O001567,C0070,2025-06-09,P007,2,5,2658.1,Shipped,COD
O001568,C0297,2025-01-14,P007,2,5,2658.1,Shipped,COD
O001569,C0447,2025-06-27,P010,1,5,2184.05,Delivered,UPI
O001570,C0416,2026-02-16,P006,1,15,7649.15,Delivered,Card
O001571,C0020,2025-02-22,P005,4,5,13296.2,Delivered,UPI
O001572,C0441,2026-02-12,P003,1,10,899.1,Delivered,Net Banking
O001573,C0226,2025-01-22,P012,4,5,2276.2,Shipped,Card
O001574,C0434,2025-01-30,P003,2,10,1798.2,Delivered,Card
O001575,C0464,2025-09-17,P011,2,10,1438.2,Delivered,COD
O001576,C0409,2025-07-24,P012,4,20,1916.8,Delivered,UPI
O001577,C0396,2025-02-28,P009,1,5,1709.05,Delivered,Net Banking
O001578,C0199,2026-04-16,P004,2,0,3198.0,Delivered,UPI
O001579,C0039,2026-04-11,P009,3,20,4317.6,Delivered,UPI
O001580,C0145,2025-01-12,P004,4,0,6396.0,Delivered,UPI
O001581,C0045,2025-10-17,P002,2,15,2208.3,Delivered,COD
O001582,C0395,2025-12-20,P004,2,0,3198.0,Delivered,COD
O001583,C0326,2025-03-16,P006,2,10,16198.2,Delivered,UPI
O001584,C0381,2026-07-15,P006,3,0,26997.0,Delivered,UPI
O001585,C0407,2026-03-17,P005,3,20,8397.6,Delivered,COD
O001586,C0091,2025-08-29,P001,3,10,6747.3,Cancelled,UPI
O001587,C0238,2025-06-03,P003,1,5,949.05,Delivered,Card
O001588,C0070,2025-04-06,P005,4,0,13996.0,Delivered,Card
O001589,C0166,2025-10-21,P006,1,5,8549.05,Delivered,COD
O001590,C0130,2025-07-28,P001,3,10,6747.3,Delivered,Card
O001591,C0214,2025-12-09,P009,4,5,6836.2,Delivered,Card
O001592,C0340,2025-03-29,P003,1,0,999.0,Returned,Net Banking
O001593,C0089,2026-01-25,P010,1,10,2069.1,Delivered,UPI
O001594,C0335,2025-11-21,P003,1,5,949.05,Delivered,UPI
O001595,C0252,2025-06-06,P011,3,0,2397.0,Delivered,UPI
O001596,C0369,2026-07-31,P002,2,0,2598.0,Delivered,Net Banking
O001597,C0349,2025-05-17,P008,4,10,7196.4,Delivered,Card
O001598,C0072,2026-03-04,P003,3,20,2397.6,Cancelled,UPI
O001599,C0165,2026-03-28,P006,4,0,35996.0,Delivered,Card
O001600,C0049,2025-05-21,P002,3,15,3312.45,Delivered,UPI
O001601,C0052,2025-03-24,P007,1,0,1399.0,Returned,Net Banking
O001602,C0289,2025-06-26,P004,1,5,1519.05,Delivered,UPI
O001603,C0278,2025-07-17,P009,2,10,3238.2,Delivered,Card
O001604,C0114,2026-07-22,P010,2,5,4368.1,Delivered,Card
O001605,C0239,2026-02-25,P009,4,10,6476.4,Delivered,UPI
O001606,C0133,2026-02-05,P007,2,15,2378.3,Delivered,COD
O001607,C0487,2026-04-16,P012,2,20,958.4,Shipped,UPI
O001608,C0274,2025-08-06,P008,4,0,7996.0,Shipped,Card
O001609,C0166,2025-06-24,P003,3,5,2847.15,Delivered,COD
O001610,C0374,2025-01-23,P011,2,20,1278.4,Delivered,Card
O001611,C0373,2025-08-23,P005,3,5,9972.15,Shipped,UPI
O001612,C0293,2025-01-13,P002,1,10,1169.1,Delivered,Net Banking
O001613,C0478,2025-04-11,P010,2,5,4368.1,Delivered,UPI
O001614,C0243,2026-06-20,P007,1,5,1329.05,Delivered,Card
O001615,C0479,2026-06-07,P008,1,0,1999.0,Delivered,COD
O001616,C0320,2026-03-28,P009,3,15,4587.45,Cancelled,Net Banking
O001617,C0138,2026-03-07,P011,4,15,2716.6,Delivered,Card
O001618,C0079,2026-06-17,P011,2,5,1518.1,Delivered,UPI
O001619,C0170,2025-10-20,P007,3,15,3567.45,Delivered,COD
O001620,C0123,2025-04-11,P010,4,5,8736.2,Delivered,UPI
O001621,C0176,2026-05-17,P010,1,0,2299.0,Delivered,UPI
O001622,C0300,2025-10-31,P008,2,15,3398.3,Delivered,COD
O001623,C0082,2026-06-24,P012,1,10,539.1,Shipped,Card
O001624,C0087,2026-07-07,P009,1,5,1709.05,Delivered,UPI
O001625,C0225,2025-12-21,P006,2,5,17098.1,Cancelled,Card
O001626,C0016,2025-10-30,P012,4,20,1916.8,Delivered,UPI
O001627,C0310,2026-05-11,P012,4,15,2036.6,Delivered,UPI
O001628,C0358,2025-08-15,P010,2,15,3908.3,Delivered,UPI
O001629,C0163,2025-08-24,P002,2,0,2598.0,Shipped,COD
O001630,C0098,2026-03-31,P002,3,15,3312.45,Delivered,COD
O001631,C0156,2025-01-13,P004,3,0,4797.0,Delivered,Card
O001632,C0002,2025-07-29,P009,1,20,1439.2,Delivered,UPI
O001633,C0350,2026-02-01,P007,2,0,2798.0,Delivered,Card
O001634,C0397,2025-04-10,P002,4,5,4936.2,Delivered,UPI
O001635,C0169,2025-01-31,P008,1,5,1899.05,Delivered,Card
O001636,C0464,2026-06-12,P011,1,15,679.15,Delivered,COD
O001637,C0315,2025-11-25,P007,1,15,1189.15,Delivered,Card
O001638,C0325,2025-06-15,P009,1,5,1709.05,Delivered,Card
O001639,C0375,2026-04-04,P008,4,10,7196.4,Delivered,Net Banking
O001640,C0092,2025-04-10,P003,1,15,849.15,Delivered,Card
O001641,C0181,2025-06-22,P001,2,0,4998.0,Delivered,Card
O001642,C0231,2025-06-11,P002,3,15,3312.45,Delivered,Card
O001643,C0301,2025-09-20,P002,4,20,4156.8,Delivered,UPI
O001644,C0148,2025-10-01,P004,2,0,3198.0,Delivered,Card
O001645,C0280,2025-01-03,P006,2,0,17998.0,Delivered,Card
O001646,C0189,2025-01-28,P004,2,5,3038.1,Delivered,UPI
O001647,C0347,2025-11-22,P009,3,0,5397.0,Delivered,UPI
O001648,C0350,2025-05-29,P004,3,5,4557.15,Delivered,Net Banking
O001649,C0314,2026-06-24,P006,3,10,24297.3,Delivered,Card
O001650,C0493,2026-05-03,P006,2,10,16198.2,Delivered,UPI
O001651,C0411,2026-03-14,P010,3,0,6897.0,Delivered,UPI
O001652,C0410,2025-03-06,P011,1,10,719.1,Delivered,Card
O001653,C0128,2025-12-22,P010,3,10,6207.3,Delivered,UPI
O001654,C0007,2026-06-17,P001,4,20,7996.8,Delivered,UPI
O001655,C0426,2025-09-09,P008,2,0,3998.0,Delivered,COD
O001656,C0047,2025-08-23,P012,2,10,1078.2,Delivered,Card
O001657,C0053,2025-08-15,P003,1,20,799.2,Returned,UPI
O001658,C0187,2026-06-09,P006,3,10,24297.3,Delivered,UPI
O001659,C0038,2025-11-09,P003,3,5,2847.15,Shipped,Card
O001660,C0453,2025-02-18,P011,4,0,3196.0,Delivered,UPI
O001661,C0471,2025-04-28,P002,1,15,1104.15,Delivered,UPI
O001662,C0476,2025-02-23,P005,4,5,13296.2,Delivered,UPI
O001663,C0226,2026-07-19,P001,4,20,7996.8,Delivered,UPI
O001664,C0053,2025-02-13,P009,2,15,3058.3,Shipped,UPI
O001665,C0399,2025-02-22,P011,2,5,1518.1,Delivered,Net Banking
O001666,C0224,2026-08-09,P007,3,10,3777.3,Delivered,UPI
O001667,C0154,2026-07-12,P003,3,0,2997.0,Delivered,UPI
O001668,C0048,2026-06-09,P004,4,5,6076.2,Delivered,UPI
O001669,C0351,2025-04-12,P006,3,10,24297.3,Cancelled,Card
O001670,C0147,2026-02-02,P003,4,10,3596.4,Delivered,COD
O001671,C0393,2025-05-18,P012,3,5,1707.15,Delivered,UPI
O001672,C0064,2026-01-22,P007,3,15,3567.45,Delivered,COD
O001673,C0349,2025-04-21,P006,2,0,17998.0,Delivered,UPI
O001674,C0182,2025-01-17,P009,2,5,3418.1,Shipped,COD
O001675,C0125,2025-07-01,P012,2,5,1138.1,Cancelled,UPI
O001676,C0179,2026-06-20,P005,2,5,6648.1,Delivered,UPI
O001677,C0039,2026-06-25,P004,1,20,1279.2,Delivered,UPI
O001678,C0260,2025-06-20,P003,2,10,1798.2,Cancelled,UPI
O001679,C0382,2026-02-13,P010,1,10,2069.1,Delivered,Card
O001680,C0003,2026-01-13,P001,2,10,4498.2,Delivered,Card
O001681,C0064,2025-07-07,P003,3,0,2997.0,Delivered,Card
O001682,C0029,2025-08-18,P003,4,5,3796.2,Delivered,UPI
O001683,C0372,2025-04-29,P007,3,10,3777.3,Delivered,Card
O001684,C0011,2025-06-05,P007,3,20,3357.6,Cancelled,UPI
O001685,C0097,2026-04-10,P012,1,15,509.15,Delivered,Card
O001686,C0358,2025-04-14,P001,2,5,4748.1,Delivered,UPI
O001687,C0442,2026-05-17,P003,4,5,3796.2,Delivered,UPI
O001688,C0203,2025-06-24,P008,4,0,7996.0,Delivered,Card
O001689,C0411,2026-02-25,P009,2,0,3598.0,Delivered,COD
O001690,C0481,2025-05-14,P007,1,5,1329.05,Delivered,Card
O001691,C0021,2026-01-26,P007,1,10,1259.1,Delivered,UPI
O001692,C0039,2026-05-16,P012,1,5,569.05,Delivered,UPI
O001693,C0223,2025-02-02,P011,4,10,2876.4,Delivered,UPI
O001694,C0102,2025-02-24,P008,1,10,1799.1,Delivered,Card
O001695,C0046,2026-06-03,P006,1,5,8549.05,Delivered,Card
O001696,C0066,2025-01-12,P011,4,15,2716.6,Delivered,UPI
O001697,C0091,2026-06-12,P003,4,0,3996.0,Returned,UPI
O001698,C0164,2026-07-09,P001,3,10,6747.3,Delivered,Card
O001699,C0459,2026-01-08,P007,4,15,4756.6,Delivered,UPI
O001700,C0111,2026-04-29,P001,2,10,4498.2,Delivered,UPI
O001701,C0338,2025-08-16,P001,4,20,7996.8,Delivered,Card
O001702,C0123,2025-11-03,P009,4,0,7196.0,Delivered,UPI
O001703,C0193,2026-04-02,P010,1,10,2069.1,Delivered,COD
O001704,C0447,2025-06-09,P007,3,10,3777.3,Delivered,COD
O001705,C0099,2025-11-27,P011,1,10,719.1,Delivered,UPI
O001706,C0291,2025-08-13,P004,3,15,4077.45,Returned,UPI
O001707,C0159,2026-05-19,P006,1,10,8099.1,Delivered,UPI
O001708,C0412,2026-04-01,P001,2,15,4248.3,Delivered,UPI
O001709,C0103,2025-02-14,P007,1,5,1329.05,Delivered,Net Banking
O001710,C0385,2025-08-02,P012,1,5,569.05,Shipped,UPI
O001711,C0281,2025-02-28,P006,2,10,16198.2,Delivered,COD
O001712,C0043,2025-07-14,P004,2,10,2878.2,Delivered,Card
O001713,C0486,2026-05-04,P007,4,20,4476.8,Delivered,COD
O001714,C0084,2025-06-06,P003,1,0,999.0,Delivered,Card
O001715,C0451,2025-08-14,P001,2,5,4748.1,Delivered,Card
O001716,C0191,2026-02-16,P004,2,10,2878.2,Delivered,Card
O001717,C0051,2025-07-24,P003,4,15,3396.6,Delivered,COD
O001718,C0386,2025-03-20,P001,3,20,5997.6,Delivered,UPI
O001719,C0210,2025-05-04,P002,2,5,2468.1,Cancelled,COD
O001720,C0126,2026-04-16,P011,2,0,1598.0,Delivered,Card
O001721,C0492,2025-08-06,P005,1,5,3324.05,Delivered,Card
O001722,C0448,2026-05-31,P008,4,5,7596.2,Delivered,Net Banking
O001723,C0458,2025-04-14,P001,1,20,1999.2,Delivered,COD
O001724,C0069,2026-01-28,P004,3,5,4557.15,Delivered,COD
O001725,C0265,2026-03-10,P004,4,5,6076.2,Delivered,UPI
O001726,C0258,2025-11-27,P005,1,5,3324.05,Delivered,Net Banking
O001727,C0418,2025-05-23,P007,2,5,2658.1,Delivered,COD
O001728,C0188,2026-06-24,P012,2,15,1018.3,Delivered,Card
O001729,C0230,2025-10-05,P008,4,0,7996.0,Delivered,Net Banking
O001730,C0189,2025-08-21,P006,2,5,17098.1,Delivered,UPI
O001731,C0415,2026-06-13,P001,1,20,1999.2,Delivered,UPI
O001732,C0010,2026-07-25,P007,4,0,5596.0,Delivered,Card
O001733,C0114,2025-03-31,P003,2,10,1798.2,Shipped,UPI
O001734,C0076,2026-05-07,P006,2,5,17098.1,Shipped,Card
O001735,C0164,2025-07-18,P008,3,10,5397.3,Delivered,UPI
O001736,C0085,2025-12-28,P007,3,0,4197.0,Delivered,UPI
O001737,C0049,2026-03-17,P010,4,5,8736.2,Delivered,UPI
O001738,C0495,2025-01-26,P006,3,10,24297.3,Delivered,Card
O001739,C0326,2025-01-25,P009,1,0,1799.0,Cancelled,UPI
O001740,C0496,2026-01-29,P009,2,10,3238.2,Delivered,UPI
O001741,C0177,2026-05-22,P001,2,0,4998.0,Delivered,UPI
O001742,C0387,2025-10-28,P001,2,10,4498.2,Shipped,COD
O001743,C0458,2025-12-05,P001,4,20,7996.8,Delivered,COD
O001744,C0389,2025-09-24,P008,4,0,7996.0,Delivered,UPI
O001745,C0494,2026-04-06,P012,3,0,1797.0,Delivered,Card
O001746,C0218,2026-04-01,P012,2,15,1018.3,Delivered,UPI
O001747,C0189,2025-12-26,P010,2,10,4138.2,Delivered,UPI
O001748,C0469,2025-03-09,P007,2,0,2798.0,Delivered,Net Banking
O001749,C0493,2026-02-16,P003,2,5,1898.1,Delivered,UPI
O001750,C0346,2026-05-06,P002,2,0,2598.0,Delivered,UPI
O001751,C0230,2025-02-18,P004,1,0,1599.0,Shipped,UPI
O001752,C0255,2026-07-18,P003,2,20,1598.4,Delivered,Net Banking
O001753,C0236,2025-04-12,P007,1,15,1189.15,Delivered,Card
O001754,C0026,2025-08-04,P010,2,10,4138.2,Delivered,Card
O001755,C0072,2026-03-14,P008,4,0,7996.0,Delivered,Card
O001756,C0261,2026-07-23,P006,4,0,35996.0,Delivered,UPI
O001757,C0254,2026-07-13,P003,1,15,849.15,Shipped,COD
O001758,C0271,2025-06-08,P006,2,0,17998.0,Delivered,UPI
O001759,C0123,2026-05-04,P002,4,5,4936.2,Delivered,Card
O001760,C0144,2025-08-30,P012,4,5,2276.2,Delivered,Card
O001761,C0257,2025-01-05,P007,2,10,2518.2,Cancelled,UPI
O001762,C0144,2025-12-27,P011,2,5,1518.1,Delivered,UPI
O001763,C0421,2026-04-04,P010,4,5,8736.2,Cancelled,Card
O001764,C0259,2025-09-05,P007,2,15,2378.3,Delivered,UPI
O001765,C0436,2026-07-20,P004,3,10,4317.3,Shipped,UPI
O001766,C0047,2026-02-26,P008,2,0,3998.0,Shipped,UPI
O001767,C0351,2025-01-15,P004,4,10,5756.4,Delivered,COD
O001768,C0013,2026-07-27,P007,4,0,5596.0,Delivered,COD
O001769,C0376,2025-05-02,P004,1,5,1519.05,Delivered,COD
O001770,C0208,2025-10-04,P012,3,10,1617.3,Delivered,Card
O001771,C0311,2026-07-12,P005,4,5,13296.2,Delivered,Card
O001772,C0235,2026-03-29,P007,3,5,3987.15,Delivered,UPI
O001773,C0149,2026-01-25,P010,2,10,4138.2,Delivered,UPI
O001774,C0322,2025-10-21,P003,4,20,3196.8,Delivered,COD
O001775,C0438,2026-07-28,P010,1,10,2069.1,Delivered,COD
O001776,C0155,2026-03-22,P005,4,0,13996.0,Delivered,COD
O001777,C0166,2025-07-29,P011,1,5,759.05,Delivered,Card
O001778,C0090,2026-08-13,P003,3,5,2847.15,Delivered,COD
O001779,C0186,2025-10-29,P005,1,5,3324.05,Delivered,Net Banking
O001780,C0318,2025-08-11,P003,2,5,1898.1,Delivered,UPI
O001781,C0358,2025-01-03,P011,2,10,1438.2,Delivered,UPI
O001782,C0174,2026-06-02,P010,2,0,4598.0,Delivered,Card
O001783,C0217,2025-04-03,P011,4,5,3036.2,Shipped,UPI
O001784,C0395,2026-06-04,P007,2,10,2518.2,Delivered,COD
O001785,C0456,2026-03-04,P001,2,5,4748.1,Delivered,UPI
O001786,C0264,2026-05-08,P009,4,20,5756.8,Delivered,Card
O001787,C0097,2025-08-23,P009,3,5,5127.15,Delivered,Card
O001788,C0117,2025-06-10,P005,2,15,5948.3,Delivered,Card
O001789,C0199,2025-11-27,P009,2,15,3058.3,Delivered,UPI
O001790,C0320,2025-11-29,P010,4,15,7816.6,Delivered,Net Banking
O001791,C0486,2025-02-19,P006,3,0,26997.0,Delivered,UPI
O001792,C0021,2026-06-07,P005,3,20,8397.6,Delivered,COD
O001793,C0200,2026-05-07,P003,3,0,2997.0,Delivered,COD
O001794,C0371,2026-08-05,P011,4,0,3196.0,Delivered,UPI
O001795,C0447,2025-09-29,P011,1,5,759.05,Shipped,Net Banking
O001796,C0341,2026-08-03,P008,1,0,1999.0,Delivered,Card
O001797,C0448,2025-09-09,P004,2,0,3198.0,Delivered,Card
O001798,C0248,2026-07-14,P010,2,5,4368.1,Delivered,Card
O001799,C0276,2025-03-31,P003,2,0,1998.0,Shipped,Card
O001800,C0264,2026-03-22,P006,1,10,8099.1,Delivered,UPI
O001801,C0058,2025-11-28,P008,4,0,7996.0,Delivered,COD
O001802,C0302,2025-05-19,P009,2,10,3238.2,Delivered,Card
O001803,C0031,2025-12-23,P006,4,20,28796.8,Returned,UPI
O001804,C0498,2025-10-01,P005,2,5,6648.1,Delivered,Card
O001805,C0249,2025-01-19,P012,4,10,2156.4,Delivered,Card
O001806,C0093,2025-11-07,P011,4,20,2556.8,Shipped,Card
O001807,C0496,2025-06-03,P002,1,0,1299.0,Delivered,UPI
O001808,C0265,2026-01-25,P002,4,5,4936.2,Delivered,UPI
O001809,C0271,2025-09-17,P009,3,15,4587.45,Delivered,UPI
O001810,C0094,2026-07-25,P002,1,20,1039.2,Delivered,Card
O001811,C0154,2025-05-05,P002,2,10,2338.2,Delivered,COD
O001812,C0394,2025-12-20,P003,1,0,999.0,Returned,UPI
O001813,C0285,2025-09-30,P003,3,20,2397.6,Delivered,UPI
O001814,C0080,2025-09-02,P004,3,0,4797.0,Delivered,COD
O001815,C0292,2026-03-26,P007,4,5,5316.2,Delivered,UPI
O001816,C0084,2025-09-04,P009,3,5,5127.15,Delivered,UPI
O001817,C0365,2026-06-04,P002,3,5,3702.15,Delivered,Card
O001818,C0374,2025-05-21,P004,3,15,4077.45,Delivered,COD
O001819,C0037,2025-12-28,P009,3,15,4587.45,Delivered,COD
O001820,C0342,2025-01-08,P002,2,10,2338.2,Delivered,COD
O001821,C0327,2026-04-23,P010,2,0,4598.0,Delivered,UPI
O001822,C0407,2025-12-18,P011,1,10,719.1,Delivered,COD
O001823,C0425,2026-05-10,P001,4,10,8996.4,Returned,UPI
O001824,C0232,2026-03-03,P010,2,5,4368.1,Delivered,UPI
O001825,C0093,2025-02-08,P008,3,20,4797.6,Delivered,UPI
O001826,C0336,2025-07-06,P009,4,15,6116.6,Delivered,UPI
O001827,C0102,2025-04-03,P007,2,10,2518.2,Delivered,UPI
O001828,C0412,2025-03-27,P008,1,0,1999.0,Delivered,Card
O001829,C0432,2025-02-13,P004,3,10,4317.3,Delivered,Card
O001830,C0166,2025-05-17,P004,4,20,5116.8,Delivered,UPI
O001831,C0159,2026-02-25,P002,2,5,2468.1,Delivered,COD
O001832,C0014,2025-03-15,P008,4,15,6796.6,Shipped,Card
O001833,C0373,2026-07-02,P011,2,5,1518.1,Delivered,UPI
O001834,C0225,2026-05-27,P002,1,10,1169.1,Delivered,UPI
O001835,C0073,2025-06-05,P009,3,10,4857.3,Delivered,UPI
O001836,C0249,2025-09-12,P004,1,10,1439.1,Delivered,UPI
O001837,C0091,2025-06-20,P001,3,15,6372.45,Delivered,COD
O001838,C0216,2025-06-19,P004,3,0,4797.0,Delivered,UPI
O001839,C0461,2025-11-18,P003,4,5,3796.2,Delivered,UPI
O001840,C0090,2026-07-21,P012,2,10,1078.2,Delivered,UPI
O001841,C0029,2026-04-01,P006,1,0,8999.0,Delivered,COD
O001842,C0435,2025-06-04,P007,1,5,1329.05,Delivered,UPI
O001843,C0305,2025-12-15,P008,1,0,1999.0,Shipped,Card
O001844,C0427,2026-03-27,P002,4,0,5196.0,Delivered,UPI
O001845,C0476,2025-06-22,P006,4,10,32396.4,Delivered,COD
O001846,C0220,2025-01-10,P006,4,10,32396.4,Cancelled,COD
O001847,C0328,2025-09-22,P010,3,0,6897.0,Delivered,Card
O001848,C0215,2026-03-14,P012,1,0,599.0,Delivered,COD
O001849,C0221,2025-09-04,P005,3,0,10497.0,Delivered,Card
O001850,C0389,2026-06-30,P010,1,5,2184.05,Delivered,COD
O001851,C0042,2026-05-14,P010,1,0,2299.0,Delivered,COD
O001852,C0135,2025-05-09,P007,2,5,2658.1,Delivered,UPI
O001853,C0042,2025-11-23,P003,1,10,899.1,Delivered,Card
O001854,C0164,2026-02-08,P004,4,10,5756.4,Delivered,Net Banking
O001855,C0361,2025-12-25,P010,4,5,8736.2,Delivered,UPI
O001856,C0283,2025-01-17,P009,4,10,6476.4,Delivered,Net Banking
O001857,C0058,2025-10-01,P004,2,20,2558.4,Delivered,Card
O001858,C0302,2025-04-26,P003,2,5,1898.1,Delivered,Card
O001859,C0322,2025-04-01,P002,3,5,3702.15,Shipped,Card
O001860,C0025,2025-03-23,P005,1,10,3149.1,Cancelled,COD
O001861,C0073,2025-11-20,P004,1,0,1599.0,Delivered,UPI
O001862,C0373,2025-04-24,P008,4,10,7196.4,Delivered,UPI
O001863,C0411,2025-02-27,P007,4,15,4756.6,Delivered,Card
O001864,C0129,2025-06-03,P006,4,5,34196.2,Delivered,Net Banking
O001865,C0087,2026-02-08,P011,4,10,2876.4,Delivered,Card
O001866,C0330,2025-09-23,P012,4,10,2156.4,Delivered,UPI
O001867,C0426,2025-11-11,P002,4,0,5196.0,Delivered,UPI
O001868,C0436,2025-02-10,P003,1,0,999.0,Delivered,COD
O001869,C0153,2025-04-15,P010,2,15,3908.3,Delivered,UPI
O001870,C0182,2025-07-12,P009,4,20,5756.8,Delivered,Card
O001871,C0125,2026-02-05,P009,1,15,1529.15,Delivered,UPI
O001872,C0067,2025-10-05,P005,4,20,11196.8,Delivered,UPI
O001873,C0006,2025-12-20,P003,3,5,2847.15,Delivered,UPI
O001874,C0125,2026-08-03,P002,3,0,3897.0,Delivered,UPI
O001875,C0314,2025-09-13,P008,1,5,1899.05,Delivered,COD
O001876,C0326,2025-04-09,P006,2,0,17998.0,Delivered,UPI
O001877,C0053,2026-08-11,P010,3,15,5862.45,Delivered,UPI
O001878,C0066,2025-10-09,P011,3,20,1917.6,Delivered,Card
O001879,C0314,2026-02-07,P012,2,15,1018.3,Delivered,COD
O001880,C0082,2025-04-19,P007,3,10,3777.3,Delivered,Card
O001881,C0087,2025-07-18,P001,4,5,9496.2,Delivered,UPI
O001882,C0002,2025-10-30,P001,2,0,4998.0,Delivered,UPI
O001883,C0204,2025-11-23,P010,3,5,6552.15,Delivered,Card
O001884,C0150,2025-06-03,P002,2,10,2338.2,Delivered,COD
O001885,C0293,2026-07-06,P010,4,5,8736.2,Delivered,UPI
O001886,C0404,2026-02-09,P003,3,20,2397.6,Delivered,UPI
O001887,C0103,2026-04-07,P012,1,15,509.15,Delivered,COD
O001888,C0024,2025-05-12,P001,3,0,7497.0,Delivered,Card
O001889,C0368,2025-03-25,P005,3,0,10497.0,Delivered,Card
O001890,C0212,2026-02-03,P003,4,10,3596.4,Shipped,UPI
O001891,C0065,2025-04-19,P001,1,0,2499.0,Shipped,UPI
O001892,C0449,2025-08-09,P008,1,15,1699.15,Delivered,UPI
O001893,C0209,2026-07-07,P012,1,10,539.1,Delivered,UPI
O001894,C0251,2026-01-03,P011,4,0,3196.0,Delivered,Net Banking
O001895,C0385,2025-05-27,P006,4,5,34196.2,Delivered,UPI
O001896,C0117,2025-04-22,P009,4,5,6836.2,Delivered,Card
O001897,C0116,2026-07-12,P003,4,15,3396.6,Delivered,Card
O001898,C0237,2026-05-09,P009,4,0,7196.0,Delivered,UPI
O001899,C0478,2026-05-20,P009,1,15,1529.15,Delivered,COD
O001900,C0105,2026-04-20,P012,2,10,1078.2,Delivered,Card
O001901,C0495,2025-09-28,P012,4,10,2156.4,Delivered,Net Banking
O001902,C0259,2026-02-25,P001,2,0,4998.0,Delivered,UPI
O001903,C0046,2026-01-02,P003,3,10,2697.3,Delivered,UPI
O001904,C0311,2025-10-07,P006,3,10,24297.3,Delivered,UPI
O001905,C0331,2025-10-10,P008,4,10,7196.4,Delivered,UPI
O001906,C0216,2025-02-09,P004,3,15,4077.45,Shipped,UPI
O001907,C0470,2025-07-08,P005,2,10,6298.2,Delivered,COD
O001908,C0448,2025-06-13,P009,3,15,4587.45,Shipped,UPI
O001909,C0492,2026-06-20,P006,3,0,26997.0,Delivered,COD
O001910,C0301,2026-06-20,P012,2,15,1018.3,Delivered,Card
O001911,C0410,2025-01-04,P007,3,0,4197.0,Delivered,Card
O001912,C0333,2025-10-17,P007,4,15,4756.6,Delivered,UPI
O001913,C0449,2026-03-09,P004,2,20,2558.4,Delivered,UPI
O001914,C0024,2026-04-16,P004,2,5,3038.1,Delivered,COD
O001915,C0458,2025-06-30,P004,1,10,1439.1,Delivered,UPI
O001916,C0035,2025-09-05,P011,1,10,719.1,Delivered,COD
O001917,C0024,2025-10-06,P005,2,0,6998.0,Delivered,Card
O001918,C0028,2026-08-04,P005,2,5,6648.1,Delivered,COD
O001919,C0484,2025-09-11,P008,1,5,1899.05,Delivered,Card
O001920,C0464,2025-06-30,P009,4,15,6116.6,Delivered,UPI
O001921,C0488,2026-05-24,P002,3,15,3312.45,Shipped,Card
O001922,C0016,2026-07-20,P011,3,10,2157.3,Delivered,UPI
O001923,C0059,2025-11-22,P007,3,10,3777.3,Delivered,Card
O001924,C0465,2025-12-23,P001,2,10,4498.2,Delivered,UPI
O001925,C0243,2026-01-26,P001,4,5,9496.2,Delivered,Card
O001926,C0438,2025-03-26,P004,1,5,1519.05,Delivered,UPI
O001927,C0207,2025-11-13,P010,4,10,8276.4,Delivered,Net Banking
O001928,C0400,2025-07-31,P007,4,20,4476.8,Delivered,Card
O001929,C0271,2026-05-30,P002,3,10,3507.3,Delivered,COD
O001930,C0249,2026-01-19,P011,1,10,719.1,Delivered,UPI
O001931,C0482,2025-12-08,P002,4,15,4416.6,Delivered,Card
O001932,C0267,2025-02-07,P001,1,5,2374.05,Delivered,UPI
O001933,C0193,2026-05-26,P010,2,10,4138.2,Delivered,Card
O001934,C0335,2026-02-24,P002,3,5,3702.15,Delivered,COD
O001935,C0218,2025-06-18,P007,1,5,1329.05,Returned,Net Banking
O001936,C0115,2025-12-09,P009,2,10,3238.2,Delivered,UPI
O001937,C0068,2025-11-02,P006,2,10,16198.2,Delivered,Net Banking
O001938,C0299,2026-06-26,P010,2,5,4368.1,Delivered,Card
O001939,C0325,2026-06-21,P002,4,10,4676.4,Delivered,Net Banking
O001940,C0483,2025-04-22,P012,4,10,2156.4,Delivered,Card
O001941,C0397,2026-02-15,P010,3,15,5862.45,Delivered,Net Banking
O001942,C0394,2025-07-25,P010,3,15,5862.45,Shipped,COD
O001943,C0075,2025-07-04,P009,2,5,3418.1,Delivered,UPI
O001944,C0466,2026-01-17,P007,3,20,3357.6,Delivered,UPI
O001945,C0482,2026-05-11,P011,4,10,2876.4,Delivered,UPI
O001946,C0103,2026-01-14,P001,3,15,6372.45,Delivered,Card
O001947,C0297,2025-02-16,P012,1,10,539.1,Delivered,COD
O001948,C0490,2026-07-05,P009,4,0,7196.0,Delivered,COD
O001949,C0178,2026-06-12,P002,2,0,2598.0,Delivered,Card
O001950,C0215,2026-05-19,P004,2,10,2878.2,Delivered,UPI
O001951,C0455,2025-01-22,P009,3,10,4857.3,Delivered,UPI
O001952,C0315,2025-08-01,P004,4,10,5756.4,Returned,UPI
O001953,C0039,2025-11-06,P003,2,5,1898.1,Delivered,COD
O001954,C0259,2025-09-29,P001,2,5,4748.1,Delivered,UPI
O001955,C0204,2026-07-25,P007,4,5,5316.2,Delivered,UPI
O001956,C0007,2025-07-21,P006,4,10,32396.4,Delivered,Card
O001957,C0049,2025-02-01,P010,2,5,4368.1,Shipped,UPI
O001958,C0026,2026-03-19,P004,3,10,4317.3,Delivered,UPI
O001959,C0161,2025-06-11,P006,3,5,25647.15,Delivered,UPI
O001960,C0357,2025-09-11,P006,3,15,22947.45,Delivered,Net Banking
O001961,C0176,2026-06-05,P004,1,0,1599.0,Delivered,UPI
O001962,C0079,2026-04-25,P006,4,0,35996.0,Delivered,COD
O001963,C0002,2025-01-10,P010,2,10,4138.2,Delivered,UPI
O001964,C0489,2026-05-20,P011,1,10,719.1,Delivered,COD
O001965,C0383,2026-07-14,P008,3,0,5997.0,Delivered,Card
O001966,C0455,2026-03-12,P003,1,20,799.2,Delivered,COD
O001967,C0416,2025-04-21,P004,2,5,3038.1,Shipped,COD
O001968,C0132,2025-06-02,P010,2,5,4368.1,Returned,Card
O001969,C0276,2025-04-12,P012,4,0,2396.0,Delivered,COD
O001970,C0498,2025-07-10,P001,3,5,7122.15,Shipped,Card
O001971,C0117,2026-07-17,P004,3,5,4557.15,Delivered,Card
O001972,C0164,2025-03-22,P011,1,5,759.05,Delivered,UPI
O001973,C0288,2026-05-04,P010,3,15,5862.45,Cancelled,COD
O001974,C0028,2025-03-29,P010,1,5,2184.05,Delivered,COD
O001975,C0333,2025-07-13,P012,2,10,1078.2,Delivered,UPI
O001976,C0001,2025-04-14,P009,2,0,3598.0,Shipped,Card
O001977,C0188,2025-04-06,P008,2,5,3798.1,Delivered,COD
O001978,C0056,2026-02-27,P011,2,0,1598.0,Delivered,COD
O001979,C0035,2025-07-17,P004,2,15,2718.3,Delivered,Net Banking
O001980,C0112,2025-01-01,P012,1,10,539.1,Shipped,UPI
O001981,C0286,2026-02-11,P007,2,15,2378.3,Delivered,UPI
O001982,C0310,2026-01-13,P010,1,5,2184.05,Delivered,Card
O001983,C0036,2025-06-16,P003,2,15,1698.3,Delivered,UPI
O001984,C0439,2026-05-24,P009,1,10,1619.1,Delivered,UPI
O001985,C0217,2025-11-09,P010,1,0,2299.0,Delivered,Card
O001986,C0080,2026-02-22,P004,1,5,1519.05,Delivered,UPI
O001987,C0314,2026-04-22,P002,3,5,3702.15,Delivered,UPI
O001988,C0083,2025-03-14,P010,1,10,2069.1,Shipped,UPI
O001989,C0065,2025-05-21,P005,1,0,3499.0,Delivered,Card
O001990,C0325,2026-08-05,P002,2,10,2338.2,Cancelled,UPI
O001991,C0128,2025-09-19,P010,1,10,2069.1,Delivered,UPI
O001992,C0307,2025-12-06,P006,1,10,8099.1,Returned,Card
O001993,C0022,2025-11-04,P011,4,5,3036.2,Delivered,UPI
O001994,C0216,2025-09-02,P010,3,10,6207.3,Delivered,Net Banking
O001995,C0107,2026-05-30,P001,4,0,9996.0,Delivered,UPI
O001996,C0109,2025-12-03,P006,2,0,17998.0,Delivered,COD
O001997,C0372,2026-07-29,P004,3,10,4317.3,Delivered,Card
O001998,C0357,2026-07-15,P003,3,5,2847.15,Delivered,COD
O001999,C0181,2025-03-17,P002,4,5,4936.2,Delivered,UPI
O002000,C0356,2025-06-24,P007,3,0,4197.0,Delivered,UPI
O002001,C0164,2025-04-19,P009,4,5,6836.2,Returned,COD
O002002,C0068,2025-07-02,P012,1,0,599.0,Delivered,UPI
O002003,C0292,2025-07-11,P003,4,5,3796.2,Returned,COD
O002004,C0180,2025-03-06,P006,3,10,24297.3,Delivered,UPI
O002005,C0181,2026-04-19,P009,3,5,5127.15,Delivered,COD
O002006,C0466,2025-04-10,P002,2,20,2078.4,Delivered,COD
O002007,C0434,2026-06-28,P007,2,5,2658.1,Shipped,Net Banking
O002008,C0464,2025-05-08,P005,2,5,6648.1,Delivered,UPI
O002009,C0169,2026-03-28,P005,2,10,6298.2,Delivered,UPI
O002010,C0402,2026-01-04,P011,3,0,2397.0,Delivered,Net Banking
O002011,C0022,2025-02-12,P007,2,15,2378.3,Delivered,COD
O002012,C0066,2026-02-23,P009,4,10,6476.4,Delivered,UPI
O002013,C0021,2026-05-03,P004,1,0,1599.0,Delivered,Card
O002014,C0100,2025-03-19,P009,3,15,4587.45,Delivered,UPI
O002015,C0384,2025-09-27,P011,2,0,1598.0,Delivered,Net Banking
O002016,C0300,2025-11-11,P010,3,20,5517.6,Shipped,UPI
O002017,C0103,2025-06-17,P009,2,15,3058.3,Delivered,Card
O002018,C0047,2025-12-05,P004,3,10,4317.3,Delivered,Card
O002019,C0039,2025-07-12,P003,2,0,1998.0,Returned,Net Banking
O002020,C0285,2026-03-29,P002,1,0,1299.0,Delivered,COD
O002021,C0310,2025-10-10,P009,2,5,3418.1,Delivered,UPI
O002022,C0090,2025-12-02,P012,4,0,2396.0,Shipped,Card
O002023,C0085,2026-01-25,P002,3,5,3702.15,Delivered,Net Banking
O002024,C0273,2026-06-09,P006,3,20,21597.6,Delivered,Card
O002025,C0336,2025-08-28,P005,4,5,13296.2,Delivered,Card
O002026,C0188,2026-04-28,P005,4,10,12596.4,Delivered,COD
O002027,C0159,2026-07-09,P004,1,10,1439.1,Delivered,UPI
O002028,C0243,2026-04-03,P006,3,15,22947.45,Delivered,Card
O002029,C0073,2025-03-30,P005,1,0,3499.0,Delivered,UPI
O002030,C0479,2025-04-05,P011,3,5,2277.15,Shipped,Card
O002031,C0462,2026-03-28,P004,3,15,4077.45,Delivered,COD
O002032,C0049,2026-03-04,P009,1,15,1529.15,Delivered,UPI
O002033,C0101,2025-05-31,P006,3,20,21597.6,Delivered,UPI
O002034,C0002,2026-05-29,P011,3,10,2157.3,Shipped,UPI
O002035,C0244,2026-01-11,P010,1,0,2299.0,Shipped,UPI
O002036,C0176,2025-01-22,P010,2,10,4138.2,Shipped,COD
O002037,C0238,2025-11-09,P010,1,0,2299.0,Shipped,Card
O002038,C0398,2026-06-03,P003,3,10,2697.3,Delivered,UPI
O002039,C0059,2025-07-25,P010,4,10,8276.4,Delivered,Card
O002040,C0353,2026-01-10,P006,2,10,16198.2,Delivered,Card
O002041,C0099,2026-03-27,P001,4,20,7996.8,Delivered,UPI
O002042,C0442,2025-06-28,P005,2,10,6298.2,Delivered,COD
O002043,C0359,2025-07-29,P010,4,5,8736.2,Delivered,UPI
O002044,C0442,2026-05-15,P006,2,0,17998.0,Delivered,COD
O002045,C0495,2026-04-09,P011,1,15,679.15,Cancelled,UPI
O002046,C0435,2025-05-04,P008,2,0,3998.0,Delivered,UPI
O002047,C0468,2025-04-23,P011,2,0,1598.0,Delivered,UPI
O002048,C0002,2025-01-12,P009,2,0,3598.0,Delivered,UPI
O002049,C0243,2025-05-06,P011,3,10,2157.3,Delivered,COD
O002050,C0297,2026-07-19,P003,4,0,3996.0,Delivered,UPI
O002051,C0211,2025-11-27,P002,1,20,1039.2,Delivered,UPI
O002052,C0123,2025-10-10,P004,4,20,5116.8,Delivered,Net Banking
O002053,C0229,2025-05-20,P008,4,20,6396.8,Delivered,Card
O002054,C0082,2026-02-05,P011,1,0,799.0,Delivered,UPI
O002055,C0144,2025-04-07,P008,3,20,4797.6,Delivered,Net Banking
O002056,C0388,2026-06-01,P003,2,20,1598.4,Delivered,UPI
O002057,C0140,2026-07-23,P004,3,20,3837.6,Delivered,COD
O002058,C0029,2025-03-10,P003,3,10,2697.3,Delivered,UPI
O002059,C0391,2025-04-28,P010,2,10,4138.2,Shipped,Card
O002060,C0270,2025-02-28,P002,4,0,5196.0,Delivered,Card
O002061,C0247,2025-02-02,P004,2,15,2718.3,Delivered,UPI
O002062,C0012,2025-11-14,P006,1,0,8999.0,Cancelled,Card
O002063,C0355,2025-02-19,P011,2,5,1518.1,Cancelled,Card
O002064,C0389,2026-05-04,P011,4,20,2556.8,Shipped,COD
O002065,C0337,2025-01-19,P005,3,5,9972.15,Delivered,COD
O002066,C0106,2025-07-16,P003,3,0,2997.0,Delivered,Card
O002067,C0032,2026-03-26,P002,2,20,2078.4,Delivered,Card
O002068,C0074,2026-07-13,P009,1,20,1439.2,Delivered,Card
O002069,C0171,2026-03-28,P001,4,0,9996.0,Delivered,Card
O002070,C0337,2025-10-16,P009,3,15,4587.45,Delivered,UPI
O002071,C0069,2025-05-21,P001,2,5,4748.1,Delivered,Card
O002072,C0301,2025-03-25,P007,1,5,1329.05,Cancelled,Card
O002073,C0362,2026-01-26,P006,1,5,8549.05,Delivered,Net Banking
O002074,C0137,2025-08-03,P007,3,0,4197.0,Delivered,Card
O002075,C0433,2026-06-10,P003,3,5,2847.15,Delivered,UPI
O002076,C0417,2025-08-03,P003,4,0,3996.0,Delivered,Card
O002077,C0484,2026-02-07,P011,1,20,639.2,Delivered,COD
O002078,C0100,2025-05-08,P001,4,10,8996.4,Delivered,COD
O002079,C0146,2026-04-22,P004,1,15,1359.15,Delivered,COD
O002080,C0009,2026-02-08,P012,1,10,539.1,Delivered,COD
O002081,C0062,2025-01-29,P002,2,0,2598.0,Delivered,UPI
O002082,C0185,2025-12-04,P010,3,20,5517.6,Delivered,Card
O002083,C0029,2025-12-27,P008,1,15,1699.15,Delivered,COD
O002084,C0381,2026-07-23,P003,4,5,3796.2,Delivered,UPI
O002085,C0114,2026-01-27,P007,3,0,4197.0,Delivered,UPI
O002086,C0462,2025-08-06,P007,4,10,5036.4,Delivered,COD
O002087,C0409,2026-07-28,P012,3,10,1617.3,Delivered,COD
O002088,C0143,2025-07-21,P009,3,15,4587.45,Delivered,Net Banking
O002089,C0390,2025-01-17,P006,1,0,8999.0,Delivered,Net Banking
O002090,C0120,2025-11-18,P001,2,0,4998.0,Delivered,UPI
O002091,C0170,2026-06-02,P008,1,10,1799.1,Delivered,COD
O002092,C0157,2026-07-24,P001,3,10,6747.3,Shipped,UPI
O002093,C0335,2025-11-21,P003,1,0,999.0,Delivered,Card
O002094,C0349,2026-02-16,P011,1,5,759.05,Delivered,UPI
O002095,C0260,2025-11-14,P005,3,10,9447.3,Delivered,UPI
O002096,C0082,2025-03-23,P008,3,10,5397.3,Shipped,Net Banking
O002097,C0242,2026-04-19,P009,1,5,1709.05,Cancelled,UPI
O002098,C0441,2026-04-13,P007,1,5,1329.05,Delivered,Card
O002099,C0433,2026-03-01,P009,1,15,1529.15,Delivered,UPI
O002100,C0172,2025-07-23,P011,4,20,2556.8,Shipped,UPI
O002101,C0231,2026-08-06,P003,1,0,999.0,Delivered,UPI
O002102,C0208,2026-01-22,P005,4,5,13296.2,Shipped,Card
O002103,C0075,2025-04-08,P010,2,20,3678.4,Delivered,UPI
O002104,C0270,2025-12-11,P008,4,5,7596.2,Cancelled,UPI
O002105,C0387,2025-07-27,P012,1,10,539.1,Shipped,Card
O002106,C0499,2026-05-29,P001,2,10,4498.2,Delivered,UPI
O002107,C0114,2026-08-09,P008,4,5,7596.2,Delivered,Card
O002108,C0062,2025-06-15,P007,4,10,5036.4,Delivered,Net Banking
O002109,C0362,2025-01-22,P001,3,10,6747.3,Delivered,UPI
O002110,C0320,2025-06-03,P010,2,10,4138.2,Delivered,Card
O002111,C0102,2026-03-15,P012,3,0,1797.0,Delivered,Card
O002112,C0429,2025-10-22,P010,2,20,3678.4,Delivered,COD
O002113,C0362,2025-08-07,P012,4,5,2276.2,Returned,COD
O002114,C0210,2026-05-10,P006,3,10,24297.3,Delivered,Net Banking
O002115,C0442,2025-08-18,P001,1,15,2124.15,Delivered,UPI
O002116,C0255,2025-01-20,P002,4,5,4936.2,Shipped,Net Banking
O002117,C0020,2026-07-07,P005,2,15,5948.3,Shipped,Net Banking
O002118,C0058,2025-05-28,P002,2,20,2078.4,Delivered,COD
O002119,C0112,2025-04-18,P010,3,5,6552.15,Delivered,Card
O002120,C0473,2026-02-07,P001,3,5,7122.15,Shipped,COD
O002121,C0313,2026-04-28,P006,2,20,14398.4,Delivered,UPI
O002122,C0486,2026-01-02,P008,4,0,7996.0,Cancelled,COD
O002123,C0461,2026-02-18,P008,3,0,5997.0,Cancelled,UPI
O002124,C0196,2025-11-05,P008,1,20,1599.2,Shipped,COD
O002125,C0375,2025-05-14,P011,2,15,1358.3,Delivered,Card
O002126,C0462,2025-10-10,P006,1,20,7199.2,Shipped,UPI
O002127,C0353,2025-03-14,P011,2,0,1598.0,Delivered,COD
O002128,C0092,2026-04-26,P003,1,0,999.0,Delivered,Card
O002129,C0052,2025-12-18,P001,4,0,9996.0,Shipped,Card
O002130,C0293,2026-07-14,P002,2,10,2338.2,Delivered,UPI
O002131,C0008,2025-11-22,P005,4,10,12596.4,Delivered,COD
O002132,C0300,2026-03-19,P010,3,5,6552.15,Shipped,Card
O002133,C0098,2025-04-10,P005,2,0,6998.0,Shipped,Card
O002134,C0236,2025-02-28,P010,4,10,8276.4,Shipped,Card
O002135,C0389,2026-05-23,P001,1,10,2249.1,Delivered,Card
O002136,C0374,2025-09-15,P001,4,0,9996.0,Delivered,Card
O002137,C0069,2026-02-17,P009,2,20,2878.4,Delivered,UPI
O002138,C0415,2026-03-28,P002,4,0,5196.0,Shipped,UPI
O002139,C0045,2025-03-06,P007,1,10,1259.1,Delivered,Card
O002140,C0137,2025-06-03,P010,1,15,1954.15,Delivered,Net Banking
O002141,C0234,2025-09-23,P004,1,10,1439.1,Delivered,COD
O002142,C0032,2025-03-20,P007,3,0,4197.0,Returned,UPI
O002143,C0289,2025-11-11,P008,2,5,3798.1,Delivered,UPI
O002144,C0126,2026-07-14,P005,1,15,2974.15,Delivered,Card
O002145,C0067,2025-09-05,P012,3,5,1707.15,Delivered,COD
O002146,C0030,2026-02-18,P012,1,10,539.1,Delivered,UPI
O002147,C0114,2025-01-25,P001,4,20,7996.8,Delivered,Card
O002148,C0204,2025-10-11,P004,2,20,2558.4,Delivered,UPI
O002149,C0029,2026-03-25,P010,4,10,8276.4,Delivered,UPI
O002150,C0131,2025-10-28,P003,3,15,2547.45,Shipped,UPI
O002151,C0474,2025-03-09,P010,4,20,7356.8,Delivered,COD
O002152,C0185,2025-01-07,P012,4,5,2276.2,Delivered,COD
O002153,C0253,2025-05-17,P005,1,5,3324.05,Delivered,UPI
O002154,C0286,2025-06-13,P010,4,0,9196.0,Shipped,Card
O002155,C0393,2025-03-24,P010,1,0,2299.0,Delivered,UPI
O002156,C0410,2026-02-24,P006,1,15,7649.15,Cancelled,COD
O002157,C0386,2025-03-14,P002,2,10,2338.2,Cancelled,Card
O002158,C0062,2025-08-25,P007,3,15,3567.45,Delivered,UPI
O002159,C0003,2025-02-15,P003,3,15,2547.45,Delivered,UPI
O002160,C0430,2025-09-19,P001,3,10,6747.3,Delivered,COD
O002161,C0068,2025-06-25,P010,1,10,2069.1,Cancelled,Card
O002162,C0025,2025-06-15,P003,3,0,2997.0,Delivered,UPI
O002163,C0179,2026-01-05,P009,1,15,1529.15,Delivered,Card
O002164,C0141,2025-02-23,P010,2,5,4368.1,Delivered,COD
O002165,C0231,2026-02-23,P011,3,10,2157.3,Delivered,Card
O002166,C0300,2026-05-22,P011,1,0,799.0,Delivered,Card
O002167,C0163,2025-12-07,P006,3,20,21597.6,Delivered,Card
O002168,C0311,2025-05-07,P011,3,20,1917.6,Delivered,Card
O002169,C0471,2026-02-13,P006,2,10,16198.2,Delivered,Card
O002170,C0393,2026-01-02,P004,4,10,5756.4,Delivered,Net Banking
O002171,C0130,2025-09-28,P008,3,10,5397.3,Delivered,UPI
O002172,C0445,2026-01-14,P005,2,5,6648.1,Delivered,Card
O002173,C0246,2025-03-14,P007,3,0,4197.0,Shipped,UPI
O002174,C0297,2025-09-05,P009,3,10,4857.3,Delivered,UPI
O002175,C0172,2025-02-12,P005,3,0,10497.0,Delivered,Card
O002176,C0064,2026-01-12,P011,3,5,2277.15,Delivered,COD
O002177,C0031,2025-02-10,P005,4,5,13296.2,Delivered,UPI
O002178,C0492,2025-06-19,P004,4,5,6076.2,Delivered,Net Banking
O002179,C0047,2025-07-31,P006,3,0,26997.0,Delivered,UPI
O002180,C0130,2026-05-08,P002,3,5,3702.15,Delivered,UPI
O002181,C0352,2025-02-08,P003,2,5,1898.1,Shipped,UPI
O002182,C0466,2026-01-04,P001,2,5,4748.1,Delivered,Card
O002183,C0333,2025-05-31,P002,1,10,1169.1,Delivered,Card
O002184,C0110,2025-04-21,P002,4,20,4156.8,Shipped,Card
O002185,C0069,2026-04-25,P008,3,0,5997.0,Delivered,Card
O002186,C0058,2026-03-12,P008,4,15,6796.6,Delivered,Card
O002187,C0106,2025-02-16,P002,2,5,2468.1,Delivered,Card
O002188,C0300,2026-07-29,P006,4,10,32396.4,Delivered,UPI
O002189,C0330,2026-01-01,P005,4,10,12596.4,Delivered,COD
O002190,C0256,2025-03-10,P003,3,10,2697.3,Returned,Card
O002191,C0312,2025-10-26,P005,3,10,9447.3,Delivered,UPI
O002192,C0171,2025-10-23,P005,2,5,6648.1,Delivered,UPI
O002193,C0383,2025-07-22,P005,3,5,9972.15,Delivered,COD
O002194,C0473,2025-03-02,P003,2,15,1698.3,Delivered,UPI
O002195,C0162,2025-11-10,P003,2,0,1998.0,Cancelled,COD
O002196,C0485,2025-06-10,P004,1,0,1599.0,Delivered,UPI
O002197,C0286,2025-11-27,P007,1,0,1399.0,Shipped,Card
O002198,C0071,2026-06-12,P012,1,0,599.0,Delivered,UPI
O002199,C0255,2025-12-04,P012,4,10,2156.4,Shipped,Net Banking
O002200,C0454,2025-10-31,P012,1,10,539.1,Delivered,COD
O002201,C0374,2026-05-18,P002,3,5,3702.15,Shipped,Net Banking
O002202,C0055,2025-12-04,P010,3,0,6897.0,Delivered,UPI
O002203,C0323,2026-07-04,P004,1,10,1439.1,Delivered,COD
O002204,C0397,2025-10-02,P004,4,15,5436.6,Delivered,Card
O002205,C0003,2025-06-13,P001,2,20,3998.4,Delivered,Card
O002206,C0026,2026-03-19,P010,4,20,7356.8,Shipped,UPI
O002207,C0313,2025-11-15,P008,4,20,6396.8,Delivered,Card
O002208,C0126,2026-08-12,P001,2,15,4248.3,Shipped,COD
O002209,C0408,2026-05-19,P008,2,10,3598.2,Delivered,UPI
O002210,C0053,2026-01-22,P007,2,0,2798.0,Delivered,UPI
O002211,C0198,2026-05-09,P009,3,10,4857.3,Shipped,UPI
O002212,C0299,2026-05-05,P008,2,0,3998.0,Delivered,UPI
O002213,C0188,2025-03-14,P005,2,15,5948.3,Delivered,Card
O002214,C0186,2026-05-24,P008,4,5,7596.2,Returned,COD
O002215,C0305,2026-01-25,P011,4,10,2876.4,Delivered,UPI
O002216,C0298,2025-10-22,P010,1,0,2299.0,Delivered,Card
O002217,C0204,2026-01-04,P012,4,10,2156.4,Delivered,Card
O002218,C0497,2026-07-03,P012,2,5,1138.1,Shipped,UPI
O002219,C0484,2026-07-22,P003,3,5,2847.15,Cancelled,Card
O002220,C0450,2025-07-06,P010,4,5,8736.2,Cancelled,UPI
O002221,C0011,2026-03-21,P007,4,0,5596.0,Delivered,Card
O002222,C0359,2026-07-24,P012,2,5,1138.1,Delivered,UPI
O002223,C0354,2025-12-29,P004,4,5,6076.2,Delivered,Card
O002224,C0474,2025-05-03,P005,4,15,11896.6,Delivered,UPI
O002225,C0146,2025-07-07,P009,2,5,3418.1,Delivered,Net Banking
O002226,C0085,2026-02-24,P007,4,5,5316.2,Delivered,COD
O002227,C0100,2025-09-09,P004,3,20,3837.6,Shipped,UPI
O002228,C0104,2026-07-03,P006,1,10,8099.1,Shipped,Card
O002229,C0436,2025-12-01,P010,4,5,8736.2,Delivered,UPI
O002230,C0046,2025-04-02,P011,3,5,2277.15,Returned,COD
O002231,C0044,2026-06-14,P007,4,15,4756.6,Cancelled,UPI
O002232,C0278,2025-03-04,P010,1,5,2184.05,Delivered,COD
O002233,C0181,2026-05-27,P009,2,5,3418.1,Delivered,UPI
O002234,C0187,2025-05-19,P004,1,15,1359.15,Delivered,UPI
O002235,C0478,2025-07-04,P010,4,0,9196.0,Delivered,UPI
O002236,C0114,2025-07-24,P003,1,15,849.15,Delivered,UPI
O002237,C0491,2025-08-02,P008,1,5,1899.05,Delivered,Card
O002238,C0255,2025-09-13,P001,2,10,4498.2,Cancelled,UPI
O002239,C0381,2025-05-15,P009,4,15,6116.6,Delivered,COD
O002240,C0380,2026-07-27,P001,1,5,2374.05,Delivered,COD
O002241,C0030,2025-03-29,P002,1,15,1104.15,Delivered,UPI
O002242,C0264,2025-07-26,P008,2,20,3198.4,Delivered,Card
O002243,C0098,2025-05-09,P009,3,5,5127.15,Delivered,Card
O002244,C0313,2025-01-03,P007,4,20,4476.8,Delivered,Card
O002245,C0367,2025-05-01,P003,3,0,2997.0,Returned,UPI
O002246,C0329,2026-01-20,P007,3,15,3567.45,Delivered,UPI
O002247,C0115,2025-02-07,P006,2,5,17098.1,Shipped,UPI
O002248,C0276,2025-12-07,P002,2,5,2468.1,Delivered,Card
O002249,C0488,2025-01-21,P003,4,0,3996.0,Delivered,Net Banking
O002250,C0281,2025-08-30,P011,3,5,2277.15,Delivered,COD
O002251,C0275,2026-03-31,P012,1,0,599.0,Delivered,UPI
O002252,C0261,2025-10-30,P010,3,20,5517.6,Shipped,Card
O002253,C0331,2025-03-10,P010,2,15,3908.3,Delivered,Net Banking
O002254,C0207,2025-05-09,P012,1,0,599.0,Delivered,UPI
O002255,C0384,2025-07-15,P005,1,0,3499.0,Delivered,Card
O002256,C0328,2025-05-20,P010,2,15,3908.3,Shipped,Card
O002257,C0211,2026-03-20,P004,1,5,1519.05,Delivered,Card
O002258,C0215,2025-10-10,P002,3,0,3897.0,Delivered,Card
O002259,C0411,2025-11-08,P004,2,10,2878.2,Delivered,Net Banking
O002260,C0040,2026-06-19,P012,4,5,2276.2,Delivered,UPI
O002261,C0480,2025-10-04,P008,2,0,3998.0,Shipped,COD
O002262,C0026,2025-03-02,P005,4,10,12596.4,Delivered,UPI
O002263,C0027,2025-11-15,P005,4,10,12596.4,Delivered,Card
O002264,C0190,2025-02-21,P012,2,0,1198.0,Delivered,Net Banking
O002265,C0083,2025-06-02,P012,2,20,958.4,Delivered,COD
O002266,C0384,2025-11-07,P010,4,10,8276.4,Delivered,UPI
O002267,C0434,2026-06-28,P003,4,5,3796.2,Delivered,Card
O002268,C0170,2026-07-21,P008,1,0,1999.0,Delivered,UPI
O002269,C0413,2026-01-24,P006,2,0,17998.0,Delivered,UPI
O002270,C0167,2026-07-02,P002,2,5,2468.1,Delivered,Card
O002271,C0188,2025-06-26,P002,1,0,1299.0,Delivered,Card
O002272,C0169,2025-12-28,P009,2,5,3418.1,Delivered,Card
O002273,C0289,2025-11-10,P007,1,0,1399.0,Shipped,Card
O002274,C0467,2025-04-07,P010,1,10,2069.1,Delivered,UPI
O002275,C0229,2025-08-01,P009,2,15,3058.3,Shipped,UPI
O002276,C0467,2025-05-17,P006,3,10,24297.3,Delivered,Card
O002277,C0097,2025-01-06,P005,4,10,12596.4,Delivered,COD
O002278,C0367,2025-04-19,P012,2,20,958.4,Delivered,COD
O002279,C0016,2026-07-01,P001,3,10,6747.3,Cancelled,UPI
O002280,C0279,2025-02-08,P012,1,5,569.05,Cancelled,UPI
O002281,C0135,2026-03-01,P006,3,5,25647.15,Delivered,Card
O002282,C0026,2025-09-18,P006,2,15,15298.3,Delivered,COD
O002283,C0352,2026-03-02,P003,2,0,1998.0,Delivered,UPI
O002284,C0012,2025-03-28,P003,3,5,2847.15,Delivered,Card
O002285,C0072,2026-04-10,P003,2,10,1798.2,Returned,Net Banking
O002286,C0133,2025-03-17,P003,4,10,3596.4,Shipped,Card
O002287,C0106,2026-04-16,P007,3,15,3567.45,Delivered,UPI
O002288,C0220,2026-02-18,P010,1,5,2184.05,Delivered,Card
O002289,C0373,2026-04-02,P011,3,0,2397.0,Delivered,UPI
O002290,C0453,2025-10-12,P002,3,20,3117.6,Delivered,UPI
O002291,C0177,2025-08-27,P010,3,0,6897.0,Delivered,Net Banking
O002292,C0282,2026-07-12,P010,3,0,6897.0,Delivered,UPI
O002293,C0133,2026-01-07,P002,1,5,1234.05,Delivered,UPI
O002294,C0022,2026-05-10,P003,1,15,849.15,Delivered,Card
O002295,C0463,2025-02-14,P010,1,15,1954.15,Delivered,COD
O002296,C0269,2026-02-05,P012,3,20,1437.6,Shipped,COD
O002297,C0412,2025-09-04,P007,4,0,5596.0,Shipped,UPI
O002298,C0161,2026-03-26,P003,4,5,3796.2,Delivered,Card
O002299,C0107,2026-04-30,P007,1,5,1329.05,Shipped,Card
O002300,C0279,2025-01-18,P009,4,15,6116.6,Delivered,Card
O002301,C0353,2025-10-16,P011,4,5,3036.2,Cancelled,Card
O002302,C0235,2026-02-18,P010,4,0,9196.0,Delivered,UPI
O002303,C0018,2025-08-23,P012,4,10,2156.4,Cancelled,Net Banking
O002304,C0242,2026-02-20,P011,4,5,3036.2,Delivered,Card
O002305,C0117,2026-05-14,P004,2,10,2878.2,Delivered,UPI
O002306,C0286,2025-04-25,P007,1,15,1189.15,Delivered,Card
O002307,C0282,2025-08-22,P009,3,5,5127.15,Delivered,UPI
O002308,C0144,2026-06-24,P008,4,0,7996.0,Delivered,Card
O002309,C0205,2025-01-11,P008,2,5,3798.1,Delivered,UPI
O002310,C0039,2025-07-25,P009,3,5,5127.15,Shipped,UPI
O002311,C0417,2025-09-04,P005,2,0,6998.0,Delivered,COD
O002312,C0154,2026-07-13,P005,4,10,12596.4,Delivered,COD
O002313,C0176,2025-05-07,P003,4,0,3996.0,Delivered,UPI
O002314,C0449,2025-05-27,P005,4,20,11196.8,Delivered,Card
O002315,C0241,2025-04-28,P008,4,0,7996.0,Delivered,Card
O002316,C0422,2026-01-17,P012,3,5,1707.15,Delivered,Card
O002317,C0386,2026-02-16,P005,3,5,9972.15,Returned,UPI
O002318,C0369,2026-08-07,P004,2,15,2718.3,Delivered,Card
O002319,C0134,2025-12-29,P008,1,5,1899.05,Shipped,UPI
O002320,C0046,2026-05-24,P007,4,15,4756.6,Delivered,COD
O002321,C0050,2025-05-17,P006,2,15,15298.3,Shipped,Card
O002322,C0166,2025-06-24,P005,2,20,5598.4,Delivered,COD
O002323,C0106,2025-10-16,P005,2,15,5948.3,Delivered,UPI
O002324,C0216,2026-04-26,P010,4,0,9196.0,Delivered,COD
O002325,C0146,2025-01-19,P002,4,15,4416.6,Shipped,UPI
O002326,C0411,2025-07-14,P004,2,20,2558.4,Delivered,COD
O002327,C0425,2025-11-26,P008,4,20,6396.8,Returned,UPI
O002328,C0072,2025-06-24,P008,2,0,3998.0,Delivered,Card
O002329,C0476,2026-03-25,P011,3,10,2157.3,Delivered,UPI
O002330,C0330,2025-12-20,P001,4,0,9996.0,Delivered,UPI
O002331,C0273,2026-05-14,P002,3,5,3702.15,Delivered,Card
O002332,C0247,2025-05-21,P005,1,10,3149.1,Cancelled,Card
O002333,C0446,2025-04-03,P009,4,20,5756.8,Delivered,Card
O002334,C0413,2025-08-27,P010,1,10,2069.1,Delivered,UPI
O002335,C0186,2025-07-24,P011,2,15,1358.3,Delivered,UPI
O002336,C0070,2026-07-14,P012,4,0,2396.0,Delivered,COD
O002337,C0462,2026-03-09,P011,4,0,3196.0,Delivered,COD
O002338,C0150,2025-09-02,P007,4,10,5036.4,Delivered,UPI
O002339,C0246,2025-11-13,P010,1,5,2184.05,Delivered,Card
O002340,C0262,2025-10-22,P005,1,15,2974.15,Delivered,COD
O002341,C0026,2025-10-09,P001,2,5,4748.1,Delivered,COD
O002342,C0423,2025-01-17,P006,3,5,25647.15,Delivered,UPI
O002343,C0140,2025-03-12,P012,3,10,1617.3,Delivered,COD
O002344,C0099,2025-09-26,P008,1,5,1899.05,Shipped,UPI
O002345,C0398,2025-11-21,P007,4,20,4476.8,Cancelled,Card
O002346,C0278,2025-11-01,P002,3,5,3702.15,Shipped,UPI
O002347,C0051,2026-03-27,P012,3,5,1707.15,Returned,Card
O002348,C0151,2025-01-07,P005,1,15,2974.15,Delivered,Card
O002349,C0432,2025-11-10,P011,2,5,1518.1,Delivered,UPI
O002350,C0455,2025-04-13,P004,1,15,1359.15,Delivered,Card
O002351,C0104,2025-07-12,P009,1,0,1799.0,Delivered,Card
O002352,C0434,2026-07-28,P010,4,0,9196.0,Delivered,Card
O002353,C0089,2026-06-13,P001,1,20,1999.2,Shipped,UPI
O002354,C0141,2025-06-20,P012,4,15,2036.6,Delivered,UPI
O002355,C0213,2026-06-21,P006,2,5,17098.1,Delivered,Card
O002356,C0233,2025-09-08,P003,4,10,3596.4,Delivered,COD
O002357,C0394,2026-01-22,P011,2,20,1278.4,Delivered,COD
O002358,C0183,2025-07-26,P009,2,0,3598.0,Delivered,UPI
O002359,C0251,2026-06-25,P005,2,0,6998.0,Shipped,Card
O002360,C0009,2026-02-20,P006,1,10,8099.1,Delivered,UPI
O002361,C0079,2026-01-15,P011,4,0,3196.0,Cancelled,Net Banking
O002362,C0052,2025-05-24,P009,3,0,5397.0,Cancelled,UPI
O002363,C0386,2025-01-25,P009,1,15,1529.15,Delivered,UPI
O002364,C0409,2025-03-14,P008,2,0,3998.0,Delivered,Card
O002365,C0269,2025-04-03,P009,3,15,4587.45,Delivered,COD
O002366,C0226,2026-05-20,P004,1,10,1439.1,Delivered,UPI
O002367,C0051,2025-12-02,P006,3,10,24297.3,Delivered,UPI
O002368,C0186,2026-03-01,P005,2,10,6298.2,Cancelled,Card
O002369,C0034,2026-05-14,P005,3,5,9972.15,Delivered,Card
O002370,C0291,2025-12-30,P004,3,0,4797.0,Delivered,UPI
O002371,C0230,2025-07-18,P002,2,0,2598.0,Delivered,Card
O002372,C0131,2026-02-17,P012,3,15,1527.45,Delivered,Card
O002373,C0490,2025-12-05,P006,1,0,8999.0,Delivered,COD
O002374,C0120,2026-03-05,P009,3,0,5397.0,Delivered,UPI
O002375,C0443,2025-05-19,P012,4,20,1916.8,Delivered,UPI
O002376,C0326,2026-06-26,P001,1,20,1999.2,Delivered,COD
O002377,C0247,2025-02-26,P007,3,5,3987.15,Returned,Card
O002378,C0432,2025-08-20,P006,4,0,35996.0,Shipped,COD
O002379,C0192,2026-03-11,P003,4,10,3596.4,Delivered,COD
O002380,C0497,2026-01-19,P001,4,15,8496.6,Delivered,UPI
O002381,C0403,2026-07-14,P004,3,0,4797.0,Delivered,UPI
O002382,C0323,2025-07-13,P009,2,0,3598.0,Delivered,UPI
O002383,C0210,2026-06-18,P002,4,15,4416.6,Shipped,Net Banking
O002384,C0103,2026-06-02,P003,2,20,1598.4,Delivered,Card
O002385,C0329,2025-07-04,P002,1,15,1104.15,Delivered,UPI
O002386,C0372,2025-10-19,P002,2,0,2598.0,Delivered,UPI
O002387,C0460,2025-12-01,P010,2,5,4368.1,Shipped,COD
O002388,C0133,2025-04-26,P011,2,10,1438.2,Cancelled,COD
O002389,C0323,2025-02-18,P011,2,0,1598.0,Delivered,COD
O002390,C0139,2025-03-23,P008,2,0,3998.0,Delivered,UPI
O002391,C0121,2025-11-29,P003,1,5,949.05,Delivered,Card
O002392,C0094,2026-07-11,P007,1,10,1259.1,Delivered,UPI
O002393,C0452,2025-12-01,P008,2,10,3598.2,Delivered,UPI
O002394,C0453,2026-06-16,P003,2,15,1698.3,Cancelled,UPI
O002395,C0129,2025-08-09,P002,4,15,4416.6,Delivered,UPI
O002396,C0091,2025-11-19,P008,1,20,1599.2,Shipped,Card
O002397,C0092,2025-01-03,P003,3,15,2547.45,Returned,COD
O002398,C0063,2025-07-25,P007,1,5,1329.05,Delivered,UPI
O002399,C0029,2025-02-09,P012,3,5,1707.15,Delivered,COD
O002400,C0210,2025-02-28,P001,4,10,8996.4,Shipped,UPI
O002401,C0012,2026-07-28,P012,2,0,1198.0,Delivered,Card
O002402,C0333,2026-05-22,P006,4,20,28796.8,Delivered,UPI
O002403,C0297,2026-07-26,P012,2,0,1198.0,Delivered,UPI
O002404,C0130,2025-05-02,P012,1,5,569.05,Delivered,UPI
O002405,C0293,2026-04-24,P009,2,10,3238.2,Delivered,Card
O002406,C0173,2025-04-06,P012,3,10,1617.3,Delivered,COD
O002407,C0208,2026-02-18,P003,3,10,2697.3,Delivered,COD
O002408,C0432,2025-08-23,P007,4,10,5036.4,Delivered,UPI
O002409,C0024,2025-03-03,P006,1,0,8999.0,Delivered,COD
O002410,C0099,2025-09-13,P008,3,0,5997.0,Delivered,Card
O002411,C0406,2026-07-15,P003,4,20,3196.8,Delivered,Net Banking
O002412,C0356,2025-12-14,P003,1,5,949.05,Delivered,Card
O002413,C0139,2025-05-04,P004,1,5,1519.05,Delivered,Net Banking
O002414,C0314,2026-04-27,P003,4,5,3796.2,Shipped,COD
O002415,C0174,2025-11-13,P009,3,0,5397.0,Delivered,COD
O002416,C0029,2026-05-19,P011,3,10,2157.3,Shipped,UPI
O002417,C0419,2025-02-17,P004,4,10,5756.4,Cancelled,Card
O002418,C0496,2026-02-13,P006,3,15,22947.45,Delivered,Card
O002419,C0143,2025-05-16,P008,4,10,7196.4,Delivered,UPI
O002420,C0316,2025-07-20,P011,3,0,2397.0,Delivered,UPI
O002421,C0351,2025-09-07,P008,3,5,5697.15,Cancelled,Net Banking
O002422,C0042,2025-11-10,P005,4,0,13996.0,Delivered,Card
O002423,C0489,2026-01-03,P005,4,0,13996.0,Delivered,UPI
O002424,C0299,2026-03-05,P006,3,5,25647.15,Delivered,Card
O002425,C0208,2026-04-25,P010,4,5,8736.2,Delivered,UPI
O002426,C0330,2025-11-10,P007,3,10,3777.3,Delivered,Card
O002427,C0433,2026-05-15,P010,2,10,4138.2,Delivered,Card
O002428,C0192,2025-12-21,P007,1,15,1189.15,Cancelled,UPI
O002429,C0160,2026-04-30,P004,1,15,1359.15,Delivered,COD
O002430,C0064,2025-07-30,P006,3,0,26997.0,Cancelled,UPI
O002431,C0243,2025-02-13,P007,1,5,1329.05,Delivered,COD
O002432,C0258,2026-06-25,P005,3,5,9972.15,Delivered,Net Banking
O002433,C0152,2026-07-25,P005,4,5,13296.2,Shipped,UPI
O002434,C0215,2026-08-06,P002,2,0,2598.0,Delivered,COD
O002435,C0322,2025-04-02,P007,1,0,1399.0,Delivered,Card
O002436,C0166,2025-09-22,P012,1,10,539.1,Delivered,Card
O002437,C0031,2025-08-08,P006,4,10,32396.4,Shipped,UPI
O002438,C0371,2026-03-18,P011,2,10,1438.2,Delivered,Card
O002439,C0232,2026-02-05,P001,2,5,4748.1,Delivered,Net Banking
O002440,C0282,2026-02-04,P004,2,10,2878.2,Delivered,UPI
O002441,C0029,2026-07-30,P003,4,10,3596.4,Cancelled,UPI
O002442,C0195,2026-05-05,P012,1,10,539.1,Cancelled,UPI
O002443,C0334,2026-04-30,P003,1,0,999.0,Delivered,Card
O002444,C0256,2026-04-15,P007,2,10,2518.2,Delivered,Net Banking
O002445,C0281,2026-07-28,P011,4,10,2876.4,Cancelled,Card
O002446,C0304,2026-03-21,P012,4,0,2396.0,Delivered,UPI
O002447,C0321,2025-09-26,P010,4,0,9196.0,Delivered,Card
O002448,C0437,2025-09-24,P004,2,0,3198.0,Delivered,UPI
O002449,C0323,2025-02-23,P012,4,10,2156.4,Delivered,UPI
O002450,C0346,2026-06-12,P008,2,15,3398.3,Delivered,Card
O002451,C0402,2026-06-04,P011,2,5,1518.1,Delivered,UPI
O002452,C0393,2025-02-28,P009,2,5,3418.1,Delivered,COD
O002453,C0294,2025-02-09,P003,3,20,2397.6,Cancelled,Card
O002454,C0087,2025-08-25,P005,2,0,6998.0,Delivered,COD
O002455,C0149,2026-01-21,P004,4,0,6396.0,Delivered,Net Banking
O002456,C0249,2025-10-27,P012,3,5,1707.15,Shipped,Net Banking
O002457,C0321,2026-01-30,P010,1,10,2069.1,Delivered,UPI
O002458,C0405,2025-07-26,P006,1,10,8099.1,Delivered,Net Banking
O002459,C0283,2025-12-02,P011,4,5,3036.2,Delivered,COD
O002460,C0362,2026-05-29,P010,4,20,7356.8,Delivered,COD
O002461,C0379,2025-06-27,P004,4,10,5756.4,Delivered,UPI
O002462,C0198,2026-01-31,P008,4,0,7996.0,Delivered,UPI
O002463,C0044,2026-01-06,P003,3,10,2697.3,Delivered,Net Banking
O002464,C0356,2025-11-14,P011,4,0,3196.0,Delivered,UPI
O002465,C0028,2026-01-04,P005,2,10,6298.2,Shipped,UPI
O002466,C0429,2026-01-19,P001,1,0,2499.0,Delivered,UPI
O002467,C0017,2025-03-03,P006,4,10,32396.4,Delivered,COD
O002468,C0127,2026-05-20,P011,2,5,1518.1,Delivered,Card
O002469,C0379,2025-08-27,P005,4,15,11896.6,Delivered,Net Banking
O002470,C0168,2025-07-14,P008,2,5,3798.1,Delivered,UPI
O002471,C0244,2025-08-10,P009,3,10,4857.3,Delivered,UPI
O002472,C0387,2025-03-02,P008,1,5,1899.05,Delivered,Card
O002473,C0076,2025-05-09,P008,1,20,1599.2,Delivered,Card
O002474,C0231,2025-06-05,P012,3,15,1527.45,Delivered,UPI
O002475,C0204,2026-01-13,P003,2,0,1998.0,Delivered,UPI
O002476,C0450,2026-08-09,P004,4,20,5116.8,Delivered,UPI
O002477,C0248,2026-03-13,P011,2,5,1518.1,Delivered,UPI
O002478,C0302,2025-07-26,P004,1,10,1439.1,Delivered,Card
O002479,C0214,2026-01-23,P011,3,10,2157.3,Shipped,UPI
O002480,C0215,2026-04-25,P005,3,0,10497.0,Delivered,UPI
O002481,C0158,2025-12-06,P009,2,20,2878.4,Shipped,UPI
O002482,C0069,2025-12-06,P012,2,5,1138.1,Returned,UPI
O002483,C0393,2025-07-23,P009,3,0,5397.0,Delivered,Net Banking
O002484,C0085,2025-06-10,P010,1,15,1954.15,Returned,UPI
O002485,C0267,2026-06-24,P012,4,10,2156.4,Delivered,UPI
O002486,C0069,2026-01-27,P001,4,0,9996.0,Shipped,UPI
O002487,C0099,2026-07-29,P008,2,0,3998.0,Delivered,Card
O002488,C0347,2026-06-18,P001,3,10,6747.3,Delivered,Card
O002489,C0497,2025-03-11,P002,3,0,3897.0,Delivered,UPI
O002490,C0450,2026-02-09,P007,3,20,3357.6,Delivered,Card
O002491,C0216,2026-06-01,P008,1,10,1799.1,Cancelled,Card
O002492,C0415,2025-04-30,P001,2,5,4748.1,Delivered,UPI
O002493,C0161,2025-08-05,P003,2,5,1898.1,Delivered,UPI
O002494,C0423,2025-02-25,P007,2,10,2518.2,Delivered,Card
O002495,C0094,2026-01-01,P009,1,5,1709.05,Delivered,Card
O002496,C0174,2026-05-19,P008,2,15,3398.3,Delivered,Net Banking
O002497,C0165,2026-03-31,P008,4,20,6396.8,Delivered,Card
O002498,C0115,2025-04-14,P009,2,10,3238.2,Delivered,COD
O002499,C0220,2025-03-18,P010,2,5,4368.1,Delivered,UPI
O002500,C0444,2025-08-18,P003,2,0,1998.0,Delivered,COD
O002501,C0031,2025-09-15,P008,1,10,1799.1,Delivered,Card
O002502,C0011,2025-09-21,P001,4,10,8996.4,Cancelled,Card
O002503,C0343,2025-11-27,P008,4,10,7196.4,Delivered,UPI
O002504,C0377,2025-07-01,P007,3,0,4197.0,Delivered,UPI
O002505,C0130,2026-07-04,P008,3,15,5097.45,Delivered,Card
O002506,C0488,2025-01-27,P001,4,5,9496.2,Delivered,UPI
O002507,C0105,2025-10-03,P006,2,10,16198.2,Delivered,UPI
O002508,C0027,2025-10-26,P007,2,15,2378.3,Delivered,UPI
O002509,C0227,2025-04-01,P011,2,10,1438.2,Delivered,UPI
O002510,C0002,2026-04-25,P005,1,5,3324.05,Delivered,Card
O002511,C0359,2026-07-27,P005,2,10,6298.2,Delivered,Card
O002512,C0101,2026-04-03,P007,1,0,1399.0,Delivered,UPI
O002513,C0021,2026-03-27,P011,4,15,2716.6,Delivered,Card
O002514,C0058,2025-12-31,P003,2,0,1998.0,Delivered,COD
O002515,C0389,2025-12-17,P006,2,5,17098.1,Delivered,Net Banking
O002516,C0180,2026-02-04,P007,3,0,4197.0,Delivered,Card
O002517,C0429,2025-09-10,P001,4,15,8496.6,Delivered,Card
O002518,C0341,2026-04-04,P012,2,10,1078.2,Delivered,UPI
O002519,C0349,2026-05-14,P002,1,10,1169.1,Delivered,Card
O002520,C0020,2026-05-23,P012,4,10,2156.4,Delivered,COD
O002521,C0255,2025-10-31,P004,3,15,4077.45,Delivered,Card
O002522,C0317,2026-05-16,P008,4,0,7996.0,Delivered,UPI
O002523,C0038,2025-06-15,P011,1,10,719.1,Delivered,Card
O002524,C0148,2026-02-19,P010,3,10,6207.3,Delivered,Net Banking
O002525,C0498,2026-04-07,P006,1,0,8999.0,Delivered,COD
O002526,C0025,2025-04-24,P001,4,0,9996.0,Delivered,COD
O002527,C0386,2026-03-09,P010,3,5,6552.15,Delivered,UPI
O002528,C0121,2025-12-22,P005,1,0,3499.0,Delivered,UPI
O002529,C0416,2025-07-26,P007,4,5,5316.2,Delivered,COD
O002530,C0026,2025-08-23,P006,1,0,8999.0,Cancelled,UPI
O002531,C0454,2026-03-18,P012,2,10,1078.2,Delivered,Card
O002532,C0169,2025-12-21,P009,4,0,7196.0,Delivered,Card
O002533,C0323,2026-05-30,P008,3,5,5697.15,Delivered,Card
O002534,C0225,2025-07-27,P004,3,20,3837.6,Delivered,Card
O002535,C0001,2025-05-05,P011,2,10,1438.2,Delivered,COD
O002536,C0307,2025-05-18,P012,1,5,569.05,Delivered,UPI
O002537,C0261,2025-12-05,P005,1,10,3149.1,Delivered,COD
O002538,C0013,2026-06-21,P007,3,0,4197.0,Cancelled,COD
O002539,C0403,2025-03-09,P008,1,0,1999.0,Delivered,Net Banking
O002540,C0396,2026-07-27,P005,4,0,13996.0,Returned,Card
O002541,C0048,2026-06-25,P009,4,20,5756.8,Delivered,Card
O002542,C0409,2026-01-18,P010,3,10,6207.3,Delivered,Net Banking
O002543,C0313,2025-01-19,P012,4,15,2036.6,Delivered,Card
O002544,C0371,2026-03-26,P004,3,20,3837.6,Delivered,Card
O002545,C0291,2025-03-15,P004,1,20,1279.2,Delivered,UPI
O002546,C0332,2026-07-27,P008,1,10,1799.1,Delivered,UPI
O002547,C0094,2025-10-03,P001,1,10,2249.1,Delivered,Card
O002548,C0261,2025-02-17,P008,2,5,3798.1,Delivered,Card
O002549,C0482,2025-07-30,P005,3,0,10497.0,Delivered,Card
O002550,C0278,2026-06-24,P011,4,10,2876.4,Delivered,UPI
O002551,C0359,2025-07-10,P001,1,10,2249.1,Returned,COD
O002552,C0205,2025-11-11,P004,2,20,2558.4,Delivered,Card
O002553,C0185,2026-07-17,P002,4,5,4936.2,Shipped,Card
O002554,C0175,2026-07-16,P004,4,10,5756.4,Delivered,Net Banking
O002555,C0438,2025-04-23,P008,4,10,7196.4,Delivered,UPI
O002556,C0387,2025-06-19,P005,1,0,3499.0,Delivered,COD
O002557,C0380,2026-04-13,P001,4,10,8996.4,Delivered,Card
O002558,C0309,2025-01-14,P007,3,10,3777.3,Returned,Card
O002559,C0468,2025-10-15,P001,2,5,4748.1,Delivered,UPI
O002560,C0415,2025-07-08,P009,4,10,6476.4,Cancelled,UPI
O002561,C0069,2025-06-04,P003,4,0,3996.0,Shipped,Card
O002562,C0472,2026-07-21,P012,3,5,1707.15,Delivered,UPI
O002563,C0104,2026-04-16,P003,4,10,3596.4,Delivered,UPI
O002564,C0246,2025-03-16,P006,1,5,8549.05,Delivered,COD
O002565,C0161,2025-10-04,P010,1,5,2184.05,Delivered,Card
O002566,C0200,2025-12-09,P006,1,0,8999.0,Delivered,COD
O002567,C0216,2026-03-01,P011,4,0,3196.0,Delivered,Card
O002568,C0434,2026-07-25,P011,2,5,1518.1,Delivered,Card
O002569,C0212,2026-05-26,P006,2,5,17098.1,Delivered,Net Banking
O002570,C0016,2025-07-01,P001,4,10,8996.4,Delivered,Net Banking
O002571,C0498,2026-04-03,P005,2,15,5948.3,Shipped,UPI
O002572,C0372,2025-03-05,P012,2,0,1198.0,Delivered,COD
O002573,C0332,2025-09-17,P006,4,0,35996.0,Delivered,UPI
O002574,C0205,2025-07-12,P008,1,5,1899.05,Delivered,UPI
O002575,C0365,2026-02-10,P001,4,5,9496.2,Shipped,Card
O002576,C0490,2025-04-03,P005,1,10,3149.1,Delivered,Net Banking
O002577,C0039,2026-03-06,P003,1,15,849.15,Cancelled,Net Banking
O002578,C0089,2026-03-10,P002,2,15,2208.3,Returned,UPI
O002579,C0430,2026-02-08,P011,2,0,1598.0,Cancelled,COD
O002580,C0256,2026-03-10,P008,1,20,1599.2,Delivered,COD
O002581,C0480,2025-04-22,P007,1,0,1399.0,Delivered,UPI
O002582,C0254,2026-01-10,P010,2,10,4138.2,Cancelled,Card
O002583,C0216,2025-02-28,P007,3,10,3777.3,Shipped,Card
O002584,C0368,2025-02-12,P005,1,10,3149.1,Cancelled,UPI
O002585,C0303,2025-07-26,P012,1,5,569.05,Delivered,COD
O002586,C0172,2025-10-23,P009,1,5,1709.05,Delivered,UPI
O002587,C0137,2025-04-28,P005,2,10,6298.2,Delivered,UPI
O002588,C0488,2026-06-16,P002,4,0,5196.0,Shipped,UPI
O002589,C0498,2025-08-10,P003,1,0,999.0,Delivered,Card
O002590,C0471,2025-06-15,P004,1,10,1439.1,Delivered,Card
O002591,C0384,2025-06-05,P005,1,5,3324.05,Delivered,Card
O002592,C0178,2025-07-03,P003,4,10,3596.4,Delivered,Card
O002593,C0077,2025-03-31,P012,4,0,2396.0,Delivered,UPI
O002594,C0188,2025-04-04,P007,1,15,1189.15,Delivered,COD
O002595,C0480,2025-01-13,P005,1,0,3499.0,Delivered,Card
O002596,C0498,2026-03-14,P005,3,15,8922.45,Delivered,UPI
O002597,C0015,2026-06-22,P006,4,5,34196.2,Delivered,UPI
O002598,C0292,2026-08-10,P007,3,10,3777.3,Cancelled,UPI
O002599,C0497,2025-05-30,P010,1,15,1954.15,Delivered,Net Banking
O002600,C0319,2025-01-08,P010,1,5,2184.05,Delivered,Card
O002601,C0325,2025-01-29,P008,1,0,1999.0,Shipped,Card
O002602,C0214,2025-10-23,P009,1,5,1709.05,Delivered,UPI
O002603,C0208,2025-12-06,P011,2,0,1598.0,Delivered,Card
O002604,C0169,2026-03-15,P004,2,10,2878.2,Returned,Net Banking
O002605,C0330,2025-05-24,P005,2,5,6648.1,Delivered,UPI
O002606,C0280,2026-06-03,P005,3,15,8922.45,Delivered,Card
O002607,C0466,2025-02-14,P008,4,10,7196.4,Delivered,Net Banking
O002608,C0305,2025-08-27,P009,1,0,1799.0,Cancelled,Card
O002609,C0146,2025-06-04,P007,4,15,4756.6,Delivered,UPI
O002610,C0263,2025-06-30,P005,2,5,6648.1,Delivered,UPI
O002611,C0004,2025-08-03,P003,1,5,949.05,Cancelled,UPI
O002612,C0090,2025-03-29,P001,1,5,2374.05,Cancelled,COD
O002613,C0453,2025-09-13,P011,3,10,2157.3,Delivered,Card
O002614,C0060,2026-05-26,P009,4,5,6836.2,Delivered,Net Banking
O002615,C0311,2025-03-14,P005,3,10,9447.3,Delivered,UPI
O002616,C0016,2025-06-28,P009,2,0,3598.0,Delivered,Card
O002617,C0227,2025-07-31,P010,4,20,7356.8,Cancelled,UPI
O002618,C0474,2025-08-22,P012,2,10,1078.2,Delivered,UPI
O002619,C0466,2026-04-10,P004,3,5,4557.15,Delivered,UPI
O002620,C0029,2025-08-11,P005,3,10,9447.3,Cancelled,UPI
O002621,C0151,2025-09-21,P004,1,10,1439.1,Delivered,COD
O002622,C0245,2025-07-26,P002,4,0,5196.0,Delivered,UPI
O002623,C0270,2026-01-01,P012,4,0,2396.0,Delivered,Card
O002624,C0079,2025-10-03,P001,1,0,2499.0,Shipped,Net Banking
O002625,C0433,2026-01-15,P008,4,15,6796.6,Returned,Net Banking
O002626,C0289,2025-11-05,P004,2,10,2878.2,Delivered,UPI
O002627,C0153,2025-09-25,P005,2,5,6648.1,Shipped,Net Banking
O002628,C0277,2025-03-05,P006,3,0,26997.0,Returned,UPI
O002629,C0401,2025-12-16,P008,2,5,3798.1,Returned,UPI
O002630,C0279,2026-05-09,P011,4,10,2876.4,Delivered,COD
O002631,C0057,2026-06-07,P008,1,10,1799.1,Delivered,COD
O002632,C0491,2025-04-08,P007,3,20,3357.6,Delivered,COD
O002633,C0465,2025-03-12,P004,1,5,1519.05,Delivered,COD
O002634,C0186,2025-12-30,P006,3,5,25647.15,Delivered,UPI
O002635,C0398,2026-07-24,P004,3,5,4557.15,Delivered,Card
O002636,C0093,2025-10-03,P007,1,15,1189.15,Delivered,UPI
O002637,C0276,2025-02-19,P012,2,0,1198.0,Delivered,Card
O002638,C0158,2025-12-24,P012,2,5,1138.1,Shipped,UPI
O002639,C0275,2026-07-18,P011,2,10,1438.2,Shipped,UPI
O002640,C0181,2026-04-30,P001,2,0,4998.0,Delivered,COD
O002641,C0359,2025-03-25,P005,1,5,3324.05,Delivered,COD
O002642,C0440,2026-08-07,P010,4,10,8276.4,Delivered,Card
O002643,C0077,2025-10-23,P012,3,0,1797.0,Delivered,Card
O002644,C0466,2025-08-24,P010,1,5,2184.05,Delivered,Card
O002645,C0151,2025-02-25,P004,2,5,3038.1,Shipped,Card
O002646,C0446,2025-12-26,P011,2,5,1518.1,Delivered,Net Banking
O002647,C0238,2025-04-20,P007,1,0,1399.0,Shipped,UPI
O002648,C0289,2025-07-11,P009,3,20,4317.6,Cancelled,Card
O002649,C0231,2025-04-03,P005,1,0,3499.0,Delivered,COD
O002650,C0488,2026-07-22,P004,1,10,1439.1,Shipped,COD
O002651,C0018,2025-03-01,P009,4,0,7196.0,Delivered,Card
O002652,C0073,2025-02-08,P005,1,5,3324.05,Shipped,UPI
O002653,C0417,2026-06-24,P009,4,0,7196.0,Shipped,COD
O002654,C0416,2025-02-18,P008,3,0,5997.0,Delivered,Card
O002655,C0189,2026-02-24,P004,1,0,1599.0,Delivered,COD
O002656,C0438,2025-01-13,P011,1,5,759.05,Delivered,Card
O002657,C0017,2025-02-05,P011,2,10,1438.2,Delivered,UPI
O002658,C0019,2025-04-11,P007,1,0,1399.0,Returned,UPI
O002659,C0219,2025-03-27,P005,2,20,5598.4,Delivered,Card
O002660,C0326,2026-05-31,P010,2,5,4368.1,Delivered,UPI
O002661,C0483,2025-08-11,P004,2,5,3038.1,Delivered,UPI
O002662,C0120,2025-12-04,P005,3,0,10497.0,Delivered,Card
O002663,C0101,2025-06-15,P005,4,5,13296.2,Shipped,Card
O002664,C0034,2026-01-18,P011,2,15,1358.3,Delivered,UPI
O002665,C0084,2026-01-11,P009,1,10,1619.1,Shipped,UPI
O002666,C0409,2026-04-16,P012,1,5,569.05,Delivered,Net Banking
O002667,C0196,2025-01-31,P009,2,0,3598.0,Delivered,UPI
O002668,C0330,2026-01-10,P006,2,15,15298.3,Delivered,UPI
O002669,C0202,2025-01-11,P004,1,0,1599.0,Delivered,UPI
O002670,C0344,2025-10-29,P002,2,5,2468.1,Delivered,COD
O002671,C0341,2025-04-06,P003,4,0,3996.0,Delivered,UPI
O002672,C0011,2025-07-09,P002,4,5,4936.2,Cancelled,UPI
O002673,C0347,2026-03-29,P005,3,0,10497.0,Returned,UPI
O002674,C0400,2025-07-11,P006,2,15,15298.3,Delivered,Card
O002675,C0218,2026-05-01,P011,3,10,2157.3,Delivered,Card
O002676,C0445,2025-09-23,P005,3,10,9447.3,Delivered,UPI
O002677,C0253,2026-02-28,P002,3,0,3897.0,Shipped,UPI
O002678,C0222,2025-05-08,P012,2,10,1078.2,Delivered,UPI
O002679,C0383,2025-08-26,P005,3,10,9447.3,Delivered,Card
O002680,C0369,2025-12-21,P009,4,10,6476.4,Delivered,Card
O002681,C0080,2025-04-22,P004,3,0,4797.0,Delivered,UPI
O002682,C0007,2026-03-22,P012,4,20,1916.8,Delivered,Card
O002683,C0272,2025-12-09,P010,4,5,8736.2,Delivered,UPI
O002684,C0227,2025-05-25,P002,2,20,2078.4,Delivered,Card
O002685,C0016,2025-03-06,P003,3,0,2997.0,Delivered,Card
O002686,C0424,2025-09-04,P003,2,0,1998.0,Cancelled,COD
O002687,C0012,2026-05-05,P009,4,0,7196.0,Delivered,UPI
O002688,C0291,2026-03-15,P004,1,15,1359.15,Delivered,Card
O002689,C0241,2025-04-16,P001,3,5,7122.15,Cancelled,UPI
O002690,C0021,2025-06-30,P001,2,15,4248.3,Delivered,UPI
O002691,C0178,2025-07-03,P007,1,15,1189.15,Delivered,UPI
O002692,C0427,2025-08-14,P007,3,10,3777.3,Shipped,UPI
O002693,C0228,2025-03-30,P002,3,10,3507.3,Delivered,UPI
O002694,C0496,2026-06-14,P009,2,10,3238.2,Delivered,Net Banking
O002695,C0273,2026-01-06,P009,1,10,1619.1,Delivered,Card
O002696,C0288,2026-02-03,P005,2,5,6648.1,Delivered,UPI
O002697,C0297,2025-04-16,P003,3,10,2697.3,Delivered,UPI
O002698,C0134,2025-09-28,P003,3,15,2547.45,Delivered,UPI
O002699,C0472,2026-05-18,P012,4,5,2276.2,Delivered,UPI
O002700,C0283,2026-06-09,P003,3,20,2397.6,Returned,UPI
O002701,C0404,2025-02-01,P006,3,0,26997.0,Returned,Card
O002702,C0153,2026-01-28,P004,1,5,1519.05,Delivered,COD
O002703,C0066,2025-02-09,P008,1,0,1999.0,Delivered,Card
O002704,C0137,2025-08-06,P011,4,0,3196.0,Delivered,Card
O002705,C0092,2025-03-23,P011,4,15,2716.6,Delivered,COD
O002706,C0437,2025-07-20,P011,4,20,2556.8,Delivered,UPI
O002707,C0317,2026-03-23,P005,2,15,5948.3,Delivered,UPI
O002708,C0422,2026-03-04,P001,2,20,3998.4,Delivered,Card
O002709,C0259,2025-02-07,P009,4,0,7196.0,Delivered,Card
O002710,C0468,2025-07-30,P001,2,0,4998.0,Shipped,Card
O002711,C0454,2026-03-20,P006,3,10,24297.3,Shipped,UPI
O002712,C0103,2025-11-23,P001,4,15,8496.6,Delivered,Net Banking
O002713,C0481,2025-08-15,P003,4,0,3996.0,Delivered,UPI
O002714,C0055,2025-02-17,P010,2,20,3678.4,Shipped,COD
O002715,C0257,2025-01-18,P005,1,10,3149.1,Cancelled,COD
O002716,C0101,2026-03-15,P010,4,20,7356.8,Delivered,UPI
O002717,C0198,2025-07-06,P007,2,5,2658.1,Delivered,COD
O002718,C0301,2025-12-11,P010,2,5,4368.1,Returned,Card
O002719,C0226,2025-08-12,P008,1,15,1699.15,Delivered,COD
O002720,C0431,2026-05-03,P012,4,15,2036.6,Delivered,UPI
O002721,C0463,2025-08-17,P009,1,0,1799.0,Delivered,Net Banking
O002722,C0237,2026-01-25,P006,3,20,21597.6,Delivered,UPI
O002723,C0026,2026-08-12,P011,1,15,679.15,Delivered,COD
O002724,C0121,2025-07-07,P009,1,0,1799.0,Delivered,Card
O002725,C0398,2025-09-27,P008,2,0,3998.0,Delivered,UPI
O002726,C0182,2025-11-06,P009,1,5,1709.05,Delivered,UPI
O002727,C0199,2025-05-12,P010,3,5,6552.15,Delivered,UPI
O002728,C0302,2026-07-05,P004,2,10,2878.2,Returned,UPI
O002729,C0255,2025-03-13,P009,3,0,5397.0,Delivered,UPI
O002730,C0122,2025-07-06,P007,1,10,1259.1,Delivered,UPI
O002731,C0031,2026-05-01,P005,3,10,9447.3,Delivered,UPI
O002732,C0472,2025-07-10,P005,3,0,10497.0,Delivered,UPI
O002733,C0315,2026-02-26,P001,1,10,2249.1,Returned,Card
O002734,C0479,2025-04-30,P002,1,0,1299.0,Delivered,COD
O002735,C0285,2025-08-08,P010,2,0,4598.0,Delivered,Card
O002736,C0106,2025-02-22,P003,2,10,1798.2,Delivered,UPI
O002737,C0224,2026-03-27,P008,4,20,6396.8,Delivered,Card
O002738,C0273,2026-02-16,P006,2,0,17998.0,Delivered,COD
O002739,C0398,2025-08-25,P012,1,5,569.05,Delivered,UPI
O002740,C0232,2026-02-10,P010,3,5,6552.15,Shipped,Card
O002741,C0420,2026-02-26,P011,3,5,2277.15,Delivered,Card
O002742,C0256,2025-09-04,P005,2,5,6648.1,Delivered,Net Banking
O002743,C0442,2025-03-13,P001,2,10,4498.2,Delivered,Card
O002744,C0496,2025-07-04,P012,1,0,599.0,Delivered,COD
O002745,C0024,2025-01-06,P011,3,20,1917.6,Delivered,UPI
O002746,C0109,2025-07-25,P012,4,0,2396.0,Delivered,COD
O002747,C0191,2026-06-28,P009,4,15,6116.6,Shipped,UPI
O002748,C0347,2026-01-22,P003,2,15,1698.3,Delivered,Card
O002749,C0025,2025-03-17,P003,4,10,3596.4,Delivered,Card
O002750,C0187,2025-06-26,P002,1,0,1299.0,Delivered,Net Banking
O002751,C0288,2025-12-15,P004,4,10,5756.4,Delivered,UPI
O002752,C0116,2025-09-12,P012,2,10,1078.2,Delivered,UPI
O002753,C0338,2025-11-04,P002,1,15,1104.15,Delivered,Card
O002754,C0366,2025-12-11,P009,3,10,4857.3,Delivered,Card
O002755,C0402,2025-05-07,P012,1,5,569.05,Delivered,UPI
O002756,C0037,2025-10-14,P010,2,15,3908.3,Delivered,UPI
O002757,C0282,2026-05-02,P007,2,20,2238.4,Delivered,UPI
O002758,C0137,2026-01-18,P008,4,10,7196.4,Delivered,Card
O002759,C0227,2026-02-10,P003,4,15,3396.6,Delivered,COD
O002760,C0320,2026-01-23,P006,3,10,24297.3,Delivered,UPI
O002761,C0328,2026-06-09,P010,3,10,6207.3,Delivered,COD
O002762,C0404,2026-07-11,P006,2,10,16198.2,Delivered,UPI
O002763,C0182,2025-10-03,P001,2,10,4498.2,Delivered,UPI
O002764,C0362,2026-05-15,P006,2,5,17098.1,Delivered,Card
O002765,C0086,2025-12-03,P003,3,10,2697.3,Shipped,Card
O002766,C0467,2026-04-26,P011,2,10,1438.2,Returned,UPI
O002767,C0414,2025-09-30,P003,3,5,2847.15,Delivered,Card
O002768,C0053,2025-02-27,P003,2,5,1898.1,Delivered,COD
O002769,C0348,2025-11-24,P010,1,15,1954.15,Delivered,UPI
O002770,C0355,2025-04-19,P011,1,10,719.1,Delivered,UPI
O002771,C0235,2025-10-06,P011,2,0,1598.0,Delivered,UPI
O002772,C0447,2025-11-24,P010,1,15,1954.15,Shipped,COD
O002773,C0267,2025-11-11,P011,3,15,2037.45,Delivered,UPI
O002774,C0287,2026-04-19,P008,4,5,7596.2,Returned,COD
O002775,C0433,2025-04-21,P005,1,0,3499.0,Delivered,Card
O002776,C0496,2025-08-17,P004,4,20,5116.8,Delivered,COD
O002777,C0487,2026-05-12,P009,1,15,1529.15,Delivered,Card
O002778,C0100,2025-06-05,P009,3,0,5397.0,Cancelled,UPI
O002779,C0478,2026-04-18,P001,1,0,2499.0,Shipped,COD
O002780,C0087,2025-09-29,P002,1,5,1234.05,Delivered,Card
O002781,C0403,2025-01-02,P008,2,10,3598.2,Delivered,Card
O002782,C0396,2026-05-26,P005,4,0,13996.0,Delivered,Card
O002783,C0015,2025-10-13,P007,4,10,5036.4,Delivered,Card
O002784,C0415,2025-01-13,P001,3,5,7122.15,Delivered,UPI
O002785,C0427,2026-05-13,P012,3,15,1527.45,Cancelled,Card
O002786,C0101,2025-08-26,P010,4,5,8736.2,Delivered,UPI
O002787,C0165,2025-04-04,P012,2,10,1078.2,Shipped,Net Banking
O002788,C0463,2025-12-04,P005,2,20,5598.4,Delivered,Card
O002789,C0029,2025-06-20,P011,4,5,3036.2,Delivered,UPI
O002790,C0114,2026-07-21,P012,1,5,569.05,Shipped,Card
O002791,C0107,2026-04-12,P003,4,15,3396.6,Delivered,UPI
O002792,C0410,2025-05-23,P010,1,5,2184.05,Delivered,UPI
O002793,C0364,2025-07-20,P012,4,15,2036.6,Delivered,Card
O002794,C0130,2025-06-29,P012,1,0,599.0,Delivered,Card
O002795,C0084,2025-12-30,P002,2,0,2598.0,Returned,Net Banking
O002796,C0271,2026-04-24,P002,4,20,4156.8,Delivered,Net Banking
O002797,C0244,2026-07-19,P009,3,10,4857.3,Delivered,UPI
O002798,C0388,2026-04-16,P004,1,10,1439.1,Delivered,Card
O002799,C0214,2026-01-19,P004,2,0,3198.0,Delivered,COD
O002800,C0306,2026-02-21,P007,3,0,4197.0,Delivered,UPI
O002801,C0166,2025-11-04,P010,2,15,3908.3,Delivered,COD
O002802,C0279,2026-01-02,P010,1,5,2184.05,Cancelled,COD
O002803,C0059,2025-01-01,P002,4,5,4936.2,Shipped,Card
O002804,C0090,2025-02-13,P003,2,0,1998.0,Delivered,UPI
O002805,C0371,2025-04-08,P003,4,5,3796.2,Delivered,Net Banking
O002806,C0331,2025-09-22,P006,4,15,30596.6,Delivered,COD
O002807,C0412,2025-05-20,P003,2,15,1698.3,Delivered,Card
O002808,C0194,2026-04-26,P011,2,10,1438.2,Delivered,UPI
O002809,C0123,2025-08-25,P005,2,10,6298.2,Delivered,COD
O002810,C0136,2025-03-13,P004,4,10,5756.4,Delivered,UPI
O002811,C0413,2025-07-09,P003,3,10,2697.3,Delivered,UPI
O002812,C0139,2025-09-25,P008,1,10,1799.1,Delivered,Card
O002813,C0229,2025-11-17,P010,3,0,6897.0,Delivered,Net Banking
O002814,C0274,2025-04-17,P003,4,0,3996.0,Cancelled,COD
O002815,C0439,2025-08-20,P006,2,20,14398.4,Delivered,Card
O002816,C0050,2025-02-11,P007,2,0,2798.0,Delivered,Card
O002817,C0398,2025-05-19,P007,1,0,1399.0,Delivered,UPI
O002818,C0118,2025-09-30,P002,1,10,1169.1,Delivered,COD
O002819,C0202,2026-04-26,P003,3,10,2697.3,Delivered,Card
O002820,C0483,2026-02-20,P012,3,10,1617.3,Delivered,COD
O002821,C0393,2026-05-21,P010,1,5,2184.05,Shipped,Card
O002822,C0483,2026-02-28,P010,4,20,7356.8,Delivered,COD
O002823,C0395,2026-02-11,P004,3,10,4317.3,Delivered,COD
O002824,C0191,2026-07-22,P007,2,15,2378.3,Delivered,UPI
O002825,C0364,2026-01-25,P002,2,0,2598.0,Delivered,UPI
O002826,C0460,2025-12-08,P003,4,0,3996.0,Delivered,UPI
O002827,C0323,2026-05-08,P007,1,5,1329.05,Delivered,COD
O002828,C0181,2025-07-11,P007,3,0,4197.0,Delivered,Card
O002829,C0423,2026-05-14,P010,2,0,4598.0,Cancelled,Card
O002830,C0078,2025-08-21,P003,1,0,999.0,Delivered,UPI
O002831,C0440,2025-08-15,P012,3,10,1617.3,Delivered,Card
O002832,C0412,2026-01-06,P001,4,10,8996.4,Delivered,Card
O002833,C0075,2025-05-19,P012,2,15,1018.3,Delivered,UPI
O002834,C0295,2025-05-29,P003,4,0,3996.0,Delivered,Net Banking
O002835,C0281,2025-04-25,P005,4,5,13296.2,Shipped,UPI
O002836,C0021,2026-03-26,P007,4,0,5596.0,Delivered,UPI
O002837,C0394,2025-03-04,P004,3,5,4557.15,Delivered,UPI
O002838,C0171,2025-04-14,P011,4,5,3036.2,Delivered,UPI
O002839,C0015,2025-09-30,P011,3,5,2277.15,Delivered,Card
O002840,C0211,2025-01-06,P001,3,15,6372.45,Delivered,UPI
O002841,C0048,2025-05-27,P006,4,15,30596.6,Shipped,COD
O002842,C0086,2025-07-03,P002,4,10,4676.4,Delivered,UPI
O002843,C0149,2025-01-28,P012,1,15,509.15,Delivered,Card
O002844,C0188,2026-07-04,P003,2,10,1798.2,Delivered,Card
O002845,C0372,2025-04-29,P004,1,15,1359.15,Delivered,COD
O002846,C0492,2025-10-20,P006,2,10,16198.2,Delivered,UPI
O002847,C0480,2026-01-06,P006,2,10,16198.2,Delivered,Net Banking
O002848,C0306,2025-09-01,P007,1,10,1259.1,Delivered,Card
O002849,C0151,2026-08-03,P005,1,0,3499.0,Delivered,UPI
O002850,C0141,2025-08-06,P007,2,10,2518.2,Delivered,UPI
O002851,C0069,2025-06-26,P002,2,20,2078.4,Delivered,Card
O002852,C0260,2025-10-26,P001,2,10,4498.2,Delivered,COD
O002853,C0476,2025-02-27,P012,3,0,1797.0,Delivered,UPI
O002854,C0334,2025-09-26,P010,2,5,4368.1,Shipped,UPI
O002855,C0456,2025-11-04,P008,4,15,6796.6,Delivered,UPI
O002856,C0009,2026-07-24,P001,4,20,7996.8,Delivered,UPI
O002857,C0121,2025-10-15,P012,4,5,2276.2,Delivered,Card
O002858,C0371,2025-04-15,P002,1,15,1104.15,Delivered,Card
O002859,C0419,2025-08-16,P011,1,15,679.15,Delivered,UPI
O002860,C0101,2025-09-04,P012,1,0,599.0,Shipped,UPI
O002861,C0149,2026-05-09,P010,2,15,3908.3,Delivered,UPI
O002862,C0442,2025-03-24,P006,4,5,34196.2,Delivered,COD
O002863,C0146,2025-07-05,P001,2,10,4498.2,Delivered,COD
O002864,C0353,2025-09-09,P010,3,10,6207.3,Delivered,UPI
O002865,C0456,2025-12-21,P003,3,10,2697.3,Delivered,UPI
O002866,C0243,2025-07-29,P007,1,10,1259.1,Delivered,Card
O002867,C0241,2026-03-23,P012,3,5,1707.15,Delivered,COD
O002868,C0337,2026-04-05,P008,4,15,6796.6,Delivered,Card
O002869,C0043,2026-04-17,P004,3,15,4077.45,Returned,UPI
O002870,C0095,2026-01-05,P012,1,15,509.15,Delivered,UPI
O002871,C0226,2026-05-07,P003,2,5,1898.1,Returned,Card
O002872,C0006,2025-05-17,P001,3,0,7497.0,Delivered,Card
O002873,C0214,2026-01-02,P012,4,5,2276.2,Delivered,UPI
O002874,C0206,2025-07-03,P009,4,15,6116.6,Delivered,UPI
O002875,C0067,2026-08-11,P010,4,0,9196.0,Delivered,Card
O002876,C0396,2025-10-14,P006,2,20,14398.4,Shipped,UPI
O002877,C0100,2026-04-17,P006,4,15,30596.6,Delivered,Card
O002878,C0012,2026-01-10,P009,1,10,1619.1,Cancelled,UPI
O002879,C0237,2026-06-21,P001,1,10,2249.1,Delivered,COD
O002880,C0322,2026-05-26,P006,4,10,32396.4,Delivered,UPI
O002881,C0258,2026-08-02,P012,3,10,1617.3,Delivered,COD
O002882,C0399,2025-09-07,P005,4,5,13296.2,Shipped,UPI
O002883,C0407,2026-05-25,P011,1,15,679.15,Delivered,UPI
O002884,C0413,2025-03-14,P006,1,10,8099.1,Delivered,COD
O002885,C0337,2025-10-09,P011,1,15,679.15,Delivered,COD
O002886,C0480,2025-12-26,P008,3,15,5097.45,Delivered,UPI
O002887,C0135,2025-01-10,P005,3,0,10497.0,Delivered,COD
O002888,C0222,2025-07-30,P002,3,0,3897.0,Delivered,UPI
O002889,C0156,2025-06-01,P012,1,15,509.15,Delivered,Card
O002890,C0142,2025-01-05,P012,2,5,1138.1,Delivered,UPI
O002891,C0428,2025-07-14,P002,4,10,4676.4,Cancelled,UPI
O002892,C0158,2025-10-10,P010,4,5,8736.2,Delivered,Card
O002893,C0465,2026-04-09,P005,1,0,3499.0,Delivered,Card
O002894,C0416,2025-04-23,P003,3,0,2997.0,Delivered,Card
O002895,C0494,2025-09-28,P010,2,15,3908.3,Delivered,Card
O002896,C0326,2025-06-12,P003,2,10,1798.2,Delivered,Net Banking
O002897,C0371,2026-04-05,P008,3,10,5397.3,Cancelled,UPI
O002898,C0344,2025-04-15,P007,4,20,4476.8,Delivered,UPI
O002899,C0262,2026-07-10,P001,4,0,9996.0,Delivered,Card
O002900,C0283,2025-10-09,P012,2,5,1138.1,Delivered,UPI
O002901,C0338,2025-06-11,P012,2,15,1018.3,Delivered,Card
O002902,C0344,2025-12-17,P005,3,15,8922.45,Delivered,Card
O002903,C0229,2026-03-10,P009,4,5,6836.2,Delivered,UPI
O002904,C0376,2025-05-20,P004,2,20,2558.4,Delivered,Net Banking
O002905,C0280,2026-04-16,P001,4,20,7996.8,Delivered,UPI
O002906,C0358,2025-05-12,P008,2,0,3998.0,Delivered,UPI
O002907,C0290,2025-03-28,P005,3,0,10497.0,Delivered,UPI
O002908,C0168,2025-07-02,P002,4,15,4416.6,Delivered,UPI
O002909,C0047,2026-01-03,P012,2,5,1138.1,Delivered,UPI
O002910,C0463,2025-05-09,P001,2,0,4998.0,Cancelled,Card
O002911,C0203,2025-09-03,P012,2,15,1018.3,Delivered,COD
O002912,C0214,2026-08-01,P012,2,5,1138.1,Delivered,COD
O002913,C0246,2026-01-13,P012,3,5,1707.15,Delivered,UPI
O002914,C0024,2025-05-29,P003,4,0,3996.0,Delivered,UPI
O002915,C0321,2026-03-09,P009,4,10,6476.4,Delivered,Net Banking
O002916,C0274,2026-04-14,P001,1,10,2249.1,Delivered,UPI
O002917,C0044,2026-03-22,P004,4,0,6396.0,Delivered,Net Banking
O002918,C0332,2026-04-26,P008,1,5,1899.05,Delivered,COD
O002919,C0313,2025-10-21,P008,2,10,3598.2,Delivered,COD
O002920,C0363,2025-05-23,P010,3,20,5517.6,Delivered,UPI
O002921,C0156,2025-09-07,P012,3,20,1437.6,Delivered,UPI
O002922,C0488,2025-10-29,P011,2,5,1518.1,Delivered,Card
O002923,C0380,2025-01-25,P011,1,10,719.1,Delivered,COD
O002924,C0199,2025-03-11,P008,2,15,3398.3,Delivered,UPI
O002925,C0407,2025-04-22,P010,3,15,5862.45,Cancelled,COD
O002926,C0469,2025-12-30,P008,3,10,5397.3,Delivered,UPI
O002927,C0162,2025-10-30,P004,4,0,6396.0,Delivered,Card
O002928,C0395,2026-04-16,P008,1,15,1699.15,Delivered,COD
O002929,C0470,2025-04-01,P009,4,0,7196.0,Delivered,UPI
O002930,C0234,2026-06-14,P007,3,0,4197.0,Delivered,UPI
O002931,C0163,2025-07-11,P012,3,10,1617.3,Delivered,UPI
O002932,C0116,2026-07-06,P002,4,20,4156.8,Delivered,UPI
O002933,C0093,2025-08-30,P009,4,0,7196.0,Delivered,UPI
O002934,C0042,2025-05-18,P011,3,10,2157.3,Delivered,UPI
O002935,C0284,2025-12-11,P008,4,5,7596.2,Delivered,UPI
O002936,C0379,2025-06-29,P005,4,15,11896.6,Delivered,COD
O002937,C0210,2026-05-18,P012,1,10,539.1,Delivered,COD
O002938,C0206,2025-07-22,P003,3,0,2997.0,Shipped,UPI
O002939,C0466,2026-07-27,P007,2,5,2658.1,Delivered,UPI
O002940,C0220,2025-07-11,P002,1,5,1234.05,Delivered,UPI
O002941,C0280,2025-01-05,P003,2,0,1998.0,Delivered,Card
O002942,C0136,2025-08-25,P012,4,0,2396.0,Delivered,Card
O002943,C0106,2025-11-07,P009,4,10,6476.4,Delivered,Net Banking
O002944,C0118,2026-07-03,P004,2,5,3038.1,Shipped,UPI
O002945,C0237,2025-02-25,P004,4,10,5756.4,Delivered,COD
O002946,C0309,2026-03-19,P003,4,0,3996.0,Delivered,Card
O002947,C0456,2025-08-25,P005,1,10,3149.1,Shipped,COD
O002948,C0388,2025-07-16,P003,2,5,1898.1,Delivered,Card
O002949,C0475,2026-08-08,P009,1,0,1799.0,Delivered,Card
O002950,C0100,2026-07-25,P003,2,10,1798.2,Delivered,Card
O002951,C0261,2026-05-29,P002,1,0,1299.0,Delivered,COD
O002952,C0481,2026-03-25,P012,3,15,1527.45,Delivered,UPI
O002953,C0305,2025-12-26,P005,3,10,9447.3,Delivered,UPI
O002954,C0354,2025-01-30,P006,2,10,16198.2,Delivered,Card
O002955,C0286,2025-04-18,P001,3,0,7497.0,Delivered,UPI
O002956,C0328,2026-03-21,P012,1,5,569.05,Delivered,Card
O002957,C0103,2026-03-14,P011,2,5,1518.1,Shipped,Net Banking
O002958,C0063,2026-04-02,P006,3,10,24297.3,Delivered,Card
O002959,C0175,2026-05-10,P010,3,0,6897.0,Cancelled,Card
O002960,C0282,2025-09-04,P003,2,0,1998.0,Cancelled,Card
O002961,C0441,2026-06-27,P004,3,5,4557.15,Delivered,COD
O002962,C0293,2026-07-18,P006,3,5,25647.15,Delivered,Net Banking
O002963,C0226,2026-08-11,P008,2,0,3998.0,Delivered,Card
O002964,C0007,2026-03-15,P009,3,5,5127.15,Delivered,Card
O002965,C0127,2025-10-05,P006,3,5,25647.15,Shipped,UPI
O002966,C0424,2026-07-06,P007,3,5,3987.15,Delivered,UPI
O002967,C0092,2025-04-21,P005,3,5,9972.15,Delivered,UPI
O002968,C0423,2026-01-20,P012,4,10,2156.4,Delivered,UPI
O002969,C0190,2025-07-10,P009,2,0,3598.0,Delivered,Card
O002970,C0359,2026-05-05,P004,4,0,6396.0,Delivered,Card
O002971,C0476,2026-03-02,P010,4,5,8736.2,Delivered,UPI
O002972,C0462,2026-02-09,P011,1,5,759.05,Delivered,Net Banking
O002973,C0053,2025-12-01,P006,4,5,34196.2,Shipped,Card
O002974,C0242,2025-07-28,P005,4,15,11896.6,Delivered,Card
O002975,C0486,2025-01-22,P001,1,15,2124.15,Delivered,Card
O002976,C0132,2025-07-27,P005,3,0,10497.0,Delivered,Card
O002977,C0490,2025-01-08,P005,3,15,8922.45,Delivered,UPI
O002978,C0466,2026-06-13,P009,4,5,6836.2,Cancelled,COD
O002979,C0364,2025-06-15,P001,1,5,2374.05,Delivered,UPI
O002980,C0112,2026-05-11,P005,3,20,8397.6,Cancelled,Card
O002981,C0409,2026-08-13,P007,1,15,1189.15,Delivered,UPI
O002982,C0007,2026-03-05,P011,2,20,1278.4,Delivered,Card
O002983,C0230,2025-06-12,P006,2,0,17998.0,Shipped,UPI
O002984,C0156,2026-01-01,P006,2,0,17998.0,Delivered,COD
O002985,C0197,2026-06-10,P012,2,10,1078.2,Delivered,UPI
O002986,C0323,2025-08-27,P007,4,10,5036.4,Delivered,COD
O002987,C0364,2025-03-13,P006,2,0,17998.0,Shipped,COD
O002988,C0223,2026-03-21,P005,2,15,5948.3,Delivered,UPI
O002989,C0367,2026-05-24,P010,1,10,2069.1,Delivered,UPI
O002990,C0490,2025-09-26,P005,3,5,9972.15,Cancelled,Card
O002991,C0250,2026-02-19,P009,1,10,1619.1,Delivered,UPI
O002992,C0404,2025-09-02,P008,4,10,7196.4,Cancelled,UPI
O002993,C0083,2025-03-01,P012,2,0,1198.0,Delivered,UPI
O002994,C0240,2025-01-06,P010,3,20,5517.6,Delivered,Card
O002995,C0380,2026-07-24,P004,3,5,4557.15,Shipped,UPI
O002996,C0395,2026-02-11,P004,2,0,3198.0,Delivered,UPI
O002997,C0360,2025-08-05,P010,2,15,3908.3,Returned,Card
O002998,C0323,2025-01-26,P005,4,20,11196.8,Delivered,UPI
O002999,C0471,2025-01-05,P003,4,15,3396.6,Delivered,UPI
O003000,C0263,2026-06-16,P008,2,15,3398.3,Cancelled,Net Banking
O003001,C0407,2026-01-25,P007,2,10,2518.2,Returned,Card
O003002,C0189,2026-07-25,P005,2,20,5598.4,Delivered,UPI
O003003,C0455,2026-03-24,P010,2,0,4598.0,Delivered,UPI
O003004,C0366,2025-05-26,P003,3,15,2547.45,Delivered,Card
O003005,C0290,2026-01-23,P005,4,10,12596.4,Cancelled,UPI
O003006,C0362,2025-09-06,P003,2,0,1998.0,Delivered,Net Banking
O003007,C0403,2026-06-10,P010,2,10,4138.2,Delivered,Card
O003008,C0058,2026-04-07,P005,3,10,9447.3,Delivered,Net Banking
O003009,C0009,2025-01-13,P001,1,10,2249.1,Delivered,COD
O003010,C0304,2026-01-19,P006,2,0,17998.0,Returned,Card
O003011,C0115,2026-07-10,P010,3,15,5862.45,Delivered,Card
O003012,C0210,2026-02-03,P004,3,0,4797.0,Delivered,COD
O003013,C0041,2025-01-19,P004,1,5,1519.05,Delivered,Card
O003014,C0304,2026-07-29,P008,4,15,6796.6,Delivered,UPI
O003015,C0173,2026-05-06,P002,4,10,4676.4,Delivered,Card
O003016,C0234,2026-02-23,P004,4,5,6076.2,Returned,UPI
O003017,C0281,2025-12-03,P002,2,0,2598.0,Delivered,Card
O003018,C0372,2026-02-23,P001,4,10,8996.4,Shipped,Card
O003019,C0078,2025-05-02,P010,2,20,3678.4,Delivered,Net Banking
O003020,C0108,2026-03-08,P003,2,20,1598.4,Shipped,Card
O003021,C0281,2025-02-13,P012,3,10,1617.3,Delivered,COD
O003022,C0403,2025-11-13,P008,4,0,7996.0,Delivered,UPI
O003023,C0039,2026-01-16,P006,4,0,35996.0,Delivered,UPI
O003024,C0119,2025-05-25,P012,4,0,2396.0,Delivered,COD
O003025,C0335,2025-11-23,P007,2,5,2658.1,Returned,COD
O003026,C0336,2025-12-29,P002,2,0,2598.0,Delivered,Card
O003027,C0027,2025-02-19,P006,4,0,35996.0,Delivered,UPI
O003028,C0104,2025-03-06,P008,2,10,3598.2,Delivered,Card
O003029,C0074,2025-12-21,P008,2,5,3798.1,Delivered,COD
O003030,C0191,2025-06-13,P004,1,10,1439.1,Delivered,UPI
O003031,C0324,2025-05-21,P006,1,20,7199.2,Delivered,Card
O003032,C0499,2025-05-08,P005,4,10,12596.4,Delivered,UPI
O003033,C0147,2026-02-02,P009,4,15,6116.6,Returned,UPI
O003034,C0255,2026-04-08,P008,1,15,1699.15,Delivered,COD
O003035,C0284,2025-07-06,P002,2,5,2468.1,Delivered,UPI
O003036,C0213,2025-07-09,P012,2,0,1198.0,Shipped,UPI
O003037,C0123,2026-01-23,P007,3,0,4197.0,Delivered,COD
O003038,C0495,2026-03-05,P007,4,5,5316.2,Shipped,COD
O003039,C0206,2025-10-11,P011,4,10,2876.4,Delivered,UPI
O003040,C0417,2025-08-25,P012,4,20,1916.8,Delivered,Net Banking
O003041,C0240,2025-07-13,P001,3,20,5997.6,Returned,UPI
O003042,C0394,2025-10-14,P001,3,0,7497.0,Delivered,Net Banking
O003043,C0339,2025-05-16,P012,2,20,958.4,Delivered,Card
O003044,C0286,2025-06-20,P004,1,5,1519.05,Delivered,UPI
O003045,C0022,2025-06-08,P005,1,15,2974.15,Delivered,UPI
O003046,C0259,2025-07-20,P004,1,0,1599.0,Shipped,UPI
O003047,C0357,2026-05-02,P007,2,0,2798.0,Delivered,UPI
O003048,C0105,2026-07-11,P003,1,5,949.05,Shipped,Card
O003049,C0466,2026-08-06,P007,3,15,3567.45,Delivered,UPI
O003050,C0459,2026-05-19,P008,3,0,5997.0,Returned,UPI
O003051,C0432,2026-01-06,P006,4,0,35996.0,Delivered,COD
O003052,C0258,2025-04-13,P006,1,20,7199.2,Delivered,UPI
O003053,C0204,2025-05-05,P008,3,20,4797.6,Delivered,Card
O003054,C0310,2025-11-09,P008,4,0,7996.0,Delivered,UPI
O003055,C0262,2026-04-03,P007,1,10,1259.1,Shipped,Card
O003056,C0107,2025-08-18,P006,1,5,8549.05,Delivered,Card
O003057,C0251,2025-07-16,P006,3,5,25647.15,Delivered,COD
O003058,C0424,2026-02-27,P010,4,5,8736.2,Shipped,UPI
O003059,C0492,2026-07-26,P011,4,5,3036.2,Shipped,UPI
O003060,C0221,2025-06-20,P006,3,10,24297.3,Delivered,UPI
O003061,C0379,2026-01-17,P008,3,10,5397.3,Shipped,UPI
O003062,C0222,2025-06-22,P001,3,5,7122.15,Delivered,UPI
O003063,C0258,2026-03-29,P005,1,10,3149.1,Delivered,Card
O003064,C0201,2025-12-16,P003,3,10,2697.3,Delivered,Card
O003065,C0367,2026-05-09,P012,3,5,1707.15,Returned,COD
O003066,C0258,2025-01-04,P008,2,0,3998.0,Delivered,UPI
O003067,C0349,2025-04-03,P011,3,10,2157.3,Delivered,Card
O003068,C0225,2025-01-06,P006,3,15,22947.45,Cancelled,Net Banking
O003069,C0202,2025-10-15,P002,1,10,1169.1,Delivered,Card
O003070,C0226,2025-05-26,P007,4,10,5036.4,Shipped,Card
O003071,C0236,2026-02-28,P007,1,0,1399.0,Shipped,Net Banking
O003072,C0183,2026-04-02,P005,2,10,6298.2,Returned,Net Banking
O003073,C0200,2025-07-21,P008,3,5,5697.15,Delivered,Card
O003074,C0357,2025-07-31,P005,3,20,8397.6,Delivered,Card
O003075,C0246,2025-01-06,P001,3,10,6747.3,Cancelled,Card
O003076,C0444,2026-01-11,P009,3,5,5127.15,Delivered,Card
O003077,C0353,2026-03-23,P004,3,5,4557.15,Delivered,Net Banking
O003078,C0111,2025-04-16,P002,3,15,3312.45,Delivered,UPI
O003079,C0006,2026-02-05,P004,2,5,3038.1,Delivered,COD
O003080,C0236,2025-04-06,P009,3,10,4857.3,Cancelled,Card
O003081,C0127,2026-01-23,P002,3,10,3507.3,Delivered,UPI
O003082,C0104,2026-03-28,P004,3,15,4077.45,Delivered,COD
O003083,C0237,2026-02-20,P002,2,0,2598.0,Delivered,Card
O003084,C0403,2026-05-19,P005,3,10,9447.3,Delivered,UPI
O003085,C0480,2026-03-30,P003,2,20,1598.4,Delivered,Net Banking
O003086,C0155,2025-10-18,P010,1,20,1839.2,Delivered,Card
O003087,C0257,2026-06-18,P002,3,10,3507.3,Delivered,Card
O003088,C0235,2025-07-12,P009,4,20,5756.8,Delivered,COD
O003089,C0500,2025-05-30,P005,2,10,6298.2,Cancelled,Net Banking
O003090,C0289,2026-05-30,P010,1,5,2184.05,Delivered,COD
O003091,C0040,2026-01-28,P005,2,10,6298.2,Delivered,Card
O003092,C0288,2025-11-12,P001,2,0,4998.0,Cancelled,Card
O003093,C0197,2025-03-17,P006,1,5,8549.05,Delivered,UPI
O003094,C0273,2025-09-27,P007,3,5,3987.15,Cancelled,Card
O003095,C0382,2025-08-13,P001,3,15,6372.45,Delivered,Net Banking
O003096,C0264,2026-06-14,P009,2,15,3058.3,Delivered,Card
O003097,C0057,2025-04-23,P008,1,10,1799.1,Delivered,UPI
O003098,C0298,2025-09-08,P012,3,5,1707.15,Delivered,UPI
O003099,C0098,2025-08-21,P008,2,0,3998.0,Shipped,Net Banking
O003100,C0137,2025-03-24,P007,4,5,5316.2,Shipped,COD
O003101,C0376,2025-05-05,P005,1,10,3149.1,Delivered,Card
O003102,C0087,2025-06-24,P003,4,5,3796.2,Delivered,Card
O003103,C0419,2025-03-10,P012,4,5,2276.2,Shipped,UPI
O003104,C0242,2025-02-16,P009,2,5,3418.1,Delivered,COD
O003105,C0199,2025-09-13,P007,1,15,1189.15,Shipped,Card
O003106,C0463,2025-01-30,P011,3,15,2037.45,Delivered,Card
O003107,C0437,2025-10-08,P010,3,10,6207.3,Delivered,UPI
O003108,C0310,2025-08-25,P010,2,5,4368.1,Delivered,Card
O003109,C0084,2025-09-05,P008,3,5,5697.15,Delivered,UPI
O003110,C0242,2026-01-03,P006,3,0,26997.0,Delivered,Net Banking
O003111,C0281,2026-05-10,P012,4,0,2396.0,Delivered,Net Banking
O003112,C0323,2025-01-25,P011,4,0,3196.0,Delivered,COD
O003113,C0252,2026-08-09,P005,1,0,3499.0,Delivered,Net Banking
O003114,C0190,2026-05-05,P008,4,0,7996.0,Delivered,Card
O003115,C0439,2026-05-09,P003,3,0,2997.0,Shipped,UPI
O003116,C0430,2025-11-10,P012,1,0,599.0,Delivered,COD
O003117,C0152,2026-01-10,P007,1,10,1259.1,Delivered,UPI
O003118,C0482,2025-01-25,P002,2,20,2078.4,Delivered,Card
O003119,C0302,2025-11-30,P003,4,15,3396.6,Delivered,UPI
O003120,C0278,2025-12-21,P012,1,0,599.0,Delivered,Card
O003121,C0139,2025-04-26,P002,3,5,3702.15,Delivered,Card
O003122,C0176,2025-02-17,P005,1,15,2974.15,Delivered,UPI
O003123,C0008,2025-04-09,P007,1,0,1399.0,Delivered,UPI
O003124,C0295,2026-04-04,P011,2,15,1358.3,Delivered,Card
O003125,C0235,2026-06-07,P010,3,10,6207.3,Returned,COD
O003126,C0163,2026-02-09,P011,3,20,1917.6,Delivered,Card
O003127,C0049,2025-08-02,P011,4,15,2716.6,Delivered,UPI
O003128,C0302,2026-05-18,P011,3,10,2157.3,Delivered,Card
O003129,C0038,2026-03-24,P010,1,10,2069.1,Delivered,COD
O003130,C0136,2026-07-30,P001,3,0,7497.0,Delivered,Card
O003131,C0310,2025-09-15,P010,3,0,6897.0,Delivered,UPI
O003132,C0421,2025-05-01,P009,1,5,1709.05,Shipped,Net Banking
O003133,C0219,2025-02-23,P001,2,0,4998.0,Delivered,UPI
O003134,C0348,2025-11-27,P001,4,0,9996.0,Delivered,UPI
O003135,C0296,2025-08-29,P012,4,5,2276.2,Delivered,Card
O003136,C0034,2026-06-14,P010,2,15,3908.3,Delivered,UPI
O003137,C0352,2026-04-28,P008,1,0,1999.0,Delivered,Net Banking
O003138,C0079,2025-07-06,P006,4,5,34196.2,Delivered,UPI
O003139,C0236,2025-09-19,P006,2,5,17098.1,Delivered,UPI
O003140,C0383,2025-12-30,P012,2,10,1078.2,Delivered,UPI
O003141,C0273,2026-05-06,P009,2,0,3598.0,Delivered,Card
O003142,C0161,2026-03-07,P004,4,20,5116.8,Delivered,UPI
O003143,C0175,2025-08-27,P008,4,10,7196.4,Delivered,UPI
O003144,C0366,2025-10-31,P004,4,10,5756.4,Delivered,UPI
O003145,C0308,2025-10-25,P002,4,0,5196.0,Delivered,Card
O003146,C0374,2025-03-17,P011,3,5,2277.15,Delivered,COD
O003147,C0464,2025-11-29,P008,2,15,3398.3,Delivered,Card
O003148,C0221,2026-04-19,P012,3,0,1797.0,Delivered,Card
O003149,C0009,2025-10-10,P007,2,5,2658.1,Delivered,UPI
O003150,C0289,2025-03-13,P004,4,0,6396.0,Delivered,COD
O003151,C0444,2025-09-20,P009,4,20,5756.8,Delivered,Card
O003152,C0113,2026-07-29,P009,3,0,5397.0,Cancelled,UPI
O003153,C0477,2025-01-12,P008,1,15,1699.15,Delivered,Card
O003154,C0205,2025-05-21,P001,4,5,9496.2,Delivered,Card
O003155,C0405,2026-07-09,P007,1,10,1259.1,Delivered,UPI
O003156,C0186,2025-01-17,P005,2,10,6298.2,Delivered,UPI
O003157,C0341,2025-03-04,P007,3,0,4197.0,Delivered,UPI
O003158,C0197,2025-09-10,P012,1,5,569.05,Delivered,COD
O003159,C0266,2026-04-10,P009,1,5,1709.05,Delivered,UPI
O003160,C0262,2026-01-11,P002,4,0,5196.0,Shipped,Card
O003161,C0248,2026-06-04,P011,1,15,679.15,Shipped,UPI
O003162,C0115,2025-03-31,P004,1,0,1599.0,Delivered,UPI
O003163,C0121,2025-06-24,P004,2,10,2878.2,Delivered,UPI
O003164,C0141,2025-03-17,P002,3,5,3702.15,Delivered,UPI
O003165,C0065,2026-02-04,P003,4,0,3996.0,Shipped,UPI
O003166,C0276,2025-03-12,P011,4,10,2876.4,Delivered,Card
O003167,C0313,2025-06-29,P008,1,10,1799.1,Delivered,Card
O003168,C0239,2025-05-04,P012,2,5,1138.1,Delivered,COD
O003169,C0302,2026-01-16,P009,1,10,1619.1,Delivered,UPI
O003170,C0392,2025-10-20,P006,1,0,8999.0,Delivered,COD
O003171,C0010,2025-07-14,P010,4,15,7816.6,Delivered,Net Banking
O003172,C0457,2025-08-16,P002,1,5,1234.05,Delivered,UPI
O003173,C0369,2026-03-07,P002,1,0,1299.0,Delivered,Net Banking
O003174,C0233,2026-03-12,P007,2,15,2378.3,Delivered,UPI
O003175,C0195,2026-04-06,P008,4,0,7996.0,Delivered,Card
O003176,C0395,2025-01-21,P008,3,5,5697.15,Delivered,UPI
O003177,C0012,2025-03-05,P006,2,5,17098.1,Delivered,Card
O003178,C0394,2025-06-14,P010,2,15,3908.3,Delivered,Card
O003179,C0409,2025-01-27,P008,2,20,3198.4,Cancelled,UPI
O003180,C0177,2025-11-07,P001,4,10,8996.4,Delivered,Card
O003181,C0177,2025-10-12,P009,1,5,1709.05,Delivered,Card
O003182,C0217,2025-10-08,P012,3,10,1617.3,Delivered,Card
O003183,C0011,2025-06-13,P001,4,5,9496.2,Shipped,Net Banking
O003184,C0446,2025-08-12,P003,1,5,949.05,Shipped,Net Banking
O003185,C0118,2025-05-26,P012,2,20,958.4,Delivered,Net Banking
O003186,C0164,2025-01-30,P009,4,0,7196.0,Delivered,COD
O003187,C0039,2025-02-14,P011,1,5,759.05,Delivered,UPI
O003188,C0053,2026-04-16,P005,3,15,8922.45,Delivered,UPI
O003189,C0218,2025-02-03,P009,3,10,4857.3,Delivered,UPI
O003190,C0206,2026-03-03,P009,1,0,1799.0,Delivered,Net Banking
O003191,C0487,2025-08-09,P006,4,0,35996.0,Delivered,UPI
O003192,C0312,2026-06-18,P011,2,10,1438.2,Delivered,UPI
O003193,C0360,2026-01-02,P001,1,5,2374.05,Delivered,UPI
O003194,C0385,2026-07-04,P010,2,5,4368.1,Delivered,UPI
O003195,C0056,2026-08-05,P007,3,5,3987.15,Shipped,UPI
O003196,C0118,2025-04-26,P006,1,20,7199.2,Delivered,Card
O003197,C0388,2025-08-27,P009,3,5,5127.15,Delivered,UPI
O003198,C0253,2025-12-01,P007,2,5,2658.1,Delivered,Card
O003199,C0286,2026-03-17,P012,2,5,1138.1,Delivered,COD
O003200,C0268,2025-05-28,P011,1,0,799.0,Delivered,COD
O003201,C0291,2025-01-09,P012,1,0,599.0,Delivered,UPI
O003202,C0333,2025-10-15,P004,1,20,1279.2,Delivered,COD
O003203,C0180,2026-01-23,P007,3,15,3567.45,Delivered,COD
O003204,C0415,2025-02-19,P002,2,0,2598.0,Shipped,UPI
O003205,C0358,2026-06-01,P006,2,15,15298.3,Shipped,Card
O003206,C0235,2026-08-10,P006,3,0,26997.0,Delivered,Card
O003207,C0343,2025-10-05,P002,1,10,1169.1,Delivered,Card
O003208,C0196,2025-10-27,P004,4,0,6396.0,Delivered,UPI
O003209,C0308,2026-08-12,P008,1,15,1699.15,Delivered,Card
O003210,C0080,2025-05-15,P008,4,0,7996.0,Delivered,COD
O003211,C0135,2026-08-03,P008,4,10,7196.4,Delivered,UPI
O003212,C0022,2025-05-27,P008,3,15,5097.45,Delivered,Card
O003213,C0477,2026-05-05,P001,2,0,4998.0,Shipped,UPI
O003214,C0331,2026-04-23,P002,2,5,2468.1,Delivered,Card
O003215,C0440,2025-06-08,P012,2,0,1198.0,Delivered,UPI
O003216,C0225,2026-01-19,P004,2,10,2878.2,Cancelled,UPI
O003217,C0058,2025-06-12,P012,3,5,1707.15,Delivered,COD
O003218,C0093,2026-03-17,P009,4,10,6476.4,Returned,COD
O003219,C0192,2025-07-08,P003,2,20,1598.4,Delivered,UPI
O003220,C0103,2026-02-19,P006,4,5,34196.2,Returned,Card
O003221,C0396,2025-12-05,P007,3,0,4197.0,Delivered,Card
O003222,C0007,2025-06-30,P008,1,10,1799.1,Delivered,COD
O003223,C0128,2025-10-15,P007,3,15,3567.45,Delivered,Card
O003224,C0055,2025-07-06,P003,2,20,1598.4,Cancelled,Card
O003225,C0231,2025-05-18,P006,1,0,8999.0,Delivered,Net Banking
O003226,C0362,2025-05-10,P005,3,5,9972.15,Delivered,COD
O003227,C0062,2025-07-13,P012,3,15,1527.45,Delivered,UPI
O003228,C0240,2025-11-12,P010,4,15,7816.6,Shipped,Card
O003229,C0090,2025-05-24,P004,3,10,4317.3,Delivered,UPI
O003230,C0232,2025-01-16,P001,1,5,2374.05,Delivered,COD
O003231,C0457,2025-10-29,P007,3,5,3987.15,Delivered,UPI
O003232,C0233,2026-02-27,P008,2,0,3998.0,Delivered,UPI
O003233,C0354,2025-09-02,P002,4,20,4156.8,Delivered,UPI
O003234,C0493,2025-04-17,P007,1,0,1399.0,Delivered,UPI
O003235,C0333,2025-03-29,P006,1,10,8099.1,Delivered,UPI
O003236,C0439,2025-05-09,P005,3,10,9447.3,Delivered,Card
O003237,C0375,2025-12-07,P004,2,5,3038.1,Shipped,UPI
O003238,C0292,2025-01-04,P002,4,5,4936.2,Delivered,Card
O003239,C0345,2025-11-23,P010,1,10,2069.1,Delivered,Card
O003240,C0152,2026-02-14,P006,4,5,34196.2,Delivered,Card
O003241,C0428,2025-11-02,P005,3,5,9972.15,Delivered,Card
O003242,C0145,2025-08-13,P002,2,5,2468.1,Shipped,UPI
O003243,C0130,2025-12-14,P010,3,15,5862.45,Delivered,UPI
O003244,C0141,2025-11-17,P007,4,20,4476.8,Shipped,COD
O003245,C0415,2026-07-13,P006,3,10,24297.3,Delivered,Card
O003246,C0093,2025-06-30,P012,4,15,2036.6,Delivered,Card
O003247,C0114,2026-01-21,P011,1,10,719.1,Delivered,Card
O003248,C0284,2025-04-18,P009,1,10,1619.1,Cancelled,UPI
O003249,C0444,2026-06-15,P011,3,20,1917.6,Returned,COD
O003250,C0411,2026-02-14,P010,1,5,2184.05,Delivered,UPI
O003251,C0143,2025-10-23,P005,4,0,13996.0,Delivered,Net Banking
O003252,C0223,2025-06-20,P009,1,20,1439.2,Delivered,UPI
O003253,C0232,2025-11-27,P009,2,15,3058.3,Delivered,Card
O003254,C0463,2026-05-08,P001,2,5,4748.1,Delivered,UPI
O003255,C0033,2025-07-14,P005,3,20,8397.6,Delivered,COD
O003256,C0276,2025-01-12,P009,3,5,5127.15,Delivered,Net Banking
O003257,C0170,2025-07-14,P007,3,5,3987.15,Delivered,UPI
O003258,C0140,2026-05-05,P006,3,10,24297.3,Delivered,UPI
O003259,C0357,2025-07-01,P006,4,5,34196.2,Shipped,UPI
O003260,C0201,2025-11-12,P011,4,10,2876.4,Delivered,COD
O003261,C0023,2025-01-30,P007,2,0,2798.0,Delivered,UPI
O003262,C0456,2025-04-06,P001,4,0,9996.0,Delivered,Card
O003263,C0224,2026-01-16,P004,1,10,1439.1,Delivered,UPI
O003264,C0368,2026-03-20,P001,2,10,4498.2,Delivered,Card
O003265,C0270,2025-10-25,P006,3,0,26997.0,Cancelled,Card
O003266,C0347,2025-12-27,P004,3,20,3837.6,Delivered,Card
O003267,C0153,2026-01-09,P001,4,10,8996.4,Delivered,COD
O003268,C0333,2026-07-08,P009,2,0,3598.0,Delivered,UPI
O003269,C0085,2025-10-30,P012,4,5,2276.2,Delivered,Card
O003270,C0109,2026-02-25,P004,4,15,5436.6,Cancelled,Card
O003271,C0031,2025-09-03,P012,4,10,2156.4,Delivered,Card
O003272,C0229,2025-08-25,P006,2,0,17998.0,Delivered,UPI
O003273,C0240,2026-06-18,P007,3,0,4197.0,Delivered,COD
O003274,C0378,2025-07-04,P008,1,5,1899.05,Delivered,Net Banking
O003275,C0363,2026-04-13,P012,3,5,1707.15,Delivered,Net Banking
O003276,C0310,2025-12-29,P011,2,10,1438.2,Cancelled,COD
O003277,C0389,2025-10-10,P009,3,20,4317.6,Delivered,UPI
O003278,C0141,2026-07-07,P009,3,0,5397.0,Delivered,UPI
O003279,C0156,2025-12-02,P008,1,15,1699.15,Delivered,UPI
O003280,C0299,2025-06-11,P010,3,20,5517.6,Cancelled,UPI
O003281,C0345,2025-06-09,P011,3,20,1917.6,Delivered,UPI
O003282,C0371,2026-04-19,P012,3,20,1437.6,Delivered,UPI
O003283,C0099,2025-11-18,P012,4,15,2036.6,Delivered,COD
O003284,C0047,2025-01-12,P003,2,10,1798.2,Delivered,Net Banking
O003285,C0487,2026-02-28,P012,2,5,1138.1,Delivered,Net Banking
O003286,C0327,2025-03-14,P002,1,5,1234.05,Cancelled,UPI
O003287,C0422,2026-08-11,P005,4,15,11896.6,Delivered,COD
O003288,C0480,2025-07-20,P001,4,5,9496.2,Delivered,UPI
O003289,C0067,2026-06-06,P003,3,0,2997.0,Shipped,Card
O003290,C0062,2026-05-20,P001,2,0,4998.0,Delivered,Card
O003291,C0109,2025-02-08,P003,1,15,849.15,Delivered,Card
O003292,C0167,2025-03-01,P004,4,15,5436.6,Delivered,Net Banking
O003293,C0037,2026-08-01,P007,3,5,3987.15,Cancelled,UPI
O003294,C0119,2025-11-17,P012,1,5,569.05,Delivered,Card
O003295,C0498,2026-03-11,P012,4,10,2156.4,Delivered,UPI
O003296,C0086,2026-02-12,P005,1,0,3499.0,Delivered,COD
O003297,C0382,2026-01-21,P005,4,10,12596.4,Delivered,UPI
O003298,C0392,2026-07-23,P001,1,5,2374.05,Delivered,Card
O003299,C0465,2025-03-19,P008,4,20,6396.8,Cancelled,Card
O003300,C0052,2025-07-13,P004,4,10,5756.4,Delivered,Card
O003301,C0091,2025-10-12,P010,1,10,2069.1,Delivered,Card
O003302,C0289,2026-06-11,P005,4,10,12596.4,Delivered,UPI
O003303,C0494,2026-06-08,P002,4,5,4936.2,Delivered,Card
O003304,C0337,2025-06-05,P012,4,0,2396.0,Delivered,Net Banking
O003305,C0298,2025-12-06,P001,1,10,2249.1,Shipped,COD
O003306,C0204,2025-05-05,P009,1,20,1439.2,Shipped,UPI
O003307,C0368,2025-10-07,P002,4,5,4936.2,Cancelled,UPI
O003308,C0238,2025-05-08,P006,4,10,32396.4,Cancelled,Card
O003309,C0382,2025-11-10,P001,1,20,1999.2,Delivered,COD
O003310,C0155,2025-11-28,P001,3,15,6372.45,Shipped,UPI
O003311,C0240,2025-05-30,P009,4,10,6476.4,Delivered,Card
O003312,C0136,2026-03-30,P004,3,10,4317.3,Shipped,Net Banking
O003313,C0407,2025-02-05,P009,1,20,1439.2,Delivered,Card
O003314,C0362,2026-02-24,P011,4,20,2556.8,Shipped,UPI
O003315,C0381,2025-01-22,P005,3,20,8397.6,Delivered,COD
O003316,C0369,2025-07-25,P007,1,10,1259.1,Delivered,Card
O003317,C0064,2025-12-22,P001,3,5,7122.15,Delivered,UPI
O003318,C0123,2026-03-16,P006,2,0,17998.0,Delivered,UPI
O003319,C0254,2025-04-06,P008,1,5,1899.05,Delivered,Card
O003320,C0477,2025-06-13,P001,2,20,3998.4,Shipped,Card
O003321,C0114,2025-05-28,P009,1,15,1529.15,Delivered,Card
O003322,C0020,2026-06-14,P003,1,10,899.1,Delivered,UPI
O003323,C0016,2025-10-21,P001,4,10,8996.4,Delivered,COD
O003324,C0145,2025-07-14,P001,2,5,4748.1,Delivered,UPI
O003325,C0208,2026-04-25,P011,2,5,1518.1,Shipped,UPI
O003326,C0019,2025-05-03,P006,2,10,16198.2,Delivered,Card
O003327,C0376,2026-02-04,P011,1,5,759.05,Delivered,COD
O003328,C0392,2026-03-28,P006,2,0,17998.0,Delivered,UPI
O003329,C0166,2025-04-14,P001,2,10,4498.2,Delivered,UPI
O003330,C0038,2026-04-07,P003,4,0,3996.0,Delivered,Card
O003331,C0181,2026-01-31,P007,3,20,3357.6,Delivered,Card
O003332,C0349,2025-12-03,P010,3,5,6552.15,Delivered,Card
O003333,C0105,2025-05-22,P003,2,20,1598.4,Delivered,UPI
O003334,C0100,2025-11-13,P003,2,0,1998.0,Delivered,UPI
O003335,C0090,2026-07-12,P003,2,0,1998.0,Delivered,COD
O003336,C0415,2026-06-11,P012,2,10,1078.2,Delivered,Card
O003337,C0300,2026-07-10,P007,3,15,3567.45,Delivered,COD
O003338,C0444,2026-02-05,P004,4,10,5756.4,Delivered,Card
O003339,C0332,2025-11-06,P004,1,0,1599.0,Shipped,Card
O003340,C0401,2026-05-10,P003,2,0,1998.0,Delivered,Net Banking
O003341,C0079,2026-07-10,P010,2,10,4138.2,Delivered,UPI
O003342,C0073,2025-04-19,P011,3,0,2397.0,Delivered,Card
O003343,C0423,2026-01-07,P009,2,5,3418.1,Delivered,UPI
O003344,C0426,2025-07-25,P002,4,10,4676.4,Delivered,UPI
O003345,C0176,2025-02-12,P004,4,0,6396.0,Delivered,UPI
O003346,C0396,2025-09-02,P008,2,0,3998.0,Delivered,UPI
O003347,C0096,2025-10-14,P006,3,0,26997.0,Shipped,Net Banking
O003348,C0345,2025-12-21,P007,2,20,2238.4,Shipped,Card
O003349,C0103,2026-04-21,P007,2,5,2658.1,Delivered,COD
O003350,C0402,2025-03-24,P002,3,20,3117.6,Delivered,Card
O003351,C0463,2025-04-20,P004,4,5,6076.2,Delivered,Card
O003352,C0224,2025-07-09,P010,1,15,1954.15,Delivered,UPI
O003353,C0006,2025-09-08,P010,2,0,4598.0,Cancelled,Card
O003354,C0122,2025-10-18,P006,4,5,34196.2,Delivered,Card
O003355,C0236,2025-07-20,P003,2,15,1698.3,Returned,UPI
O003356,C0427,2025-11-22,P009,1,15,1529.15,Delivered,COD
O003357,C0116,2026-05-26,P004,3,15,4077.45,Delivered,UPI
O003358,C0163,2026-02-13,P010,4,15,7816.6,Delivered,Card
O003359,C0226,2026-05-23,P002,1,0,1299.0,Delivered,Card
O003360,C0230,2025-03-13,P006,2,5,17098.1,Delivered,Net Banking
O003361,C0182,2025-09-04,P001,1,5,2374.05,Delivered,UPI
O003362,C0249,2026-08-10,P006,4,15,30596.6,Delivered,Card
O003363,C0318,2026-07-20,P012,3,5,1707.15,Delivered,Card
O003364,C0453,2025-12-10,P010,2,20,3678.4,Delivered,UPI
O003365,C0210,2025-02-23,P001,3,5,7122.15,Delivered,Card
O003366,C0144,2026-06-12,P008,3,10,5397.3,Delivered,UPI
O003367,C0392,2026-06-16,P005,1,5,3324.05,Delivered,UPI
O003368,C0345,2026-07-12,P006,1,5,8549.05,Delivered,UPI
O003369,C0096,2025-07-12,P002,4,10,4676.4,Delivered,COD
O003370,C0382,2025-02-27,P002,4,10,4676.4,Delivered,UPI
O003371,C0346,2026-03-13,P012,3,20,1437.6,Delivered,Card
O003372,C0244,2025-04-21,P009,4,10,6476.4,Delivered,UPI
O003373,C0086,2025-05-09,P003,3,10,2697.3,Delivered,UPI
O003374,C0415,2025-11-22,P006,2,15,15298.3,Delivered,UPI
O003375,C0491,2025-01-08,P010,3,10,6207.3,Delivered,Card
O003376,C0394,2025-01-29,P005,4,10,12596.4,Delivered,UPI
O003377,C0184,2025-04-22,P012,4,0,2396.0,Delivered,UPI
O003378,C0121,2025-05-11,P004,3,5,4557.15,Delivered,COD
O003379,C0332,2025-07-07,P010,1,10,2069.1,Delivered,Card
O003380,C0092,2026-04-20,P002,3,15,3312.45,Delivered,UPI
O003381,C0070,2025-12-30,P008,3,5,5697.15,Delivered,Card
O003382,C0404,2025-07-23,P010,1,0,2299.0,Cancelled,UPI
O003383,C0133,2025-07-31,P007,2,10,2518.2,Delivered,Card
O003384,C0279,2025-10-03,P011,1,0,799.0,Delivered,UPI
O003385,C0137,2025-03-14,P002,4,10,4676.4,Delivered,UPI
O003386,C0314,2025-08-31,P006,1,10,8099.1,Delivered,UPI
O003387,C0187,2025-04-12,P008,4,5,7596.2,Delivered,UPI
O003388,C0221,2025-06-20,P007,4,15,4756.6,Delivered,COD
O003389,C0464,2025-07-07,P001,3,10,6747.3,Shipped,UPI
O003390,C0438,2026-03-17,P005,3,10,9447.3,Delivered,UPI
O003391,C0046,2025-03-27,P002,2,0,2598.0,Delivered,Card
O003392,C0278,2026-04-21,P006,4,5,34196.2,Delivered,Card
O003393,C0192,2025-02-21,P007,3,15,3567.45,Cancelled,UPI
O003394,C0008,2025-04-21,P007,4,0,5596.0,Delivered,UPI
O003395,C0379,2025-02-12,P003,2,5,1898.1,Delivered,UPI
O003396,C0276,2025-07-30,P007,4,5,5316.2,Delivered,UPI
O003397,C0179,2025-07-19,P005,2,0,6998.0,Returned,UPI
O003398,C0334,2025-01-26,P008,2,5,3798.1,Delivered,UPI
O003399,C0039,2025-10-26,P012,2,0,1198.0,Delivered,Card
O003400,C0293,2025-03-18,P008,3,20,4797.6,Delivered,Net Banking
O003401,C0178,2025-05-17,P007,1,10,1259.1,Delivered,Card
O003402,C0162,2025-01-20,P006,1,5,8549.05,Delivered,UPI
O003403,C0331,2026-03-16,P002,3,15,3312.45,Delivered,Card
O003404,C0374,2025-07-30,P006,4,0,35996.0,Delivered,Card
O003405,C0104,2026-07-05,P012,3,10,1617.3,Delivered,COD
O003406,C0161,2026-03-11,P011,4,5,3036.2,Delivered,Card
O003407,C0287,2025-07-26,P009,2,0,3598.0,Delivered,Card
O003408,C0123,2026-03-15,P002,3,15,3312.45,Delivered,UPI
O003409,C0054,2025-02-11,P001,1,0,2499.0,Delivered,UPI
O003410,C0428,2026-02-15,P011,4,15,2716.6,Delivered,UPI
O003411,C0034,2026-06-07,P005,3,5,9972.15,Delivered,UPI
O003412,C0242,2026-03-03,P011,3,0,2397.0,Delivered,UPI
O003413,C0455,2025-10-02,P006,4,10,32396.4,Delivered,Card
O003414,C0378,2026-03-24,P003,2,10,1798.2,Delivered,Card
O003415,C0113,2026-01-04,P008,2,5,3798.1,Delivered,Net Banking
O003416,C0318,2025-08-08,P007,2,5,2658.1,Cancelled,UPI
O003417,C0023,2026-07-31,P002,2,0,2598.0,Delivered,UPI
O003418,C0046,2025-08-20,P012,4,20,1916.8,Delivered,COD
O003419,C0312,2025-11-24,P007,1,5,1329.05,Delivered,Net Banking
O003420,C0135,2026-03-19,P001,3,0,7497.0,Delivered,Card
O003421,C0118,2025-02-21,P009,3,15,4587.45,Delivered,UPI
O003422,C0473,2026-01-11,P007,2,5,2658.1,Delivered,Card
O003423,C0189,2025-09-20,P006,4,0,35996.0,Delivered,UPI
O003424,C0131,2025-09-24,P002,1,5,1234.05,Delivered,COD
O003425,C0422,2025-12-25,P003,1,10,899.1,Delivered,Card
O003426,C0212,2025-11-13,P001,3,0,7497.0,Shipped,UPI
O003427,C0418,2025-11-20,P010,2,5,4368.1,Delivered,COD
O003428,C0113,2026-07-17,P005,3,15,8922.45,Delivered,Card
O003429,C0044,2026-02-25,P009,3,0,5397.0,Delivered,Net Banking
O003430,C0128,2025-02-15,P006,1,5,8549.05,Delivered,Net Banking
O003431,C0364,2025-09-26,P005,4,5,13296.2,Delivered,UPI
O003432,C0158,2026-01-16,P012,1,10,539.1,Delivered,UPI
O003433,C0273,2025-04-28,P003,3,20,2397.6,Shipped,Card
O003434,C0315,2026-07-20,P005,2,5,6648.1,Delivered,Net Banking
O003435,C0394,2025-04-26,P008,2,0,3998.0,Delivered,Net Banking
O003436,C0355,2025-09-17,P012,4,5,2276.2,Shipped,Card
O003437,C0340,2025-03-16,P002,4,0,5196.0,Delivered,UPI
O003438,C0402,2026-04-25,P005,4,10,12596.4,Delivered,UPI
O003439,C0045,2025-11-01,P006,3,0,26997.0,Delivered,COD
O003440,C0108,2025-01-07,P010,3,5,6552.15,Cancelled,Card
O003441,C0219,2026-01-01,P008,4,10,7196.4,Delivered,Card
O003442,C0443,2026-06-07,P008,2,5,3798.1,Shipped,Card
O003443,C0318,2025-12-14,P005,2,10,6298.2,Delivered,Card
O003444,C0315,2026-03-14,P009,2,0,3598.0,Delivered,COD
O003445,C0177,2025-08-03,P004,3,20,3837.6,Delivered,UPI
O003446,C0228,2026-03-05,P012,1,5,569.05,Delivered,UPI
O003447,C0191,2026-05-13,P009,2,20,2878.4,Delivered,Card
O003448,C0471,2026-06-24,P011,2,5,1518.1,Delivered,COD
O003449,C0160,2026-01-02,P007,2,15,2378.3,Delivered,UPI
O003450,C0394,2025-11-09,P006,4,0,35996.0,Delivered,UPI
O003451,C0267,2026-06-22,P004,3,10,4317.3,Delivered,UPI
O003452,C0358,2025-02-23,P002,4,5,4936.2,Delivered,UPI
O003453,C0326,2026-06-25,P008,4,10,7196.4,Delivered,UPI
O003454,C0379,2026-04-12,P006,1,10,8099.1,Delivered,Card
O003455,C0489,2025-06-13,P012,4,10,2156.4,Cancelled,UPI
O003456,C0190,2025-11-30,P003,1,10,899.1,Delivered,Card
O003457,C0175,2026-07-01,P007,4,0,5596.0,Delivered,UPI
O003458,C0290,2025-12-14,P010,2,0,4598.0,Delivered,UPI
O003459,C0484,2025-09-30,P007,3,10,3777.3,Delivered,Card
O003460,C0357,2026-02-18,P006,4,0,35996.0,Delivered,Card
O003461,C0145,2026-05-15,P002,1,5,1234.05,Delivered,UPI
O003462,C0232,2025-04-03,P008,3,0,5997.0,Delivered,COD
O003463,C0360,2025-03-20,P001,1,0,2499.0,Shipped,UPI
O003464,C0438,2025-08-05,P001,2,10,4498.2,Delivered,UPI
O003465,C0204,2025-12-24,P006,4,10,32396.4,Delivered,Card
O003466,C0213,2026-05-22,P005,3,20,8397.6,Delivered,COD
O003467,C0040,2026-07-13,P009,2,5,3418.1,Delivered,UPI
O003468,C0275,2025-06-30,P012,4,20,1916.8,Delivered,UPI
O003469,C0323,2026-07-30,P007,4,10,5036.4,Delivered,Card
O003470,C0082,2025-09-03,P002,1,20,1039.2,Shipped,UPI
O003471,C0181,2025-09-01,P012,1,15,509.15,Delivered,Card
O003472,C0499,2026-05-21,P007,2,10,2518.2,Shipped,UPI
O003473,C0320,2026-02-26,P003,1,5,949.05,Cancelled,COD
O003474,C0083,2025-11-16,P001,2,0,4998.0,Cancelled,UPI
O003475,C0303,2025-03-28,P011,2,0,1598.0,Delivered,Net Banking
O003476,C0262,2025-08-05,P008,2,20,3198.4,Delivered,UPI
O003477,C0272,2026-05-05,P012,1,20,479.2,Delivered,COD
O003478,C0200,2026-06-03,P003,3,10,2697.3,Delivered,UPI
O003479,C0240,2025-10-05,P011,2,15,1358.3,Cancelled,UPI
O003480,C0402,2025-06-18,P008,3,20,4797.6,Delivered,UPI
O003481,C0180,2025-11-26,P007,4,10,5036.4,Delivered,COD
O003482,C0432,2026-03-17,P012,1,10,539.1,Delivered,UPI
O003483,C0171,2026-01-26,P002,1,5,1234.05,Delivered,UPI
O003484,C0295,2026-05-11,P001,3,5,7122.15,Delivered,UPI
O003485,C0177,2026-01-16,P007,4,0,5596.0,Delivered,Net Banking
O003486,C0369,2025-11-02,P001,4,5,9496.2,Delivered,UPI
O003487,C0396,2026-05-28,P006,2,10,16198.2,Delivered,UPI
O003488,C0237,2025-07-07,P011,1,5,759.05,Delivered,Net Banking
O003489,C0138,2026-05-31,P010,4,15,7816.6,Delivered,COD
O003490,C0327,2026-03-03,P011,4,5,3036.2,Delivered,UPI
O003491,C0366,2026-05-17,P010,2,0,4598.0,Delivered,COD
O003492,C0311,2025-09-17,P008,2,15,3398.3,Delivered,UPI
O003493,C0129,2026-05-28,P007,3,10,3777.3,Shipped,UPI
O003494,C0049,2025-03-12,P004,1,0,1599.0,Delivered,COD
O003495,C0164,2026-04-23,P001,4,10,8996.4,Shipped,COD
O003496,C0277,2025-06-27,P001,3,5,7122.15,Delivered,UPI
O003497,C0293,2026-04-02,P004,1,20,1279.2,Delivered,UPI
O003498,C0116,2025-07-08,P005,3,10,9447.3,Delivered,UPI
O003499,C0024,2025-10-18,P012,1,0,599.0,Delivered,COD
O003500,C0311,2026-06-04,P007,1,10,1259.1,Delivered,Net Banking
O003501,C0025,2025-10-19,P004,4,15,5436.6,Delivered,UPI
O003502,C0391,2025-10-10,P010,1,10,2069.1,Cancelled,COD
O003503,C0127,2026-06-28,P012,2,15,1018.3,Delivered,UPI
O003504,C0234,2026-01-12,P001,4,5,9496.2,Returned,Card
O003505,C0209,2025-06-05,P011,2,15,1358.3,Delivered,UPI
O003506,C0093,2026-05-23,P010,3,15,5862.45,Delivered,Card
O003507,C0094,2026-02-17,P007,3,10,3777.3,Delivered,UPI
O003508,C0327,2026-06-12,P002,1,5,1234.05,Delivered,Net Banking
O003509,C0225,2025-12-21,P011,1,15,679.15,Delivered,UPI
O003510,C0455,2026-07-13,P002,2,10,2338.2,Delivered,UPI
O003511,C0378,2025-07-06,P008,2,15,3398.3,Cancelled,COD
O003512,C0280,2025-01-31,P012,2,5,1138.1,Delivered,Card
O003513,C0011,2025-09-17,P010,3,0,6897.0,Delivered,UPI
O003514,C0329,2026-02-25,P010,2,5,4368.1,Delivered,Card
O003515,C0012,2026-06-13,P010,4,5,8736.2,Delivered,COD
O003516,C0035,2026-07-05,P005,4,10,12596.4,Delivered,Card
O003517,C0447,2025-10-31,P010,3,10,6207.3,Delivered,UPI
O003518,C0452,2025-02-08,P002,2,10,2338.2,Delivered,UPI
O003519,C0228,2026-05-04,P005,2,15,5948.3,Delivered,Net Banking
O003520,C0220,2026-06-26,P008,1,0,1999.0,Delivered,UPI
O003521,C0441,2025-10-05,P006,4,5,34196.2,Delivered,UPI
O003522,C0141,2025-07-22,P003,3,15,2547.45,Returned,Card
O003523,C0023,2025-03-07,P008,2,10,3598.2,Delivered,UPI
O003524,C0083,2025-04-18,P009,1,10,1619.1,Delivered,UPI
O003525,C0490,2025-09-25,P005,3,5,9972.15,Delivered,Net Banking
O003526,C0229,2025-08-10,P002,3,10,3507.3,Delivered,UPI
O003527,C0423,2026-06-14,P002,4,0,5196.0,Cancelled,COD
O003528,C0344,2025-03-31,P007,2,10,2518.2,Shipped,COD
O003529,C0080,2025-09-12,P001,3,20,5997.6,Delivered,UPI
O003530,C0353,2026-03-31,P010,1,10,2069.1,Shipped,UPI
O003531,C0396,2025-09-10,P012,1,0,599.0,Shipped,COD
O003532,C0290,2025-09-14,P002,3,15,3312.45,Delivered,COD
O003533,C0455,2026-01-18,P010,1,5,2184.05,Shipped,UPI
O003534,C0331,2026-03-18,P004,3,0,4797.0,Delivered,UPI
O003535,C0159,2025-03-31,P001,1,15,2124.15,Delivered,Card
O003536,C0477,2026-01-25,P004,3,0,4797.0,Delivered,UPI
O003537,C0128,2026-08-05,P012,3,20,1437.6,Delivered,Card
O003538,C0190,2025-02-13,P011,3,5,2277.15,Shipped,Net Banking
O003539,C0397,2025-01-19,P010,1,10,2069.1,Delivered,Card
O003540,C0031,2025-04-11,P005,3,10,9447.3,Shipped,COD
O003541,C0386,2025-12-23,P009,4,5,6836.2,Delivered,Card
O003542,C0359,2026-06-26,P001,3,10,6747.3,Delivered,UPI
O003543,C0015,2025-02-02,P012,2,20,958.4,Delivered,COD
O003544,C0313,2025-08-17,P005,2,15,5948.3,Shipped,Card
O003545,C0075,2026-06-08,P002,4,10,4676.4,Delivered,UPI
O003546,C0034,2025-06-04,P009,3,20,4317.6,Delivered,UPI
O003547,C0359,2026-02-27,P006,2,5,17098.1,Delivered,Card
O003548,C0196,2025-09-03,P002,3,0,3897.0,Delivered,Card
O003549,C0331,2026-02-09,P003,2,0,1998.0,Returned,Net Banking
O003550,C0029,2026-06-25,P008,1,10,1799.1,Delivered,COD
O003551,C0194,2025-06-10,P001,1,15,2124.15,Delivered,UPI
O003552,C0016,2025-04-27,P012,4,10,2156.4,Delivered,COD
O003553,C0423,2025-09-28,P003,4,20,3196.8,Delivered,UPI
O003554,C0077,2026-05-02,P010,3,10,6207.3,Delivered,UPI
O003555,C0293,2025-06-21,P001,4,5,9496.2,Delivered,UPI
O003556,C0081,2025-10-01,P011,3,0,2397.0,Cancelled,Card
O003557,C0405,2025-09-16,P011,1,20,639.2,Delivered,UPI
O003558,C0428,2025-05-15,P008,1,0,1999.0,Delivered,UPI
O003559,C0124,2026-02-26,P001,2,10,4498.2,Returned,UPI
O003560,C0019,2026-02-25,P005,3,5,9972.15,Delivered,UPI
O003561,C0455,2025-07-05,P004,1,5,1519.05,Delivered,Net Banking
O003562,C0102,2025-12-30,P007,1,10,1259.1,Delivered,Net Banking
O003563,C0392,2026-01-13,P005,3,0,10497.0,Delivered,Card
O003564,C0077,2026-06-07,P008,2,20,3198.4,Delivered,Card
O003565,C0229,2026-08-03,P012,2,5,1138.1,Cancelled,Card
O003566,C0450,2025-07-15,P011,2,10,1438.2,Delivered,COD
O003567,C0297,2025-04-08,P001,2,10,4498.2,Delivered,Card
O003568,C0203,2025-01-22,P005,1,10,3149.1,Delivered,UPI
O003569,C0472,2026-03-26,P004,3,20,3837.6,Delivered,UPI
O003570,C0454,2025-06-21,P003,3,0,2997.0,Delivered,UPI
O003571,C0061,2026-01-18,P005,1,0,3499.0,Delivered,UPI
O003572,C0026,2025-05-14,P010,1,0,2299.0,Delivered,UPI
O003573,C0071,2026-03-02,P003,1,15,849.15,Delivered,COD
O003574,C0103,2025-01-25,P008,4,20,6396.8,Cancelled,COD
O003575,C0467,2026-05-18,P003,3,5,2847.15,Delivered,UPI
O003576,C0326,2025-07-04,P001,3,10,6747.3,Returned,UPI
O003577,C0363,2025-03-26,P009,3,0,5397.0,Delivered,Card
O003578,C0157,2026-07-21,P009,2,0,3598.0,Shipped,UPI
O003579,C0363,2025-05-24,P006,1,10,8099.1,Delivered,UPI
O003580,C0359,2026-02-16,P010,1,0,2299.0,Returned,COD
O003581,C0194,2025-08-12,P001,1,5,2374.05,Cancelled,Card
O003582,C0275,2025-08-08,P008,4,10,7196.4,Returned,COD
O003583,C0324,2025-06-28,P002,3,15,3312.45,Cancelled,COD
O003584,C0186,2026-03-09,P009,1,5,1709.05,Delivered,COD
O003585,C0326,2025-09-22,P008,4,10,7196.4,Delivered,UPI
O003586,C0113,2026-03-05,P003,1,10,899.1,Delivered,UPI
O003587,C0313,2026-02-20,P005,2,0,6998.0,Delivered,UPI
O003588,C0165,2026-03-29,P009,3,10,4857.3,Returned,UPI
O003589,C0061,2025-07-16,P001,4,0,9996.0,Delivered,Card
O003590,C0092,2026-07-08,P009,1,0,1799.0,Delivered,COD
O003591,C0286,2025-02-22,P004,3,5,4557.15,Delivered,Net Banking
O003592,C0455,2026-04-25,P004,4,15,5436.6,Delivered,COD
O003593,C0457,2026-03-19,P004,3,0,4797.0,Delivered,Card
O003594,C0153,2025-11-26,P010,3,0,6897.0,Delivered,Card
O003595,C0225,2025-09-08,P012,2,0,1198.0,Delivered,UPI
O003596,C0127,2025-05-03,P009,3,5,5127.15,Delivered,UPI
O003597,C0193,2026-01-22,P006,4,10,32396.4,Delivered,COD
O003598,C0115,2025-12-05,P011,3,0,2397.0,Delivered,UPI
O003599,C0262,2025-12-14,P008,4,15,6796.6,Returned,Card
O003600,C0018,2025-01-29,P012,3,15,1527.45,Delivered,COD
O003601,C0010,2025-02-04,P004,1,10,1439.1,Delivered,UPI
O003602,C0092,2026-06-02,P003,2,5,1898.1,Delivered,Net Banking
O003603,C0139,2026-01-31,P001,1,5,2374.05,Delivered,UPI
O003604,C0481,2025-10-21,P010,2,5,4368.1,Delivered,COD
O003605,C0449,2026-08-12,P007,4,10,5036.4,Delivered,UPI
O003606,C0333,2025-12-15,P004,2,0,3198.0,Delivered,UPI
O003607,C0357,2025-05-27,P008,3,10,5397.3,Delivered,UPI
O003608,C0340,2025-03-08,P003,3,5,2847.15,Cancelled,Card
O003609,C0449,2026-06-04,P001,1,0,2499.0,Delivered,COD
O003610,C0052,2025-05-02,P005,2,5,6648.1,Delivered,Card
O003611,C0195,2025-12-06,P002,4,0,5196.0,Cancelled,Net Banking
O003612,C0466,2025-06-24,P003,4,20,3196.8,Delivered,COD
O003613,C0489,2026-03-27,P006,3,0,26997.0,Delivered,UPI
O003614,C0206,2026-07-11,P003,4,15,3396.6,Delivered,Card
O003615,C0287,2025-05-16,P003,3,10,2697.3,Delivered,UPI
O003616,C0475,2025-01-16,P012,3,15,1527.45,Returned,Card
O003617,C0401,2025-11-29,P006,3,5,25647.15,Delivered,UPI
O003618,C0439,2025-07-14,P005,1,20,2799.2,Delivered,UPI
O003619,C0366,2026-05-11,P010,1,0,2299.0,Cancelled,Card
O003620,C0093,2025-01-09,P009,3,10,4857.3,Delivered,UPI
O003621,C0420,2025-11-30,P001,3,0,7497.0,Delivered,Card
O003622,C0485,2025-11-29,P003,3,5,2847.15,Shipped,Net Banking
O003623,C0410,2025-11-23,P003,4,10,3596.4,Delivered,UPI
O003624,C0309,2025-01-15,P011,3,10,2157.3,Delivered,COD
O003625,C0145,2025-08-14,P006,3,5,25647.15,Delivered,Card
O003626,C0086,2026-03-01,P008,2,0,3998.0,Shipped,UPI
O003627,C0153,2026-02-12,P003,2,10,1798.2,Delivered,COD
O003628,C0002,2025-04-23,P003,2,5,1898.1,Delivered,UPI
O003629,C0342,2026-03-04,P006,2,0,17998.0,Delivered,UPI
O003630,C0389,2025-01-01,P008,3,20,4797.6,Delivered,UPI
O003631,C0260,2025-09-23,P006,2,20,14398.4,Delivered,Card
O003632,C0164,2026-05-06,P012,4,15,2036.6,Cancelled,Card
O003633,C0006,2025-07-27,P010,4,15,7816.6,Delivered,UPI
O003634,C0500,2026-01-04,P003,2,0,1998.0,Delivered,UPI
O003635,C0149,2025-11-02,P004,1,20,1279.2,Delivered,COD
O003636,C0205,2025-01-12,P001,4,5,9496.2,Delivered,COD
O003637,C0118,2025-12-11,P008,4,0,7996.0,Cancelled,Card
O003638,C0485,2026-04-10,P004,2,15,2718.3,Delivered,UPI
O003639,C0089,2026-05-09,P006,2,0,17998.0,Delivered,UPI
O003640,C0154,2026-01-03,P011,3,10,2157.3,Returned,COD
O003641,C0439,2026-02-24,P003,4,0,3996.0,Delivered,UPI
O003642,C0167,2025-06-20,P011,2,5,1518.1,Delivered,UPI
O003643,C0468,2025-05-14,P012,2,10,1078.2,Delivered,Card
O003644,C0161,2026-03-03,P011,3,5,2277.15,Returned,Card
O003645,C0270,2025-01-25,P006,4,0,35996.0,Delivered,Card
O003646,C0056,2026-06-14,P012,2,5,1138.1,Delivered,UPI
O003647,C0228,2025-07-09,P011,3,5,2277.15,Shipped,Card
O003648,C0337,2025-05-21,P009,2,5,3418.1,Delivered,Card
O003649,C0149,2026-07-09,P009,1,20,1439.2,Delivered,Card
O003650,C0046,2025-11-11,P010,1,5,2184.05,Delivered,UPI
O003651,C0144,2026-03-20,P003,2,15,1698.3,Delivered,COD
O003652,C0238,2025-11-15,P003,4,0,3996.0,Delivered,Card
O003653,C0272,2026-03-17,P004,1,5,1519.05,Delivered,Card
O003654,C0120,2025-04-02,P012,3,0,1797.0,Delivered,Card
O003655,C0340,2025-06-28,P007,2,5,2658.1,Shipped,UPI
O003656,C0413,2025-02-25,P003,3,0,2997.0,Shipped,UPI
O003657,C0220,2025-06-04,P010,1,5,2184.05,Delivered,UPI
O003658,C0008,2025-04-21,P008,4,5,7596.2,Shipped,UPI
O003659,C0344,2025-05-17,P011,3,0,2397.0,Delivered,Card
O003660,C0387,2025-08-20,P008,1,10,1799.1,Shipped,COD
O003661,C0473,2026-04-13,P006,1,20,7199.2,Delivered,UPI
O003662,C0275,2026-04-26,P004,1,0,1599.0,Delivered,Net Banking
O003663,C0353,2025-03-09,P011,3,10,2157.3,Delivered,UPI
O003664,C0066,2025-09-06,P012,1,10,539.1,Delivered,UPI
O003665,C0079,2025-11-19,P011,2,5,1518.1,Delivered,UPI
O003666,C0086,2026-06-02,P005,1,15,2974.15,Cancelled,Card
O003667,C0124,2026-03-08,P012,2,20,958.4,Delivered,Card
O003668,C0202,2026-05-02,P002,4,5,4936.2,Cancelled,Net Banking
O003669,C0466,2026-03-05,P006,2,10,16198.2,Delivered,UPI
O003670,C0150,2025-09-26,P003,4,10,3596.4,Delivered,UPI
O003671,C0046,2026-06-21,P006,4,5,34196.2,Delivered,Card
O003672,C0113,2025-05-28,P012,2,5,1138.1,Delivered,Card
O003673,C0091,2025-04-28,P005,4,20,11196.8,Delivered,Net Banking
O003674,C0141,2026-01-02,P002,2,15,2208.3,Delivered,UPI
O003675,C0289,2025-03-07,P012,3,0,1797.0,Cancelled,Card
O003676,C0389,2026-01-05,P005,4,0,13996.0,Delivered,UPI
O003677,C0218,2025-06-24,P005,2,20,5598.4,Delivered,Card
O003678,C0077,2026-08-11,P009,4,0,7196.0,Delivered,UPI
O003679,C0411,2026-05-10,P011,1,10,719.1,Returned,Card
O003680,C0377,2025-04-24,P008,2,0,3998.0,Delivered,Card
O003681,C0384,2025-04-21,P012,1,0,599.0,Cancelled,UPI
O003682,C0334,2026-03-15,P012,4,0,2396.0,Delivered,UPI
O003683,C0152,2025-05-27,P007,4,5,5316.2,Delivered,UPI
O003684,C0323,2025-02-04,P012,3,0,1797.0,Delivered,UPI
O003685,C0239,2025-11-05,P003,2,10,1798.2,Delivered,UPI
O003686,C0115,2026-06-22,P010,1,10,2069.1,Delivered,UPI
O003687,C0319,2025-01-14,P004,3,5,4557.15,Delivered,COD
O003688,C0369,2026-01-09,P006,4,10,32396.4,Delivered,UPI
O003689,C0094,2026-07-11,P003,4,5,3796.2,Shipped,UPI
O003690,C0483,2026-03-04,P011,3,5,2277.15,Delivered,Net Banking
O003691,C0048,2025-08-21,P009,1,5,1709.05,Delivered,UPI
O003692,C0191,2026-07-17,P008,4,5,7596.2,Delivered,COD
O003693,C0462,2026-03-16,P006,4,20,28796.8,Delivered,Card
O003694,C0012,2026-05-17,P004,2,10,2878.2,Delivered,Net Banking
O003695,C0156,2025-10-02,P007,3,5,3987.15,Delivered,UPI
O003696,C0172,2025-03-17,P011,4,10,2876.4,Delivered,Card
O003697,C0477,2026-03-15,P003,1,5,949.05,Delivered,UPI
O003698,C0427,2025-10-16,P010,2,0,4598.0,Delivered,Net Banking
O003699,C0401,2026-06-24,P008,3,5,5697.15,Delivered,UPI
O003700,C0296,2025-09-10,P001,1,15,2124.15,Delivered,Card
O003701,C0177,2025-05-06,P003,4,5,3796.2,Shipped,UPI
O003702,C0341,2025-06-26,P011,3,15,2037.45,Delivered,Net Banking
O003703,C0057,2025-02-06,P005,3,5,9972.15,Cancelled,Card
O003704,C0343,2026-02-14,P005,1,5,3324.05,Delivered,UPI
O003705,C0340,2025-05-07,P010,3,20,5517.6,Shipped,UPI
O003706,C0448,2026-04-28,P002,1,5,1234.05,Delivered,UPI
O003707,C0203,2025-06-17,P010,4,15,7816.6,Delivered,UPI
O003708,C0185,2025-10-21,P008,2,15,3398.3,Delivered,UPI
O003709,C0121,2025-12-09,P005,1,20,2799.2,Delivered,Net Banking
O003710,C0226,2025-11-06,P007,2,0,2798.0,Delivered,Card
O003711,C0202,2026-06-12,P007,3,5,3987.15,Delivered,Net Banking
O003712,C0330,2026-06-24,P005,1,15,2974.15,Delivered,Card
O003713,C0363,2026-02-23,P008,4,10,7196.4,Delivered,Card
O003714,C0380,2026-03-20,P009,1,10,1619.1,Delivered,Card
O003715,C0454,2026-07-12,P004,1,0,1599.0,Shipped,UPI
O003716,C0356,2025-08-24,P004,1,5,1519.05,Delivered,Card
O003717,C0216,2026-03-15,P008,2,10,3598.2,Delivered,Card
O003718,C0460,2025-08-02,P001,2,5,4748.1,Delivered,Net Banking
O003719,C0043,2025-03-26,P004,3,0,4797.0,Delivered,Card
O003720,C0375,2025-03-26,P006,3,0,26997.0,Delivered,COD
O003721,C0023,2026-05-04,P004,3,0,4797.0,Delivered,Card
O003722,C0155,2025-03-06,P006,3,15,22947.45,Delivered,Card
O003723,C0186,2025-03-05,P005,1,10,3149.1,Delivered,Card
O003724,C0249,2025-12-09,P009,2,0,3598.0,Delivered,UPI
O003725,C0237,2025-12-18,P010,2,0,4598.0,Delivered,UPI
O003726,C0293,2025-06-07,P009,2,10,3238.2,Delivered,COD
O003727,C0134,2026-08-12,P004,2,5,3038.1,Shipped,COD
O003728,C0321,2026-05-06,P004,3,15,4077.45,Delivered,UPI
O003729,C0390,2026-04-08,P012,1,15,509.15,Delivered,Net Banking
O003730,C0434,2025-08-13,P008,2,15,3398.3,Delivered,UPI
O003731,C0022,2025-11-09,P010,4,10,8276.4,Delivered,Card
O003732,C0361,2026-04-11,P004,1,5,1519.05,Cancelled,UPI
O003733,C0088,2025-03-29,P002,4,10,4676.4,Delivered,UPI
O003734,C0153,2025-10-30,P002,1,0,1299.0,Delivered,UPI
O003735,C0125,2026-03-11,P001,1,0,2499.0,Delivered,UPI
O003736,C0079,2025-05-15,P005,1,0,3499.0,Delivered,UPI
O003737,C0346,2025-02-19,P006,4,5,34196.2,Shipped,UPI
O003738,C0456,2026-03-08,P009,2,0,3598.0,Shipped,UPI
O003739,C0051,2025-12-06,P005,2,0,6998.0,Delivered,UPI
O003740,C0216,2025-12-13,P006,4,10,32396.4,Delivered,UPI
O003741,C0176,2025-12-13,P006,2,20,14398.4,Delivered,Card
O003742,C0358,2025-09-02,P003,3,0,2997.0,Delivered,COD
O003743,C0253,2025-04-19,P012,2,10,1078.2,Delivered,UPI
O003744,C0454,2026-06-17,P004,3,0,4797.0,Delivered,UPI
O003745,C0246,2025-03-31,P001,3,20,5997.6,Delivered,Card
O003746,C0227,2025-10-23,P004,3,5,4557.15,Delivered,UPI
O003747,C0106,2025-04-22,P001,4,15,8496.6,Delivered,Card
O003748,C0193,2026-08-12,P005,2,5,6648.1,Shipped,UPI
O003749,C0316,2025-06-26,P011,2,15,1358.3,Delivered,UPI
O003750,C0302,2025-12-09,P011,4,0,3196.0,Delivered,UPI
O003751,C0036,2025-04-11,P008,4,5,7596.2,Delivered,UPI
O003752,C0442,2026-02-05,P008,2,0,3998.0,Shipped,COD
O003753,C0204,2025-01-28,P005,4,5,13296.2,Delivered,UPI
O003754,C0422,2026-06-21,P010,4,15,7816.6,Delivered,Net Banking
O003755,C0267,2025-02-27,P002,3,10,3507.3,Delivered,UPI
O003756,C0268,2026-05-13,P012,4,5,2276.2,Delivered,Net Banking
O003757,C0170,2025-10-24,P006,3,20,21597.6,Shipped,UPI
O003758,C0498,2025-05-14,P001,1,5,2374.05,Delivered,UPI
O003759,C0039,2025-11-27,P007,3,20,3357.6,Delivered,Card
O003760,C0455,2025-09-06,P011,3,0,2397.0,Delivered,UPI
O003761,C0139,2026-07-04,P004,4,20,5116.8,Delivered,COD
O003762,C0292,2025-03-16,P005,2,0,6998.0,Cancelled,Card
O003763,C0052,2025-06-17,P006,1,10,8099.1,Delivered,Card
O003764,C0287,2026-05-18,P011,1,5,759.05,Delivered,UPI
O003765,C0289,2025-12-21,P001,1,10,2249.1,Delivered,Card
O003766,C0141,2025-08-13,P009,2,10,3238.2,Shipped,Card
O003767,C0146,2026-06-15,P010,1,5,2184.05,Cancelled,COD
O003768,C0425,2025-05-26,P004,1,20,1279.2,Delivered,UPI
O003769,C0314,2025-08-29,P008,2,20,3198.4,Returned,Net Banking
O003770,C0184,2025-12-10,P005,1,20,2799.2,Shipped,Net Banking
O003771,C0152,2025-02-04,P011,4,20,2556.8,Delivered,COD
O003772,C0201,2025-01-01,P008,4,15,6796.6,Shipped,Card
O003773,C0128,2025-06-02,P001,3,20,5997.6,Delivered,Card
O003774,C0287,2026-03-05,P008,3,15,5097.45,Shipped,UPI
O003775,C0311,2026-05-23,P011,3,5,2277.15,Delivered,Net Banking
O003776,C0253,2025-05-06,P011,4,15,2716.6,Delivered,Net Banking
O003777,C0489,2026-05-06,P004,4,20,5116.8,Delivered,UPI
O003778,C0266,2026-04-27,P002,4,10,4676.4,Shipped,UPI
O003779,C0188,2025-12-11,P011,3,5,2277.15,Cancelled,COD
O003780,C0386,2025-08-09,P006,3,0,26997.0,Delivered,UPI
O003781,C0230,2025-01-25,P002,3,15,3312.45,Delivered,UPI
O003782,C0271,2026-06-12,P005,3,20,8397.6,Delivered,Net Banking
O003783,C0259,2025-07-01,P002,3,5,3702.15,Delivered,COD
O003784,C0299,2026-05-14,P003,3,0,2997.0,Delivered,COD
O003785,C0415,2025-02-11,P011,4,5,3036.2,Delivered,UPI
O003786,C0198,2026-04-26,P006,2,10,16198.2,Delivered,UPI
O003787,C0323,2026-03-15,P001,2,5,4748.1,Delivered,Card
O003788,C0056,2026-02-06,P006,3,10,24297.3,Delivered,Card
O003789,C0319,2026-06-30,P003,2,20,1598.4,Delivered,UPI
O003790,C0203,2025-12-11,P007,2,10,2518.2,Shipped,COD
O003791,C0271,2025-02-14,P002,4,5,4936.2,Delivered,COD
O003792,C0109,2025-01-21,P006,3,20,21597.6,Delivered,UPI
O003793,C0116,2025-03-11,P008,3,10,5397.3,Delivered,UPI
O003794,C0092,2025-02-17,P001,2,0,4998.0,Delivered,UPI
O003795,C0138,2026-05-06,P011,3,5,2277.15,Delivered,Card
O003796,C0422,2026-07-05,P011,3,10,2157.3,Delivered,UPI
O003797,C0303,2025-10-14,P009,3,15,4587.45,Delivered,Card
O003798,C0057,2025-01-10,P005,3,20,8397.6,Delivered,Card
O003799,C0050,2026-06-26,P005,2,5,6648.1,Delivered,COD
O003800,C0498,2025-10-01,P012,1,0,599.0,Delivered,UPI
O003801,C0071,2026-01-16,P005,2,0,6998.0,Delivered,Card
O003802,C0399,2025-11-25,P006,4,10,32396.4,Delivered,COD
O003803,C0402,2026-04-24,P002,1,15,1104.15,Delivered,Card
O003804,C0082,2025-01-15,P006,1,5,8549.05,Delivered,Net Banking
O003805,C0372,2026-05-31,P011,1,5,759.05,Returned,Card
O003806,C0105,2025-07-10,P004,2,20,2558.4,Delivered,COD
O003807,C0088,2025-06-17,P008,4,20,6396.8,Delivered,UPI
O003808,C0002,2026-06-05,P011,2,0,1598.0,Shipped,Card
O003809,C0360,2025-05-17,P009,4,15,6116.6,Delivered,Card
O003810,C0084,2025-06-03,P009,2,10,3238.2,Delivered,Net Banking
O003811,C0482,2026-01-23,P008,2,0,3998.0,Delivered,UPI
O003812,C0043,2025-07-28,P003,2,5,1898.1,Delivered,UPI
O003813,C0154,2025-09-29,P010,1,0,2299.0,Delivered,Card
O003814,C0327,2025-05-23,P011,2,5,1518.1,Delivered,UPI
O003815,C0422,2025-03-10,P011,4,10,2876.4,Shipped,Card
O003816,C0094,2025-09-04,P004,4,5,6076.2,Delivered,Net Banking
O003817,C0298,2025-09-18,P001,4,5,9496.2,Delivered,Net Banking
O003818,C0133,2025-03-20,P009,1,10,1619.1,Delivered,UPI
O003819,C0395,2026-06-09,P005,2,0,6998.0,Delivered,UPI
O003820,C0065,2025-11-26,P006,2,10,16198.2,Delivered,Card
O003821,C0290,2025-07-08,P003,3,5,2847.15,Shipped,Card
O003822,C0376,2025-04-05,P011,1,5,759.05,Cancelled,Card
O003823,C0257,2025-01-08,P010,4,20,7356.8,Shipped,COD
O003824,C0467,2025-03-08,P008,4,5,7596.2,Delivered,Card
O003825,C0386,2026-05-11,P007,2,10,2518.2,Returned,UPI
O003826,C0213,2025-07-10,P001,4,5,9496.2,Delivered,COD
O003827,C0148,2026-01-01,P010,2,15,3908.3,Delivered,UPI
O003828,C0061,2026-06-05,P012,2,15,1018.3,Delivered,UPI
O003829,C0471,2025-04-27,P005,3,0,10497.0,Delivered,COD
O003830,C0149,2025-09-24,P010,1,10,2069.1,Delivered,Card
O003831,C0088,2026-04-30,P009,2,0,3598.0,Delivered,Card
O003832,C0324,2026-05-24,P012,2,20,958.4,Shipped,UPI
O003833,C0383,2025-10-25,P011,2,5,1518.1,Delivered,UPI
O003834,C0396,2025-06-13,P012,3,15,1527.45,Delivered,UPI
O003835,C0278,2026-01-11,P006,2,5,17098.1,Delivered,Card
O003836,C0404,2025-09-25,P008,1,10,1799.1,Delivered,UPI
O003837,C0082,2026-07-03,P010,1,20,1839.2,Delivered,Card
O003838,C0129,2025-03-15,P001,4,15,8496.6,Delivered,COD
O003839,C0286,2026-05-23,P010,1,0,2299.0,Delivered,Card
O003840,C0382,2025-03-14,P011,4,10,2876.4,Shipped,COD
O003841,C0353,2025-11-04,P007,1,5,1329.05,Returned,COD
O003842,C0280,2025-07-18,P003,4,5,3796.2,Cancelled,COD
O003843,C0270,2025-05-10,P009,2,5,3418.1,Delivered,Card
O003844,C0292,2026-07-26,P006,3,5,25647.15,Delivered,UPI
O003845,C0453,2026-05-02,P005,3,10,9447.3,Delivered,Card
O003846,C0203,2025-05-31,P008,3,0,5997.0,Delivered,Card
O003847,C0024,2025-07-25,P008,2,10,3598.2,Returned,UPI
O003848,C0444,2025-06-28,P012,3,5,1707.15,Shipped,Card
O003849,C0351,2025-07-16,P012,1,5,569.05,Delivered,Card
O003850,C0311,2025-03-30,P003,4,10,3596.4,Delivered,UPI
O003851,C0461,2026-03-10,P002,2,0,2598.0,Shipped,Card
O003852,C0208,2025-07-02,P002,3,5,3702.15,Delivered,UPI
O003853,C0280,2025-07-28,P005,1,5,3324.05,Delivered,UPI
O003854,C0205,2026-05-08,P010,1,5,2184.05,Shipped,COD
O003855,C0152,2025-05-10,P012,2,10,1078.2,Delivered,Card
O003856,C0438,2025-01-13,P007,2,5,2658.1,Delivered,Card
O003857,C0026,2025-04-16,P008,3,0,5997.0,Delivered,UPI
O003858,C0194,2026-01-10,P010,4,15,7816.6,Delivered,Card
O003859,C0336,2026-08-05,P008,3,20,4797.6,Delivered,UPI
O003860,C0422,2025-04-09,P012,3,0,1797.0,Delivered,COD
O003861,C0238,2026-08-10,P008,2,10,3598.2,Shipped,COD
O003862,C0321,2025-07-11,P010,3,5,6552.15,Delivered,COD
O003863,C0497,2025-11-21,P012,3,5,1707.15,Delivered,UPI
O003864,C0075,2026-04-12,P011,4,5,3036.2,Delivered,Card
O003865,C0435,2026-01-02,P003,1,10,899.1,Delivered,COD
O003866,C0163,2025-11-14,P011,1,0,799.0,Delivered,UPI
O003867,C0299,2025-05-24,P002,4,20,4156.8,Delivered,UPI
O003868,C0029,2026-01-19,P004,1,5,1519.05,Delivered,COD
O003869,C0165,2025-08-04,P001,3,5,7122.15,Delivered,COD
O003870,C0337,2025-12-27,P003,4,15,3396.6,Shipped,Card
O003871,C0186,2025-11-20,P011,4,0,3196.0,Delivered,UPI
O003872,C0054,2025-01-15,P009,2,5,3418.1,Delivered,Card
O003873,C0295,2025-08-05,P007,1,5,1329.05,Delivered,UPI
O003874,C0042,2026-05-07,P007,2,5,2658.1,Delivered,Card
O003875,C0412,2026-07-01,P001,3,5,7122.15,Delivered,Card
O003876,C0285,2025-07-02,P007,4,0,5596.0,Delivered,Card
O003877,C0427,2025-09-27,P010,3,0,6897.0,Delivered,Card
O003878,C0387,2026-04-12,P007,1,0,1399.0,Cancelled,COD
O003879,C0500,2026-06-03,P004,2,20,2558.4,Delivered,Card
O003880,C0138,2026-06-26,P007,1,0,1399.0,Delivered,UPI
O003881,C0187,2026-04-12,P008,3,0,5997.0,Delivered,UPI
O003882,C0490,2025-11-01,P003,2,20,1598.4,Delivered,UPI
O003883,C0398,2025-05-24,P010,1,10,2069.1,Delivered,Card
O003884,C0204,2025-04-21,P002,3,5,3702.15,Delivered,Net Banking
O003885,C0431,2025-08-20,P007,1,0,1399.0,Cancelled,Card
O003886,C0042,2026-08-07,P005,4,10,12596.4,Shipped,UPI
O003887,C0350,2026-05-15,P005,2,0,6998.0,Delivered,UPI
O003888,C0416,2026-07-08,P005,2,10,6298.2,Delivered,UPI
O003889,C0288,2025-09-30,P007,2,20,2238.4,Delivered,UPI
O003890,C0426,2025-06-22,P009,4,10,6476.4,Delivered,Card
O003891,C0416,2025-01-07,P011,2,0,1598.0,Cancelled,UPI
O003892,C0026,2025-06-04,P008,4,10,7196.4,Cancelled,UPI
O003893,C0371,2026-06-06,P006,2,10,16198.2,Delivered,UPI
O003894,C0385,2026-06-30,P007,1,10,1259.1,Delivered,Card
O003895,C0056,2026-07-02,P009,1,5,1709.05,Delivered,Card
O003896,C0253,2026-06-02,P011,1,10,719.1,Delivered,COD
O003897,C0122,2025-08-03,P006,1,10,8099.1,Shipped,UPI
O003898,C0106,2025-05-14,P001,4,20,7996.8,Delivered,COD
O003899,C0130,2025-10-12,P004,3,15,4077.45,Delivered,Card
O003900,C0337,2025-05-06,P008,3,5,5697.15,Delivered,UPI
O003901,C0158,2026-03-15,P007,1,10,1259.1,Delivered,UPI
O003902,C0376,2025-06-01,P003,3,0,2997.0,Shipped,UPI
O003903,C0231,2025-11-27,P010,3,15,5862.45,Shipped,Card
O003904,C0455,2026-06-22,P003,2,0,1998.0,Delivered,UPI
O003905,C0308,2026-01-18,P011,4,5,3036.2,Delivered,COD
O003906,C0091,2025-04-25,P003,1,15,849.15,Delivered,UPI
O003907,C0393,2026-04-27,P012,3,5,1707.15,Delivered,Card
O003908,C0022,2025-10-11,P001,3,15,6372.45,Delivered,UPI
O003909,C0290,2025-03-16,P010,1,10,2069.1,Delivered,Card
O003910,C0110,2025-06-15,P001,2,5,4748.1,Delivered,COD
O003911,C0049,2025-07-08,P006,1,5,8549.05,Delivered,Net Banking
O003912,C0129,2025-03-19,P001,2,20,3998.4,Delivered,UPI
O003913,C0073,2025-01-21,P005,3,0,10497.0,Delivered,UPI
O003914,C0340,2026-07-20,P004,4,10,5756.4,Shipped,COD
O003915,C0053,2025-07-03,P005,2,10,6298.2,Delivered,UPI
O003916,C0467,2025-08-10,P007,2,20,2238.4,Shipped,Card
O003917,C0356,2025-11-24,P006,1,10,8099.1,Delivered,Net Banking
O003918,C0380,2025-06-28,P012,3,10,1617.3,Delivered,Card
O003919,C0168,2025-04-22,P009,4,20,5756.8,Delivered,UPI
O003920,C0045,2025-02-28,P006,1,15,7649.15,Cancelled,COD
O003921,C0452,2025-11-23,P009,1,10,1619.1,Delivered,Net Banking
O003922,C0393,2025-07-10,P004,4,0,6396.0,Delivered,Card
O003923,C0105,2025-07-19,P001,3,5,7122.15,Delivered,UPI
O003924,C0150,2025-11-08,P001,4,10,8996.4,Shipped,Net Banking
O003925,C0146,2025-02-04,P010,1,10,2069.1,Cancelled,Net Banking
O003926,C0204,2026-01-14,P007,1,5,1329.05,Shipped,Net Banking
O003927,C0362,2026-01-22,P003,2,0,1998.0,Shipped,UPI
O003928,C0299,2025-08-25,P002,4,10,4676.4,Shipped,COD
O003929,C0167,2026-06-03,P006,4,5,34196.2,Delivered,Card
O003930,C0201,2025-10-10,P006,4,0,35996.0,Delivered,UPI
O003931,C0134,2025-01-01,P007,1,5,1329.05,Delivered,Card
O003932,C0211,2026-04-09,P005,3,15,8922.45,Delivered,COD
O003933,C0048,2025-08-18,P008,1,5,1899.05,Delivered,COD
O003934,C0126,2025-06-21,P007,2,0,2798.0,Delivered,COD
O003935,C0239,2025-03-28,P002,1,0,1299.0,Delivered,UPI
O003936,C0007,2026-07-07,P001,1,5,2374.05,Delivered,Card
O003937,C0464,2025-05-03,P009,1,15,1529.15,Delivered,Card
O003938,C0453,2025-10-25,P005,2,10,6298.2,Delivered,COD
O003939,C0272,2026-07-29,P012,4,0,2396.0,Delivered,UPI
O003940,C0385,2026-04-29,P011,3,5,2277.15,Delivered,Card
O003941,C0371,2025-06-14,P005,3,15,8922.45,Shipped,Card
O003942,C0037,2026-01-18,P012,2,0,1198.0,Delivered,Net Banking
O003943,C0487,2025-07-28,P010,4,10,8276.4,Shipped,Card
O003944,C0211,2026-03-08,P004,4,5,6076.2,Delivered,Card
O003945,C0165,2026-01-24,P002,2,0,2598.0,Delivered,Net Banking
O003946,C0125,2026-07-14,P005,1,0,3499.0,Delivered,COD
O003947,C0337,2025-08-12,P002,4,10,4676.4,Delivered,UPI
O003948,C0192,2025-01-03,P012,3,0,1797.0,Delivered,UPI
O003949,C0218,2026-01-07,P007,2,0,2798.0,Delivered,COD
O003950,C0214,2026-03-22,P011,3,5,2277.15,Shipped,UPI
O003951,C0062,2025-04-26,P009,1,0,1799.0,Cancelled,Card
O003952,C0328,2025-09-27,P009,2,5,3418.1,Cancelled,Card
O003953,C0445,2026-03-23,P011,3,0,2397.0,Cancelled,Net Banking
O003954,C0381,2026-01-03,P006,3,5,25647.15,Delivered,Card
O003955,C0161,2025-09-10,P001,1,15,2124.15,Delivered,Card
O003956,C0066,2025-11-13,P006,2,10,16198.2,Delivered,UPI
O003957,C0286,2026-02-19,P005,4,5,13296.2,Delivered,Card
O003958,C0239,2025-04-05,P004,4,0,6396.0,Delivered,UPI
O003959,C0020,2025-01-24,P012,3,10,1617.3,Shipped,COD
O003960,C0188,2025-02-19,P006,1,0,8999.0,Shipped,COD
O003961,C0082,2026-05-17,P006,3,0,26997.0,Shipped,UPI
O003962,C0363,2026-05-13,P006,1,10,8099.1,Delivered,UPI
O003963,C0202,2025-12-01,P002,4,20,4156.8,Delivered,Card
O003964,C0408,2025-03-20,P007,3,5,3987.15,Delivered,Card
O003965,C0132,2026-08-05,P004,3,0,4797.0,Returned,Card
O003966,C0037,2025-01-27,P012,1,15,509.15,Cancelled,Net Banking
O003967,C0132,2025-09-28,P009,2,0,3598.0,Delivered,COD
O003968,C0077,2026-07-16,P010,1,15,1954.15,Delivered,UPI
O003969,C0089,2025-09-04,P002,2,5,2468.1,Delivered,UPI
O003970,C0461,2026-01-22,P005,4,5,13296.2,Delivered,Card
O003971,C0402,2026-07-13,P004,3,10,4317.3,Shipped,COD
O003972,C0253,2025-12-27,P009,3,20,4317.6,Delivered,Card
O003973,C0344,2026-05-03,P004,1,15,1359.15,Delivered,Card
O003974,C0194,2025-12-18,P008,1,5,1899.05,Delivered,UPI
O003975,C0176,2025-09-13,P008,4,10,7196.4,Cancelled,Net Banking
O003976,C0033,2025-08-10,P006,4,10,32396.4,Delivered,COD
O003977,C0058,2025-01-01,P006,2,10,16198.2,Delivered,UPI
O003978,C0467,2026-06-30,P011,4,15,2716.6,Delivered,UPI
O003979,C0201,2026-03-22,P008,4,0,7996.0,Delivered,UPI
O003980,C0028,2025-03-20,P012,4,5,2276.2,Delivered,COD
O003981,C0035,2025-08-24,P012,4,20,1916.8,Shipped,COD
O003982,C0487,2025-11-30,P010,2,20,3678.4,Shipped,Card
O003983,C0125,2025-12-15,P009,4,0,7196.0,Delivered,UPI
O003984,C0394,2025-04-08,P005,2,0,6998.0,Delivered,UPI
O003985,C0321,2025-03-23,P011,1,20,639.2,Shipped,Card
O003986,C0042,2026-05-17,P001,3,5,7122.15,Delivered,UPI
O003987,C0085,2026-04-22,P001,1,10,2249.1,Delivered,Card
O003988,C0393,2026-07-04,P002,4,0,5196.0,Delivered,UPI
O003989,C0188,2025-01-14,P010,3,15,5862.45,Delivered,UPI
O003990,C0111,2026-01-27,P010,4,0,9196.0,Delivered,Card
O003991,C0271,2025-12-13,P005,4,0,13996.0,Returned,COD
O003992,C0483,2025-11-06,P004,1,0,1599.0,Shipped,UPI
O003993,C0441,2026-01-21,P001,4,20,7996.8,Delivered,Card
O003994,C0325,2025-07-28,P004,1,10,1439.1,Delivered,UPI
O003995,C0105,2025-12-23,P004,4,15,5436.6,Delivered,Card
O003996,C0406,2026-07-22,P010,2,5,4368.1,Delivered,Net Banking
O003997,C0320,2025-04-04,P004,3,20,3837.6,Delivered,UPI
O003998,C0041,2025-04-03,P001,1,15,2124.15,Delivered,UPI
O003999,C0215,2025-12-06,P009,1,15,1529.15,Shipped,UPI
O004000,C0071,2026-03-21,P003,3,20,2397.6,Delivered,Card
