order_id,customer_id,payment_date,amount,payment_method,payment_status,transaction_id
O000001,C0245,2026-04-19,1899.05,COD,Paid,TXN0000001
O000002,C0022,2025-04-30,5036.4,UPI,Paid,TXN0000002
O000003,C0291,2025-07-29,509.15,UPI,Failed,TXN0000003
O000004,C0485,2025-11-02,1709.05,Card,Paid,TXN0000004
O000005,C0272,2025-09-27,679.15,Net Banking,Paid,TXN0000005
O000006,C0306,2025-10-12,5397.0,UPI,Paid,TXN0000006
O000007,C0122,2025-08-15,30596.6,UPI,Paid,TXN0000007
O000008,C0128,2026-01-16,2518.2,Card,Paid,TXN0000008
O000009,C0113,2026-04-05,1299.0,Card,Paid,TXN0000009
O000010,C0427,2025-01-07,6836.2,COD,Paid,TXN0000010
O000011,C0273,2025-01-29,1916.8,Card,Paid,TXN0000011
O000012,C0336,2025-02-02,4248.3,Net Banking,Paid,TXN0000012
O000013,C0442,2025-03-20,2249.1,COD,Paid,TXN0000013
O000014,C0130,2026-04-04,2997.0,UPI,Paid,TXN0000014
O000015,C0132,2026-07-24,2276.2,Card,Paid,TXN0000015
O000016,C0085,2026-06-22,17098.1,Card,Paid,TXN0000016
O000017,C0423,2026-04-27,10497.0,Net Banking,Paid,TXN0000017
O000018,C0482,2026-03-06,4676.4,UPI,Paid,TXN0000018
O000019,C0350,2025-10-12,1529.15,UPI,Pending,TXN0000019
O000020,C0390,2026-05-31,8276.4,UPI,Paid,TXN0000020
O000021,C0081,2025-04-09,4797.0,Card,Paid,TXN0000021
O000022,C0487,2026-02-01,4317.3,UPI,Paid,TXN0000022
O000023,C0473,2026-05-04,2799.2,Card,Failed,TXN0000023
O000024,C0325,2025-02-08,1799.1,COD,Paid,TXN0000024
O000025,C0069,2025-09-28,4138.2,Card,Paid,TXN0000025
O000026,C0148,2025-06-06,1279.2,Card,Paid,TXN0000026
O000027,C0448,2025-03-16,5948.3,COD,Paid,TXN0000027
O000028,C0016,2025-05-10,1797.0,Card,Paid,TXN0000028
O000029,C0307,2025-03-25,4557.15,UPI,Paid,TXN0000029
O000030,C0105,2025-01-22,28796.8,UPI,Paid,TXN0000030
O000031,C0165,2026-04-04,2276.2,Card,Paid,TXN0000031
O000032,C0488,2026-06-23,1998.0,UPI,Paid,TXN0000032
O000033,C0201,2026-01-17,1899.05,Card,Paid,TXN0000033
O000034,C0197,2026-03-16,8099.1,Net Banking,Paid,TXN0000034
O000035,C0426,2025-01-21,7356.8,Card,Paid,TXN0000035
O000036,C0185,2025-10-30,9972.15,UPI,Paid,TXN0000036
O000037,C0322,2025-03-25,2338.2,UPI,Paid,TXN0000037
O000038,C0265,2026-03-29,5862.45,Net Banking,Paid,TXN0000038
O000039,C0363,2026-01-22,6552.15,COD,Paid,TXN0000039
O000040,C0100,2026-05-22,1399.0,Card,Paid,TXN0000040
O000041,C0342,2025-09-14,2078.4,UPI,Paid,TXN0000041
O000042,C0320,2026-07-24,7122.15,Card,Paid,TXN0000042
O000043,C0214,2026-06-11,5036.4,UPI,Paid,TXN0000043
O000044,C0278,2025-06-11,12596.4,UPI,Paid,TXN0000044
O000045,C0162,2025-06-12,2499.0,UPI,Paid,TXN0000045
O000046,C0439,2026-06-08,5116.8,Card,Paid,TXN0000046
O000047,C0157,2025-09-28,2276.2,UPI,Paid,TXN0000047
O000048,C0422,2026-05-07,4557.15,UPI,Paid,TXN0000048
O000049,C0251,2025-07-27,9196.0,UPI,Paid,TXN0000049
O000050,C0366,2026-06-23,5316.2,Card,Paid,TXN0000050
O000051,C0097,2026-08-07,4587.45,Card,Paid,TXN0000051
O000052,C0018,2025-03-01,1104.15,UPI,Paid,TXN0000052
O000053,C0327,2026-03-06,479.2,Net Banking,Paid,TXN0000053
O000054,C0449,2025-11-05,4748.1,UPI,Paid,TXN0000054
O000055,C0383,2026-06-04,4676.4,UPI,Paid,TXN0000055
O000056,C0097,2025-01-27,3777.3,UPI,Paid,TXN0000056
O000057,C0001,2026-07-16,3908.3,Card,Pending,TXN0000057
O000058,C0216,2025-07-18,8099.1,UPI,Failed,TXN0000058
O000059,C0132,2026-01-22,1519.05,UPI,Paid,TXN0000059
O000060,C0260,2025-12-15,7122.15,Card,Paid,TXN0000060
O000061,C0125,2026-06-20,4748.1,Card,Paid,TXN0000061
O000062,C0082,2026-01-13,6298.2,COD,Paid,TXN0000062
O000063,C0283,2026-07-12,5997.6,COD,Paid,TXN0000063
O000064,C0171,2026-06-11,1797.0,Net Banking,Paid,TXN0000064
O000065,C0059,2025-06-02,2798.0,UPI,Failed,TXN0000065
O000066,C0032,2025-07-25,799.0,UPI,Paid,TXN0000066
O000067,C0161,2026-03-31,8496.6,Net Banking,Paid,TXN0000067
O000068,C0284,2025-09-30,2374.05,Card,Paid,TXN0000068
O000069,C0106,2025-08-24,3897.0,Card,Paid,TXN0000069
O000070,C0105,2026-06-05,1518.1,UPI,Paid,TXN0000070
O000071,C0439,2026-05-16,1078.2,UPI,Paid,TXN0000071
O000072,C0228,2025-04-27,8276.4,UPI,Failed,TXN0000072
O000073,C0188,2026-01-21,1798.2,Card,Paid,TXN0000073
O000074,C0070,2025-12-10,3036.2,UPI,Paid,TXN0000074
O000075,C0318,2026-08-07,2374.05,Card,Paid,TXN0000075
O000076,C0464,2026-01-30,1799.0,Card,Paid,TXN0000076
O000077,C0290,2025-03-05,4598.0,UPI,Paid,TXN0000077
O000078,C0087,2025-03-13,3798.1,UPI,Paid,TXN0000078
O000079,C0370,2025-10-01,9972.15,UPI,Paid,TXN0000079
O000080,C0362,2025-11-16,2157.3,UPI,Failed,TXN0000080
O000081,C0472,2025-12-04,2598.0,UPI,Paid,TXN0000081
O000082,C0056,2026-01-01,6998.0,UPI,Paid,TXN0000082
O000083,C0113,2026-05-10,7649.15,Card,Paid,TXN0000083
O000084,C0013,2025-06-15,4498.2,Card,Paid,TXN0000084
O000085,C0440,2026-06-28,2157.3,UPI,Paid,TXN0000085
O000086,C0018,2025-01-11,1359.15,Card,Paid,TXN0000086
O000087,C0182,2025-10-28,6836.2,COD,Failed,TXN0000087
O000088,C0461,2025-04-12,3312.45,Card,Paid,TXN0000088
O000089,C0113,2026-03-01,9447.3,UPI,Paid,TXN0000089
O000090,C0229,2026-01-27,2499.0,Card,Paid,TXN0000090
O000091,C0171,2025-08-02,6076.2,Card,Paid,TXN0000091
O000092,C0295,2025-03-29,4557.15,Net Banking,Paid,TXN0000092
O000093,C0189,2026-07-07,17098.1,Net Banking,Paid,TXN0000093
O000094,C0426,2026-02-05,6552.15,UPI,Paid,TXN0000094
O000095,C0465,2026-08-11,1709.05,Card,Paid,TXN0000095
O000096,C0079,2025-02-15,999.0,COD,Paid,TXN0000096
O000097,C0146,2026-04-08,1799.0,COD,Paid,TXN0000097
O000098,C0407,2025-11-06,26997.0,Card,Failed,TXN0000098
O000099,C0182,2025-03-27,5596.0,UPI,Paid,TXN0000099
O000100,C0499,2025-04-02,1138.1,UPI,Paid,TXN0000100
O000101,C0286,2025-08-30,2069.1,Card,Paid,TXN0000101
O000102,C0250,2025-01-02,5196.0,Card,Failed,TXN0000102
O000103,C0354,2025-08-13,1358.3,Net Banking,Paid,TXN0000103
O000104,C0314,2026-08-12,1954.15,COD,Paid,TXN0000104
O000105,C0196,2025-04-26,16198.2,UPI,Paid,TXN0000105
O000106,C0323,2025-04-13,16198.2,Card,Paid,TXN0000106
O000107,C0071,2025-07-13,4936.2,UPI,Paid,TXN0000107
O000108,C0248,2025-06-15,2598.0,Card,Paid,TXN0000108
O000109,C0146,2025-03-31,1039.2,Card,Failed,TXN0000109
O000110,C0106,2025-05-02,9196.0,UPI,Paid,TXN0000110
O000111,C0263,2025-05-23,1437.6,UPI,Paid,TXN0000111
O000112,C0296,2025-04-16,6747.3,UPI,Paid,TXN0000112
O000113,C0070,2026-03-04,13296.2,UPI,Paid,TXN0000113
O000114,C0470,2025-11-01,5697.15,COD,Paid,TXN0000114
O000115,C0193,2025-11-13,2338.2,UPI,Failed,TXN0000115
O000116,C0068,2025-01-09,3499.0,UPI,Paid,TXN0000116
O000117,C0494,2025-03-14,1138.1,UPI,Paid,TXN0000117
O000118,C0305,2025-12-25,7196.4,COD,Paid,TXN0000118
O000119,C0052,2025-08-11,2069.1,UPI,Paid,TXN0000119
O000120,C0370,2026-02-20,13996.0,UPI,Paid,TXN0000120
O000121,C0363,2026-07-07,4936.2,Card,Paid,TXN0000121
O000122,C0285,2026-01-05,3396.6,UPI,Paid,TXN0000122
O000123,C0405,2025-09-21,16198.2,UPI,Paid,TXN0000123
O000124,C0474,2025-11-14,719.1,Card,Paid,TXN0000124
O000125,C0334,2025-03-25,639.2,UPI,Paid,TXN0000125
O000126,C0009,2025-11-14,3324.05,COD,Paid,TXN0000126
O000127,C0251,2025-04-21,1518.1,Card,Pending,TXN0000127
O000128,C0431,2025-09-08,4077.45,Card,Paid,TXN0000128
O000129,C0332,2026-01-18,2718.3,UPI,Paid,TXN0000129
O000130,C0298,2025-01-07,6648.1,COD,Paid,TXN0000130
O000131,C0435,2026-04-04,5196.0,Card,Paid,TXN0000131
O000132,C0184,2025-03-25,1619.1,UPI,Paid,TXN0000132
O000133,C0179,2025-07-27,1234.05,UPI,Paid,TXN0000133
O000134,C0198,2026-01-25,5517.6,Card,Paid,TXN0000134
O000135,C0128,2025-11-10,3897.0,COD,Paid,TXN0000135
O000136,C0020,2025-01-22,8736.2,Net Banking,Paid,TXN0000136
O000137,C0472,2026-02-14,1799.0,Card,Paid,TXN0000137
O000138,C0411,2026-05-30,2697.3,Card,Paid,TXN0000138
O000139,C0422,2025-05-07,5862.45,UPI,Paid,TXN0000139
O000140,C0328,2025-01-14,1259.1,Card,Paid,TXN0000140
O000141,C0065,2025-01-12,2558.4,Net Banking,Paid,TXN0000141
O000142,C0182,2025-03-28,26997.0,Card,Paid,TXN0000142
O000143,C0241,2026-06-08,1599.0,UPI,Paid,TXN0000143
O000144,C0369,2026-06-21,5862.45,UPI,Paid,TXN0000144
O000145,C0024,2025-10-28,4756.6,UPI,Paid,TXN0000145
O000146,C0384,2025-08-31,6372.45,Card,Paid,TXN0000146
O000147,C0431,2025-05-02,849.15,Net Banking,Paid,TXN0000147
O000148,C0455,2025-05-27,2847.15,UPI,Paid,TXN0000148
O000149,C0083,2026-07-21,9996.0,UPI,Paid,TXN0000149
O000150,C0470,2025-12-22,28796.8,Card,Paid,TXN0000150
O000151,C0319,2025-11-05,2277.15,COD,Paid,TXN0000151
O000152,C0185,2025-10-15,5127.15,UPI,Paid,TXN0000152
O000153,C0439,2025-11-03,7196.4,UPI,Paid,TXN0000153
O000154,C0316,2026-07-03,3036.2,UPI,Paid,TXN0000154
O000155,C0099,2025-12-18,2378.3,Card,Paid,TXN0000155
O000156,C0062,2025-11-08,4598.0,COD,Failed,TXN0000156
O000157,C0286,2025-02-28,6796.6,UPI,Paid,TXN0000157
O000158,C0477,2025-02-04,24297.3,Card,Paid,TXN0000158
O000159,C0022,2026-03-21,1619.1,Card,Paid,TXN0000159
O000160,C0459,2025-04-03,2847.15,Card,Paid,TXN0000160
O000161,C0212,2025-07-26,6552.15,UPI,Paid,TXN0000161
O000162,C0126,2025-12-19,4368.1,Net Banking,Paid,TXN0000162
O000163,C0413,2025-11-28,3418.1,Card,Paid,TXN0000163
O000164,C0499,2025-06-08,2878.2,Card,Paid,TXN0000164
O000165,C0425,2025-01-24,5316.2,Card,Paid,TXN0000165
O000166,C0042,2026-02-08,7196.0,Net Banking,Paid,TXN0000166
O000167,C0098,2026-05-31,3897.0,Card,Pending,TXN0000167
O000168,C0449,2025-12-30,3507.3,Card,Paid,TXN0000168
O000169,C0031,2026-01-17,1799.0,UPI,Paid,TXN0000169
O000170,C0158,2026-06-16,1527.45,UPI,Paid,TXN0000170
O000171,C0112,2025-06-01,2697.3,UPI,Pending,TXN0000171
O000172,C0402,2026-07-16,3058.3,Net Banking,Paid,TXN0000172
O000173,C0247,2026-02-24,5948.3,COD,Paid,TXN0000173
O000174,C0122,2025-09-07,17998.0,UPI,Paid,TXN0000174
O000175,C0273,2025-04-27,2208.3,UPI,Paid,TXN0000175
O000176,C0294,2026-05-27,3598.2,UPI,Paid,TXN0000176
O000177,C0398,2026-08-01,679.15,COD,Paid,TXN0000177
O000178,C0471,2025-12-01,1529.15,UPI,Paid,TXN0000178
O000179,C0473,2026-02-22,1299.0,Card,Paid,TXN0000179
O000180,C0207,2025-10-22,17098.1,COD,Paid,TXN0000180
O000181,C0110,2026-01-06,32396.4,UPI,Paid,TXN0000181
O000182,C0440,2025-07-05,3598.2,COD,Paid,TXN0000182
O000183,C0278,2025-09-03,4368.1,Card,Paid,TXN0000183
O000184,C0451,2025-09-25,569.05,Card,Paid,TXN0000184
O000185,C0056,2025-08-25,6648.1,Card,Paid,TXN0000185
O000186,C0375,2026-06-14,1619.1,UPI,Paid,TXN0000186
O000187,C0403,2026-07-06,3998.4,Net Banking,Paid,TXN0000187
O000188,C0057,2025-01-21,4587.45,Card,Paid,TXN0000188
O000189,C0428,2026-06-04,8736.2,UPI,Paid,TXN0000189
O000190,C0482,2025-04-10,5596.0,UPI,Paid,TXN0000190
O000191,C0291,2026-04-23,1599.0,UPI,Paid,TXN0000191
O000192,C0114,2025-10-25,2847.15,Card,Paid,TXN0000192
O000193,C0381,2026-06-10,7816.6,UPI,Paid,TXN0000193
O000194,C0385,2025-11-30,759.05,COD,Paid,TXN0000194
O000195,C0308,2025-01-02,16198.2,UPI,Pending,TXN0000195
O000196,C0341,2026-01-10,1018.3,UPI,Paid,TXN0000196
O000197,C0477,2025-10-20,5997.6,COD,Paid,TXN0000197
O000198,C0198,2026-07-07,3996.0,Card,Paid,TXN0000198
O000199,C0421,2025-11-14,2598.0,COD,Paid,TXN0000199
O000200,C0321,2026-05-17,759.05,Card,Paid,TXN0000200
O000201,C0179,2026-01-16,3238.2,UPI,Paid,TXN0000201
O000202,C0385,2025-01-14,1598.4,Card,Paid,TXN0000202
O000203,C0219,2026-05-19,5196.0,UPI,Paid,TXN0000203
O000204,C0277,2025-08-19,6396.0,UPI,Failed,TXN0000204
O000205,C0437,2025-03-25,1104.15,UPI,Paid,TXN0000205
O000206,C0016,2025-05-10,6747.3,Card,Paid,TXN0000206
O000207,C0492,2025-05-25,21597.6,UPI,Paid,TXN0000207
O000208,C0379,2025-01-28,4368.1,UPI,Paid,TXN0000208
O000209,C0061,2025-03-07,1899.05,UPI,Paid,TXN0000209
O000210,C0054,2025-06-12,6897.0,UPI,Paid,TXN0000210
O000211,C0168,2025-08-17,6897.0,UPI,Paid,TXN0000211
O000212,C0026,2025-09-18,2338.2,UPI,Paid,TXN0000212
O000213,C0336,2026-03-25,1709.05,UPI,Paid,TXN0000213
O000214,C0476,2026-02-28,2997.0,UPI,Paid,TXN0000214
O000215,C0065,2026-04-05,6796.6,UPI,Paid,TXN0000215
O000216,C0100,2025-10-28,2396.0,COD,Paid,TXN0000216
O000217,C0074,2025-10-30,3598.2,Card,Paid,TXN0000217
O000218,C0192,2025-10-14,1898.1,Card,Paid,TXN0000218
O000219,C0171,2026-01-30,1698.3,COD,Paid,TXN0000219
O000220,C0273,2025-01-10,1198.0,UPI,Paid,TXN0000220
O000221,C0377,2025-09-27,22947.45,UPI,Paid,TXN0000221
O000222,C0187,2025-12-27,2499.0,COD,Paid,TXN0000222
O000223,C0023,2025-09-14,3038.1,Card,Paid,TXN0000223
O000224,C0391,2025-05-13,4498.2,Net Banking,Paid,TXN0000224
O000225,C0428,2025-10-03,2997.0,Net Banking,Paid,TXN0000225
O000226,C0181,2026-05-28,3418.1,UPI,Paid,TXN0000226
O000227,C0327,2025-11-09,5948.3,Net Banking,Paid,TXN0000227
O000228,C0108,2026-07-30,509.15,Net Banking,Paid,TXN0000228
O000229,C0335,2025-10-11,13996.0,UPI,Paid,TXN0000229
O000230,C0162,2025-05-01,1598.0,Net Banking,Paid,TXN0000230
O000231,C0302,2025-04-17,4797.0,UPI,Paid,TXN0000231
O000232,C0493,2025-07-23,999.0,Card,Paid,TXN0000232
O000233,C0452,2025-06-14,8397.6,UPI,Paid,TXN0000233
O000234,C0206,2025-11-01,719.1,UPI,Paid,TXN0000234
O000235,C0078,2026-05-12,1519.05,Card,Paid,TXN0000235
O000236,C0016,2026-07-10,3198.4,UPI,Paid,TXN0000236
O000237,C0327,2025-06-05,2878.2,Card,Failed,TXN0000237
O000238,C0096,2026-01-02,1438.2,Card,Paid,TXN0000238
O000239,C0147,2025-09-08,2276.2,UPI,Failed,TXN0000239
O000240,C0002,2025-11-30,7596.2,UPI,Paid,TXN0000240
O000241,C0010,2026-05-26,24297.3,Card,Failed,TXN0000241
O000242,C0434,2025-10-20,1198.0,COD,Paid,TXN0000242
O000243,C0125,2025-01-20,3036.2,Card,Paid,TXN0000243
O000244,C0081,2025-10-09,6998.0,Card,Failed,TXN0000244
O000245,C0485,2025-01-01,6396.0,Card,Paid,TXN0000245
O000246,C0140,2025-04-29,5756.4,UPI,Paid,TXN0000246
O000247,C0326,2025-02-04,539.1,Card,Paid,TXN0000247
O000248,C0150,2025-07-17,3038.1,Net Banking,Paid,TXN0000248
O000249,C0288,2026-04-30,1518.1,COD,Paid,TXN0000249
O000250,C0361,2025-02-28,6476.4,Card,Paid,TXN0000250
O000251,C0340,2025-06-10,3198.0,Card,Paid,TXN0000251
O000252,C0129,2025-07-25,2156.4,Card,Paid,TXN0000252
O000253,C0438,2025-01-12,3058.3,Card,Failed,TXN0000253
O000254,C0239,2026-05-05,2299.0,Card,Paid,TXN0000254
O000255,C0058,2025-10-03,15298.3,Card,Paid,TXN0000255
O000256,C0198,2025-08-30,1954.15,UPI,Paid,TXN0000256
O000257,C0211,2025-08-04,4197.0,UPI,Paid,TXN0000257
O000258,C0402,2025-09-08,1198.0,COD,Paid,TXN0000258
O000259,C0390,2025-05-06,3678.4,UPI,Paid,TXN0000259
O000260,C0045,2025-08-05,1998.0,Net Banking,Paid,TXN0000260
O000261,C0097,2025-11-02,1699.15,UPI,Paid,TXN0000261
O000262,C0279,2025-07-04,1798.2,UPI,Paid,TXN0000262
O000263,C0023,2025-02-08,4748.1,Card,Paid,TXN0000263
O000264,C0410,2025-08-11,9196.0,COD,Paid,TXN0000264
O000265,C0461,2025-07-03,1707.15,Card,Paid,TXN0000265
O000266,C0391,2026-05-10,3324.05,UPI,Paid,TXN0000266
O000267,C0335,2026-03-03,4676.4,UPI,Paid,TXN0000267
O000268,C0044,2025-06-27,1839.2,Card,Paid,TXN0000268
O000269,C0027,2026-03-04,30596.6,UPI,Paid,TXN0000269
O000270,C0282,2025-10-21,6552.15,Card,Paid,TXN0000270
O000271,C0097,2025-05-31,6116.6,Card,Paid,TXN0000271
O000272,C0463,2026-01-19,2124.15,Card,Pending,TXN0000272
O000273,C0036,2025-11-04,2558.4,UPI,Failed,TXN0000273
O000274,C0109,2025-12-02,4748.1,UPI,Paid,TXN0000274
O000275,C0055,2026-01-10,6372.45,UPI,Paid,TXN0000275
O000276,C0192,2025-01-08,1799.1,UPI,Paid,TXN0000276
O000277,C0219,2025-12-07,759.05,Card,Paid,TXN0000277
O000278,C0185,2025-05-09,1039.2,COD,Paid,TXN0000278
O000279,C0069,2025-12-18,7497.0,UPI,Paid,TXN0000279
O000280,C0317,2025-12-24,1598.0,UPI,Paid,TXN0000280
O000281,C0130,2026-06-01,6796.6,UPI,Paid,TXN0000281
O000282,C0055,2026-05-10,4797.0,COD,Paid,TXN0000282
O000283,C0378,2025-03-27,3396.6,UPI,Paid,TXN0000283
O000284,C0097,2025-06-24,1078.2,Net Banking,Paid,TXN0000284
O000285,C0336,2025-07-12,4797.0,UPI,Paid,TXN0000285
O000286,C0087,2025-11-07,1518.1,UPI,Paid,TXN0000286
O000287,C0294,2025-04-29,11896.6,UPI,Paid,TXN0000287
O000288,C0119,2025-08-06,2249.1,Card,Paid,TXN0000288
O000289,C0208,2026-03-03,639.2,Card,Paid,TXN0000289
O000290,C0334,2026-02-18,8496.6,Card,Pending,TXN0000290
O000291,C0413,2025-04-24,949.05,UPI,Paid,TXN0000291
O000292,C0154,2025-05-25,35996.0,UPI,Paid,TXN0000292
O000293,C0035,2026-06-22,5997.6,UPI,Paid,TXN0000293
O000294,C0079,2025-10-30,2157.3,Card,Paid,TXN0000294
O000295,C0067,2026-08-11,1797.0,UPI,Paid,TXN0000295
O000296,C0343,2025-12-11,1104.15,Card,Paid,TXN0000296
O000297,C0413,2025-01-01,1018.3,UPI,Paid,TXN0000297
O000298,C0034,2025-05-27,1259.1,UPI,Paid,TXN0000298
O000299,C0097,2025-10-14,2374.05,Card,Paid,TXN0000299
O000300,C0169,2025-02-22,2518.2,UPI,Paid,TXN0000300
O000301,C0169,2025-10-31,2878.2,Card,Paid,TXN0000301
O000302,C0151,2025-03-10,3908.3,UPI,Paid,TXN0000302
O000303,C0071,2025-12-27,14398.4,UPI,Paid,TXN0000303
O000304,C0003,2025-08-08,1799.1,COD,Paid,TXN0000304
O000305,C0314,2026-07-29,6116.6,UPI,Paid,TXN0000305
O000306,C0032,2026-08-08,21597.6,Card,Paid,TXN0000306
O000307,C0287,2025-06-10,2396.0,COD,Paid,TXN0000307
O000308,C0082,2025-03-30,799.0,UPI,Failed,TXN0000308
O000309,C0043,2026-08-08,3058.3,COD,Paid,TXN0000309
O000310,C0391,2026-08-12,4797.0,UPI,Paid,TXN0000310
O000311,C0105,2025-06-08,26997.0,Card,Paid,TXN0000311
O000312,C0001,2026-05-04,7996.0,Card,Paid,TXN0000312
O000313,C0061,2025-11-20,1709.05,COD,Failed,TXN0000313
O000314,C0270,2026-01-16,999.0,Card,Paid,TXN0000314
O000315,C0180,2025-04-12,1234.05,Card,Paid,TXN0000315
O000316,C0224,2026-05-09,21597.6,Card,Paid,TXN0000316
O000317,C0006,2025-01-19,5756.4,UPI,Pending,TXN0000317
O000318,C0103,2026-03-30,6747.3,Card,Paid,TXN0000318
O000319,C0010,2026-04-27,5997.0,UPI,Paid,TXN0000319
O000320,C0071,2026-02-01,3238.2,Card,Paid,TXN0000320
O000321,C0090,2025-10-06,6476.4,Card,Paid,TXN0000321
O000322,C0226,2025-12-31,2338.2,COD,Paid,TXN0000322
O000323,C0158,2025-11-27,1799.0,Card,Paid,TXN0000323
O000324,C0228,2025-12-10,3987.15,COD,Paid,TXN0000324
O000325,C0405,2026-03-31,11896.6,UPI,Paid,TXN0000325
O000326,C0126,2025-03-06,1259.1,UPI,Paid,TXN0000326
O000327,C0444,2025-03-17,6476.4,Card,Failed,TXN0000327
O000328,C0209,2025-05-23,5397.3,Card,Paid,TXN0000328
O000329,C0097,2026-04-18,34196.2,Card,Paid,TXN0000329
O000330,C0074,2026-02-21,1359.15,COD,Paid,TXN0000330
O000331,C0115,2025-11-01,4998.0,UPI,Paid,TXN0000331
O000332,C0191,2026-05-12,24297.3,Card,Paid,TXN0000332
O000333,C0495,2025-10-18,1598.4,UPI,Paid,TXN0000333
O000334,C0170,2025-04-12,22947.45,UPI,Paid,TXN0000334
O000335,C0307,2025-09-24,8549.05,UPI,Pending,TXN0000335
O000336,C0448,2025-01-03,4557.15,COD,Paid,TXN0000336
O000337,C0204,2025-03-26,2338.2,Card,Paid,TXN0000337
O000338,C0056,2025-11-24,4587.45,UPI,Paid,TXN0000338
O000339,C0208,2026-03-26,1169.1,Card,Paid,TXN0000339
O000340,C0041,2026-03-30,2697.3,UPI,Paid,TXN0000340
O000341,C0032,2025-08-09,4598.0,COD,Paid,TXN0000341
O000342,C0015,2025-06-03,2249.1,Card,Paid,TXN0000342
O000343,C0062,2025-01-12,2518.2,UPI,Paid,TXN0000343
O000344,C0155,2025-05-13,5997.6,Net Banking,Pending,TXN0000344
O000345,C0284,2025-10-31,3036.2,UPI,Paid,TXN0000345
O000346,C0209,2025-10-20,3058.3,Card,Paid,TXN0000346
O000347,C0320,2025-10-27,2277.15,Card,Paid,TXN0000347
O000348,C0494,2025-02-12,2876.4,UPI,Paid,TXN0000348
O000349,C0187,2025-12-09,8496.6,Card,Paid,TXN0000349
O000350,C0498,2025-11-22,3499.0,UPI,Paid,TXN0000350
O000351,C0442,2026-05-13,5316.2,COD,Paid,TXN0000351
O000352,C0130,2025-12-30,1698.3,UPI,Failed,TXN0000352
O000353,C0127,2026-03-03,3238.2,UPI,Pending,TXN0000353
O000354,C0292,2025-01-21,7996.0,Card,Paid,TXN0000354
O000355,C0114,2026-02-11,2847.15,UPI,Paid,TXN0000355
O000356,C0199,2025-12-02,6298.2,Card,Paid,TXN0000356
O000357,C0013,2025-04-27,2238.4,COD,Paid,TXN0000357
O000358,C0271,2025-05-04,599.0,Card,Pending,TXN0000358
O000359,C0089,2026-02-03,4077.45,UPI,Paid,TXN0000359
O000360,C0215,2025-02-20,13996.0,Card,Paid,TXN0000360
O000361,C0444,2025-11-20,2997.0,Net Banking,Paid,TXN0000361
O000362,C0278,2025-05-21,1799.0,UPI,Paid,TXN0000362
O000363,C0447,2026-04-15,1954.15,Card,Paid,TXN0000363
O000364,C0474,2025-11-30,5397.0,UPI,Paid,TXN0000364
O000365,C0481,2026-01-08,1189.15,COD,Paid,TXN0000365
O000366,C0203,2026-07-18,2184.05,Card,Paid,TXN0000366
O000367,C0074,2026-05-09,1039.2,COD,Paid,TXN0000367
O000368,C0025,2026-06-23,3567.45,Net Banking,Paid,TXN0000368
O000369,C0101,2025-06-05,1259.1,UPI,Paid,TXN0000369
O000370,C0176,2025-10-18,2716.6,UPI,Paid,TXN0000370
O000371,C0427,2025-05-24,12596.4,UPI,Paid,TXN0000371
O000372,C0117,2025-04-16,3058.3,UPI,Paid,TXN0000372
O000373,C0166,2026-02-24,2276.2,Card,Paid,TXN0000373
O000374,C0041,2025-01-02,1598.0,COD,Paid,TXN0000374
O000375,C0429,2026-08-12,2697.3,UPI,Paid,TXN0000375
O000376,C0344,2025-03-31,1519.05,Card,Paid,TXN0000376
O000377,C0424,2025-12-11,9496.2,COD,Paid,TXN0000377
O000378,C0366,2025-12-16,16198.2,UPI,Paid,TXN0000378
O000379,C0120,2026-04-04,4557.15,UPI,Paid,TXN0000379
O000380,C0097,2025-09-20,4498.2,Card,Paid,TXN0000380
O000381,C0145,2025-12-17,1299.0,Card,Paid,TXN0000381
O000382,C0216,2025-04-18,3196.8,Net Banking,Paid,TXN0000382
O000383,C0229,2026-08-09,4317.6,UPI,Paid,TXN0000383
O000384,C0313,2025-02-08,3198.4,COD,Paid,TXN0000384
O000385,C0130,2025-06-08,3987.15,Card,Paid,TXN0000385
O000386,C0352,2026-08-06,1438.2,UPI,Paid,TXN0000386
O000387,C0377,2025-11-08,958.4,UPI,Paid,TXN0000387
O000388,C0318,2025-08-29,1279.2,UPI,Paid,TXN0000388
O000389,C0472,2026-03-21,2124.15,UPI,Paid,TXN0000389
O000390,C0137,2025-10-25,3798.1,UPI,Paid,TXN0000390
O000391,C0324,2025-02-05,5756.4,Card,Paid,TXN0000391
O000392,C0337,2025-03-25,2547.45,Card,Paid,TXN0000392
O000393,C0273,2026-03-28,5127.15,Card,Paid,TXN0000393
O000394,C0117,2026-01-20,2069.1,UPI,Failed,TXN0000394
O000395,C0306,2025-06-21,5436.6,Card,Paid,TXN0000395
O000396,C0368,2026-01-11,2878.2,UPI,Paid,TXN0000396
O000397,C0094,2025-12-28,1709.05,COD,Paid,TXN0000397
O000398,C0168,2026-07-13,1078.2,COD,Paid,TXN0000398
O000399,C0442,2025-05-21,1278.4,COD,Pending,TXN0000399
O000400,C0203,2025-04-28,539.1,Card,Paid,TXN0000400
O000401,C0341,2025-10-04,4416.6,UPI,Paid,TXN0000401
O000402,C0149,2025-08-08,1617.3,UPI,Paid,TXN0000402
O000403,C0402,2025-01-26,3149.1,COD,Paid,TXN0000403
O000404,C0183,2026-06-05,5756.4,Card,Failed,TXN0000404
O000405,C0413,2025-01-10,3418.1,Card,Paid,TXN0000405
O000406,C0152,2026-01-13,569.05,COD,Paid,TXN0000406
O000407,C0074,2026-08-07,9972.15,Card,Paid,TXN0000407
O000408,C0365,2025-06-01,5397.0,UPI,Paid,TXN0000408
O000409,C0401,2025-02-18,1598.0,UPI,Paid,TXN0000409
O000410,C0274,2025-06-03,1799.0,UPI,Paid,TXN0000410
O000411,C0042,2025-10-20,3312.45,Card,Paid,TXN0000411
O000412,C0496,2026-08-03,1709.05,Card,Paid,TXN0000412
O000413,C0212,2025-02-19,2997.0,Net Banking,Paid,TXN0000413
O000414,C0101,2026-06-15,3198.0,Card,Paid,TXN0000414
O000415,C0045,2025-03-01,4498.2,UPI,Paid,TXN0000415
O000416,C0082,2025-06-16,2499.0,UPI,Paid,TXN0000416
O000417,C0017,2025-07-21,9496.2,Card,Paid,TXN0000417
O000418,C0073,2025-05-26,7196.0,Net Banking,Paid,TXN0000418
O000419,C0014,2026-03-15,1358.3,UPI,Paid,TXN0000419
O000420,C0433,2025-08-30,4797.6,COD,Paid,TXN0000420
O000421,C0157,2026-08-04,11196.8,UPI,Paid,TXN0000421
O000422,C0223,2026-07-15,6648.1,UPI,Paid,TXN0000422
O000423,C0132,2026-04-28,4857.3,COD,Paid,TXN0000423
O000424,C0338,2025-04-18,2697.3,UPI,Paid,TXN0000424
O000425,C0404,2025-08-14,3796.2,Card,Paid,TXN0000425
O000426,C0376,2026-03-08,2658.1,UPI,Paid,TXN0000426
O000427,C0376,2026-02-23,5397.0,COD,Paid,TXN0000427
O000428,C0047,2026-03-31,22947.45,COD,Paid,TXN0000428
O000429,C0107,2025-06-09,1299.0,COD,Paid,TXN0000429
O000430,C0108,2026-06-07,2374.05,UPI,Paid,TXN0000430
O000431,C0265,2026-08-13,4936.2,UPI,Pending,TXN0000431
O000432,C0205,2025-03-18,2249.1,Card,Paid,TXN0000432
O000433,C0079,2026-05-24,3908.3,UPI,Paid,TXN0000433
O000434,C0155,2026-03-17,8276.4,Card,Paid,TXN0000434
O000435,C0271,2025-09-11,6476.4,Card,Paid,TXN0000435
O000436,C0476,2025-11-16,2069.1,UPI,Paid,TXN0000436
O000437,C0485,2025-09-20,1797.0,Card,Paid,TXN0000437
O000438,C0247,2026-07-08,3798.1,COD,Paid,TXN0000438
O000439,C0019,2026-01-09,2238.4,Net Banking,Paid,TXN0000439
O000440,C0346,2025-06-16,1598.4,UPI,Paid,TXN0000440
O000441,C0436,2026-04-04,7196.4,UPI,Paid,TXN0000441
O000442,C0026,2025-10-07,2598.0,UPI,Paid,TXN0000442
O000443,C0217,2025-10-29,3897.0,UPI,Paid,TXN0000443
O000444,C0154,2026-06-15,2277.15,UPI,Failed,TXN0000444
O000445,C0154,2026-08-03,1954.15,Net Banking,Paid,TXN0000445
O000446,C0174,2025-08-06,1798.2,UPI,Paid,TXN0000446
O000447,C0092,2025-04-12,4756.6,UPI,Paid,TXN0000447
O000448,C0433,2026-07-08,2249.1,UPI,Paid,TXN0000448
O000449,C0338,2025-10-15,5997.0,UPI,Paid,TXN0000449
O000450,C0480,2025-06-16,1198.0,UPI,Paid,TXN0000450
O000451,C0181,2025-02-05,4197.0,Card,Paid,TXN0000451
O000452,C0131,2025-12-19,1439.1,Card,Paid,TXN0000452
O000453,C0450,2025-03-14,10497.0,UPI,Paid,TXN0000453
O000454,C0481,2025-12-19,4138.2,UPI,Paid,TXN0000454
O000455,C0298,2025-03-11,4498.2,Card,Paid,TXN0000455
O000456,C0275,2026-03-01,1519.05,UPI,Paid,TXN0000456
O000457,C0273,2026-07-15,4998.0,UPI,Paid,TXN0000457
O000458,C0492,2026-06-01,7497.0,Net Banking,Paid,TXN0000458
O000459,C0417,2026-03-04,6207.3,UPI,Paid,TXN0000459
O000460,C0076,2026-06-23,9496.2,Card,Paid,TXN0000460
O000461,C0177,2025-06-09,5316.2,COD,Paid,TXN0000461
O000462,C0184,2025-05-29,4756.6,UPI,Paid,TXN0000462
O000463,C0319,2025-08-18,4317.3,COD,Paid,TXN0000463
O000464,C0131,2026-07-16,1617.3,COD,Paid,TXN0000464
O000465,C0363,2025-03-08,1169.1,UPI,Paid,TXN0000465
O000466,C0049,2026-01-16,2036.6,COD,Paid,TXN0000466
O000467,C0055,2025-02-27,2697.3,UPI,Paid,TXN0000467
O000468,C0154,2025-09-16,1899.05,UPI,Paid,TXN0000468
O000469,C0355,2025-12-08,5697.15,COD,Paid,TXN0000469
O000470,C0200,2025-05-10,679.15,COD,Paid,TXN0000470
O000471,C0308,2025-06-21,2876.4,Card,Paid,TXN0000471
O000472,C0356,2025-07-28,32396.4,UPI,Pending,TXN0000472
O000473,C0373,2025-12-20,7816.6,Card,Paid,TXN0000473
O000474,C0118,2026-04-16,4317.6,Card,Paid,TXN0000474
O000475,C0263,2025-04-26,2277.15,UPI,Paid,TXN0000475
O000476,C0046,2025-09-21,599.0,Net Banking,Paid,TXN0000476
O000477,C0302,2026-03-18,3418.1,UPI,Paid,TXN0000477
O000478,C0356,2026-07-02,2718.3,UPI,Paid,TXN0000478
O000479,C0400,2026-03-29,2276.2,UPI,Paid,TXN0000479
O000480,C0408,2026-04-22,4998.0,UPI,Paid,TXN0000480
O000481,C0189,2025-10-14,9996.0,Card,Paid,TXN0000481
O000482,C0310,2025-10-30,569.05,UPI,Failed,TXN0000482
O000483,C0318,2025-11-07,4598.0,COD,Failed,TXN0000483
O000484,C0129,2025-07-27,6998.0,UPI,Paid,TXN0000484
O000485,C0049,2026-03-22,4676.4,Card,Paid,TXN0000485
O000486,C0025,2025-02-24,8999.0,Card,Paid,TXN0000486
O000487,C0266,2025-01-12,2798.0,UPI,Paid,TXN0000487
O000488,C0118,2026-02-04,4248.3,Card,Paid,TXN0000488
O000489,C0464,2026-05-30,15298.3,COD,Failed,TXN0000489
O000490,C0144,2026-06-26,1899.05,Card,Paid,TXN0000490
O000491,C0442,2025-08-25,599.0,Card,Paid,TXN0000491
O000492,C0200,2025-10-06,6298.2,COD,Paid,TXN0000492
O000493,C0157,2025-12-14,2276.2,Net Banking,Paid,TXN0000493
O000494,C0487,2025-04-14,5596.0,UPI,Failed,TXN0000494
O000495,C0348,2026-06-01,4598.0,Card,Paid,TXN0000495
O000496,C0134,2025-09-05,8999.0,UPI,Paid,TXN0000496
O000497,C0400,2025-12-30,2878.2,UPI,Paid,TXN0000497
O000498,C0148,2025-11-17,1189.15,UPI,Paid,TXN0000498
O000499,C0336,2025-10-13,3908.3,Net Banking,Paid,TXN0000499
O000500,C0071,2025-05-29,1619.1,Card,Paid,TXN0000500
O000501,C0233,2025-03-25,6552.15,UPI,Paid,TXN0000501
O000502,C0334,2026-02-10,8276.4,UPI,Paid,TXN0000502
O000503,C0299,2026-04-01,3987.15,Net Banking,Paid,TXN0000503
O000504,C0154,2025-06-10,2396.0,UPI,Paid,TXN0000504
O000505,C0090,2026-04-05,3149.1,UPI,Paid,TXN0000505
O000506,C0334,2026-07-04,3567.45,COD,Paid,TXN0000506
O000507,C0199,2026-05-15,3796.2,Card,Paid,TXN0000507
O000508,C0161,2026-05-24,2208.3,UPI,Paid,TXN0000508
O000509,C0026,2026-04-26,759.05,Card,Failed,TXN0000509
O000510,C0121,2025-04-24,3324.05,Net Banking,Paid,TXN0000510
O000511,C0301,2026-08-01,3198.0,COD,Paid,TXN0000511
O000512,C0212,2025-12-27,6298.2,UPI,Paid,TXN0000512
O000513,C0063,2025-12-07,6796.6,UPI,Paid,TXN0000513
O000514,C0451,2026-03-25,539.1,UPI,Paid,TXN0000514
O000515,C0436,2025-06-29,6396.0,Card,Paid,TXN0000515
O000516,C0068,2026-02-11,3598.0,COD,Paid,TXN0000516
O000517,C0253,2025-07-15,1259.1,UPI,Failed,TXN0000517
O000518,C0410,2026-04-11,4368.1,COD,Paid,TXN0000518
O000519,C0459,2025-11-07,2276.2,Card,Paid,TXN0000519
O000520,C0002,2025-09-19,4476.8,Card,Pending,TXN0000520
O000521,C0398,2026-02-23,7196.4,Net Banking,Paid,TXN0000521
O000522,C0108,2026-02-10,569.05,Card,Paid,TXN0000522
O000523,C0286,2025-05-23,17998.0,UPI,Paid,TXN0000523
O000524,C0049,2025-12-08,3998.0,Card,Paid,TXN0000524
O000525,C0140,2025-11-12,3596.4,COD,Paid,TXN0000525
O000526,C0218,2025-04-11,7816.6,UPI,Paid,TXN0000526
O000527,C0044,2025-09-01,8276.4,COD,Paid,TXN0000527
O000528,C0417,2026-05-05,9496.2,UPI,Failed,TXN0000528
O000529,C0269,2025-01-12,26997.0,UPI,Paid,TXN0000529
O000530,C0078,2025-08-27,5997.6,UPI,Paid,TXN0000530
O000531,C0216,2026-07-15,4317.6,Net Banking,Paid,TXN0000531
O000532,C0382,2025-02-11,4676.4,Card,Paid,TXN0000532
O000533,C0098,2026-03-05,3196.0,UPI,Paid,TXN0000533
O000534,C0236,2025-06-07,2338.2,Net Banking,Paid,TXN0000534
O000535,C0282,2025-08-04,1189.15,COD,Paid,TXN0000535
O000536,C0149,2026-04-07,2338.2,COD,Paid,TXN0000536
O000537,C0412,2025-05-14,6207.3,UPI,Paid,TXN0000537
O000538,C0304,2025-03-08,3998.0,UPI,Paid,TXN0000538
O000539,C0484,2025-01-07,35996.0,Card,Paid,TXN0000539
O000540,C0424,2026-06-10,4197.0,COD,Paid,TXN0000540
O000541,C0066,2025-03-14,3357.6,Card,Paid,TXN0000541
O000542,C0234,2026-02-03,8099.1,Card,Paid,TXN0000542
O000543,C0457,2026-02-09,1954.15,COD,Paid,TXN0000543
O000544,C0087,2026-08-01,2397.0,UPI,Paid,TXN0000544
O000545,C0079,2025-05-10,4317.6,Card,Pending,TXN0000545
O000546,C0205,2026-04-11,3058.3,UPI,Paid,TXN0000546
O000547,C0279,2025-07-25,4197.0,UPI,Paid,TXN0000547
O000548,C0337,2025-09-23,6116.6,UPI,Paid,TXN0000548
O000549,C0254,2026-06-21,4368.1,COD,Paid,TXN0000549
O000550,C0304,2025-09-10,3996.0,COD,Paid,TXN0000550
O000551,C0380,2025-10-16,3796.2,UPI,Paid,TXN0000551
O000552,C0130,2025-06-13,7996.8,UPI,Paid,TXN0000552
O000553,C0084,2025-04-05,8397.6,UPI,Paid,TXN0000553
O000554,C0276,2025-04-20,1519.05,Net Banking,Paid,TXN0000554
O000555,C0187,2025-12-02,1169.1,Card,Paid,TXN0000555
O000556,C0046,2025-08-26,6476.4,Net Banking,Paid,TXN0000556
O000557,C0387,2026-01-16,2547.45,COD,Paid,TXN0000557
O000558,C0183,2026-03-12,3798.1,UPI,Paid,TXN0000558
O000559,C0268,2026-04-28,32396.4,UPI,Paid,TXN0000559
O000560,C0296,2025-01-25,6298.2,Card,Paid,TXN0000560
O000561,C0322,2025-04-27,4998.0,UPI,Paid,TXN0000561
O000562,C0100,2026-04-27,4557.15,UPI,Paid,TXN0000562
O000563,C0078,2026-01-27,2697.3,UPI,Paid,TXN0000563
O000564,C0272,2026-06-21,2374.05,Card,Paid,TXN0000564
O000565,C0339,2025-03-20,479.2,Card,Paid,TXN0000565
O000566,C0162,2026-08-03,10497.0,UPI,Paid,TXN0000566
O000567,C0044,2025-06-22,28796.8,Card,Paid,TXN0000567
O000568,C0238,2025-01-12,1299.0,UPI,Paid,TXN0000568
O000569,C0134,2025-05-08,1998.0,COD,Paid,TXN0000569
O000570,C0461,2025-04-02,3036.2,Card,Paid,TXN0000570
O000571,C0192,2026-06-27,15298.3,UPI,Paid,TXN0000571
O000572,C0356,2026-06-16,4077.45,Card,Paid,TXN0000572
O000573,C0278,2026-03-23,3598.0,Card,Paid,TXN0000573
O000574,C0018,2026-01-25,13996.0,UPI,Paid,TXN0000574
O000575,C0012,2025-02-12,4317.3,UPI,Paid,TXN0000575
O000576,C0180,2025-09-11,4936.2,Net Banking,Paid,TXN0000576
O000577,C0123,2025-05-10,15298.3,UPI,Paid,TXN0000577
O000578,C0246,2025-03-01,9196.0,Card,Paid,TXN0000578
O000579,C0222,2026-04-12,3507.3,COD,Paid,TXN0000579
O000580,C0373,2025-10-14,1078.2,UPI,Paid,TXN0000580
O000581,C0051,2026-06-01,2238.4,UPI,Paid,TXN0000581
O000582,C0488,2026-04-12,899.1,COD,Paid,TXN0000582
O000583,C0071,2025-12-11,1799.0,UPI,Paid,TXN0000583
O000584,C0480,2026-01-17,3196.0,Card,Paid,TXN0000584
O000585,C0048,2025-09-10,3149.1,COD,Paid,TXN0000585
O000586,C0019,2025-02-25,1799.1,COD,Paid,TXN0000586
O000587,C0262,2026-04-08,679.15,Net Banking,Failed,TXN0000587
O000588,C0084,2026-04-02,8099.1,COD,Paid,TXN0000588
O000589,C0155,2025-03-24,1617.3,Card,Paid,TXN0000589
O000590,C0053,2025-04-09,6552.15,COD,Paid,TXN0000590
O000591,C0107,2025-05-29,1899.05,COD,Paid,TXN0000591
O000592,C0357,2025-11-25,3196.0,Net Banking,Paid,TXN0000592
O000593,C0304,2025-06-05,1797.0,COD,Paid,TXN0000593
O000594,C0135,2025-07-09,899.1,UPI,Paid,TXN0000594
O000595,C0443,2026-05-09,2997.0,Card,Paid,TXN0000595
O000596,C0069,2025-09-20,6998.0,UPI,Paid,TXN0000596
O000597,C0011,2025-03-21,2397.0,UPI,Paid,TXN0000597
O000598,C0143,2026-02-04,6897.0,UPI,Paid,TXN0000598
O000599,C0192,2025-09-17,3996.0,Net Banking,Paid,TXN0000599
O000600,C0387,2026-07-06,5397.3,UPI,Paid,TXN0000600
O000601,C0378,2025-04-11,8736.2,Card,Failed,TXN0000601
O000602,C0069,2025-12-25,1078.2,Card,Paid,TXN0000602
O000603,C0023,2026-01-15,1799.1,UPI,Paid,TXN0000603
O000604,C0181,2025-08-09,4156.8,Card,Paid,TXN0000604
O000605,C0293,2026-02-24,1797.0,Card,Paid,TXN0000605
O000606,C0009,2025-05-04,4557.15,COD,Paid,TXN0000606
O000607,C0271,2026-02-26,9196.0,UPI,Paid,TXN0000607
O000608,C0387,2025-08-19,4748.1,UPI,Paid,TXN0000608
O000609,C0093,2025-03-04,1279.2,Card,Paid,TXN0000609
O000610,C0454,2026-04-30,1617.3,UPI,Paid,TXN0000610
O000611,C0017,2026-07-28,1438.2,UPI,Paid,TXN0000611
O000612,C0154,2026-04-28,1519.05,UPI,Paid,TXN0000612
O000613,C0405,2026-06-03,2069.1,Card,Failed,TXN0000613
O000614,C0328,2025-06-04,5397.0,UPI,Paid,TXN0000614
O000615,C0149,2025-04-02,3596.4,Card,Paid,TXN0000615
O000616,C0377,2026-06-10,3507.3,Net Banking,Paid,TXN0000616
O000617,C0267,2026-03-31,5127.15,COD,Paid,TXN0000617
O000618,C0422,2026-05-25,5397.0,UPI,Paid,TXN0000618
O000619,C0328,2025-07-02,4248.3,Card,Paid,TXN0000619
O000620,C0106,2026-01-21,35996.0,UPI,Paid,TXN0000620
O000621,C0472,2026-07-28,4598.0,UPI,Paid,TXN0000621
O000622,C0381,2026-02-09,5697.15,UPI,Paid,TXN0000622
O000623,C0035,2025-09-03,3796.2,UPI,Paid,TXN0000623
O000624,C0119,2026-04-16,719.1,Card,Failed,TXN0000624
O000625,C0014,2026-02-27,6476.4,Net Banking,Paid,TXN0000625
O000626,C0014,2025-03-06,3312.45,Net Banking,Paid,TXN0000626
O000627,C0266,2025-01-13,34196.2,UPI,Paid,TXN0000627
O000628,C0140,2025-08-01,2249.1,Card,Pending,TXN0000628
O000629,C0294,2025-08-30,1189.15,UPI,Paid,TXN0000629
O000630,C0364,2026-05-08,3796.2,Card,Paid,TXN0000630
O000631,C0119,2025-08-01,1329.05,UPI,Paid,TXN0000631
O000632,C0238,2025-12-04,2718.3,Net Banking,Paid,TXN0000632
O000633,C0034,2025-06-22,7196.0,COD,Paid,TXN0000633
O000634,C0169,2025-06-13,3324.05,UPI,Paid,TXN0000634
O000635,C0010,2026-04-10,999.0,COD,Paid,TXN0000635
O000636,C0122,2026-05-12,7996.0,Card,Paid,TXN0000636
O000637,C0401,2026-01-30,17998.0,Card,Paid,TXN0000637
O000638,C0145,2025-11-04,4936.2,Card,Paid,TXN0000638
O000639,C0451,2025-07-02,899.1,Card,Pending,TXN0000639
O000640,C0446,2026-05-25,7596.2,COD,Paid,TXN0000640
O000641,C0223,2026-06-30,1954.15,COD,Paid,TXN0000641
O000642,C0371,2026-07-18,3987.15,Card,Paid,TXN0000642
O000643,C0257,2025-08-15,7356.8,COD,Paid,TXN0000643
O000644,C0268,2026-03-12,28796.8,Net Banking,Paid,TXN0000644
O000645,C0359,2026-02-26,2124.15,UPI,Pending,TXN0000645
O000646,C0004,2026-07-08,1439.2,UPI,Paid,TXN0000646
O000647,C0426,2025-01-21,899.1,Card,Pending,TXN0000647
O000648,C0397,2026-07-08,2974.15,Net Banking,Paid,TXN0000648
O000649,C0354,2026-02-01,5596.0,UPI,Paid,TXN0000649
O000650,C0106,2025-04-15,1329.05,Card,Paid,TXN0000650
O000651,C0085,2025-07-11,3396.6,UPI,Failed,TXN0000651
O000652,C0214,2025-01-17,3038.1,COD,Paid,TXN0000652
O000653,C0121,2025-04-30,7816.6,Net Banking,Paid,TXN0000653
O000654,C0132,2026-01-28,1189.15,Card,Paid,TXN0000654
O000655,C0338,2026-03-01,1899.05,UPI,Paid,TXN0000655
O000656,C0197,2025-05-09,2208.3,COD,Paid,TXN0000656
O000657,C0019,2025-05-10,7196.0,UPI,Failed,TXN0000657
O000658,C0130,2026-07-26,2658.1,COD,Paid,TXN0000658
O000659,C0012,2026-07-14,7196.4,UPI,Paid,TXN0000659
O000660,C0081,2025-01-29,8999.0,Card,Paid,TXN0000660
O000661,C0330,2025-04-07,32396.4,Card,Paid,TXN0000661
O000662,C0354,2025-01-10,1619.1,Card,Paid,TXN0000662
O000663,C0262,2025-08-30,1599.0,Net Banking,Paid,TXN0000663
O000664,C0392,2025-08-20,2037.45,Net Banking,Paid,TXN0000664
O000665,C0125,2025-10-11,2157.3,COD,Paid,TXN0000665
O000666,C0307,2025-07-19,13296.2,UPI,Paid,TXN0000666
O000667,C0267,2025-03-20,1799.0,UPI,Paid,TXN0000667
O000668,C0447,2025-06-22,4248.3,Card,Paid,TXN0000668
O000669,C0441,2026-04-12,1359.15,COD,Paid,TXN0000669
O000670,C0383,2026-08-04,2798.0,Card,Paid,TXN0000670
O000671,C0140,2026-02-20,3196.0,Net Banking,Paid,TXN0000671
O000672,C0329,2026-03-25,6116.6,Net Banking,Paid,TXN0000672
O000673,C0002,2025-03-28,1438.2,Card,Paid,TXN0000673
O000674,C0008,2025-04-11,1198.0,COD,Paid,TXN0000674
O000675,C0250,2025-01-08,2069.1,Net Banking,Paid,TXN0000675
O000676,C0139,2025-07-19,34196.2,COD,Paid,TXN0000676
O000677,C0124,2026-05-20,509.15,Card,Paid,TXN0000677
O000678,C0309,2025-03-28,3998.0,COD,Paid,TXN0000678
O000679,C0228,2025-02-12,5127.15,UPI,Paid,TXN0000679
O000680,C0010,2026-01-20,6897.0,Card,Paid,TXN0000680
O000681,C0469,2026-03-11,3837.6,UPI,Paid,TXN0000681
O000682,C0212,2026-02-12,4248.3,UPI,Paid,TXN0000682
O000683,C0112,2026-04-28,1799.1,COD,Paid,TXN0000683
O000684,C0008,2025-01-17,4676.4,Card,Paid,TXN0000684
O000685,C0292,2025-05-28,1518.1,UPI,Paid,TXN0000685
O000686,C0477,2025-10-04,5997.6,UPI,Paid,TXN0000686
O000687,C0362,2025-08-20,1399.0,Net Banking,Failed,TXN0000687
O000688,C0460,2026-01-01,2036.6,COD,Paid,TXN0000688
O000689,C0253,2025-08-16,9196.0,UPI,Paid,TXN0000689
O000690,C0014,2026-03-12,3418.1,Net Banking,Paid,TXN0000690
O000691,C0240,2026-02-03,1438.2,UPI,Paid,TXN0000691
O000692,C0438,2025-07-30,2036.6,Card,Paid,TXN0000692
O000693,C0242,2026-01-26,2036.6,Card,Paid,TXN0000693
O000694,C0469,2026-05-14,4857.3,COD,Paid,TXN0000694
O000695,C0342,2026-06-24,3796.2,COD,Paid,TXN0000695
O000696,C0149,2026-07-17,14398.4,UPI,Paid,TXN0000696
O000697,C0236,2026-05-06,1399.0,Card,Paid,TXN0000697
O000698,C0306,2026-03-18,5862.45,UPI,Paid,TXN0000698
O000699,C0478,2025-09-18,4857.3,Card,Paid,TXN0000699
O000700,C0167,2025-12-16,4936.2,Card,Paid,TXN0000700
O000701,C0020,2025-12-18,1999.0,UPI,Paid,TXN0000701
O000702,C0216,2026-06-04,3987.15,Card,Paid,TXN0000702
O000703,C0343,2025-11-16,3038.1,UPI,Paid,TXN0000703
O000704,C0135,2025-05-18,5196.0,Card,Paid,TXN0000704
O000705,C0393,2026-07-04,3998.0,COD,Paid,TXN0000705
O000706,C0129,2026-01-03,3036.2,Card,Paid,TXN0000706
O000707,C0410,2025-08-08,9447.3,Net Banking,Paid,TXN0000707
O000708,C0422,2025-12-03,30596.6,UPI,Paid,TXN0000708
O000709,C0294,2025-08-11,799.0,Card,Paid,TXN0000709
O000710,C0246,2025-12-26,2658.1,Card,Paid,TXN0000710
O000711,C0189,2025-11-25,2184.05,UPI,Paid,TXN0000711
O000712,C0044,2026-04-08,4498.2,UPI,Paid,TXN0000712
O000713,C0086,2026-07-15,3398.3,COD,Paid,TXN0000713
O000714,C0044,2026-01-17,5756.4,Card,Paid,TXN0000714
O000715,C0330,2026-08-13,4587.45,Card,Paid,TXN0000715
O000716,C0375,2025-06-18,6747.3,UPI,Paid,TXN0000716
O000717,C0446,2025-08-05,719.1,COD,Paid,TXN0000717
O000718,C0378,2026-01-13,4936.2,UPI,Paid,TXN0000718
O000719,C0390,2025-04-29,22947.45,COD,Paid,TXN0000719
O000720,C0145,2025-07-09,1278.4,UPI,Paid,TXN0000720
O000721,C0051,2026-01-05,4138.2,Card,Paid,TXN0000721
O000722,C0242,2025-05-29,2716.6,UPI,Paid,TXN0000722
O000723,C0294,2026-05-03,2499.0,COD,Paid,TXN0000723
O000724,C0408,2026-01-09,5116.8,Card,Paid,TXN0000724
O000725,C0051,2025-06-09,1999.0,Card,Paid,TXN0000725
O000726,C0266,2025-12-17,8736.2,UPI,Paid,TXN0000726
O000727,C0120,2025-10-15,6998.0,Card,Paid,TXN0000727
O000728,C0200,2025-10-15,5756.8,UPI,Paid,TXN0000728
O000729,C0405,2025-08-14,2037.45,UPI,Failed,TXN0000729
O000730,C0248,2026-06-07,1917.6,COD,Paid,TXN0000730
O000731,C0070,2026-06-06,30596.6,COD,Paid,TXN0000731
O000732,C0341,2025-09-30,2374.05,UPI,Paid,TXN0000732
O000733,C0057,2026-02-06,7199.2,Net Banking,Paid,TXN0000733
O000734,C0382,2025-07-02,14398.4,COD,Paid,TXN0000734
O000735,C0039,2026-05-03,16198.2,Card,Paid,TXN0000735
O000736,C0472,2025-05-04,1999.0,Card,Paid,TXN0000736
O000737,C0289,2026-02-18,32396.4,COD,Pending,TXN0000737
O000738,C0443,2025-06-21,5598.4,Card,Paid,TXN0000738
O000739,C0018,2025-10-15,679.15,Card,Paid,TXN0000739
O000740,C0440,2026-03-11,1104.15,COD,Paid,TXN0000740
O000741,C0220,2025-04-23,5116.8,UPI,Paid,TXN0000741
O000742,C0313,2025-05-02,5862.45,COD,Paid,TXN0000742
O000743,C0244,2026-06-28,2974.15,Card,Paid,TXN0000743
O000744,C0352,2025-08-10,4138.2,Card,Paid,TXN0000744
O000745,C0460,2025-02-08,6076.2,UPI,Paid,TXN0000745
O000746,C0304,2026-05-12,4676.4,UPI,Paid,TXN0000746
O000747,C0298,2025-08-21,5036.4,Card,Paid,TXN0000747
O000748,C0283,2026-06-14,5862.45,UPI,Paid,TXN0000748
O000749,C0074,2025-05-29,6552.15,COD,Paid,TXN0000749
O000750,C0110,2026-02-01,2598.0,UPI,Paid,TXN0000750
O000751,C0180,2025-10-29,4998.0,UPI,Paid,TXN0000751
O000752,C0426,2025-12-26,12596.4,Card,Paid,TXN0000752
O000753,C0032,2025-08-26,1078.2,Card,Failed,TXN0000753
O000754,C0234,2025-08-24,2374.05,UPI,Paid,TXN0000754
O000755,C0282,2025-07-22,7497.0,UPI,Paid,TXN0000755
O000756,C0025,2025-09-13,9496.2,COD,Paid,TXN0000756
O000757,C0331,2025-08-23,35996.0,UPI,Paid,TXN0000757
O000758,C0279,2025-12-11,1709.05,COD,Paid,TXN0000758
O000759,C0226,2026-06-18,2184.05,UPI,Paid,TXN0000759
O000760,C0057,2026-04-11,759.05,Card,Failed,TXN0000760
O000761,C0180,2026-06-25,569.05,UPI,Paid,TXN0000761
O000762,C0232,2025-08-01,9496.2,COD,Paid,TXN0000762
O000763,C0382,2026-04-08,8922.45,UPI,Failed,TXN0000763
O000764,C0343,2026-03-12,5127.15,UPI,Paid,TXN0000764
O000765,C0477,2025-10-10,1799.0,UPI,Paid,TXN0000765
O000766,C0287,2026-07-16,4998.0,COD,Pending,TXN0000766
O000767,C0064,2026-04-08,7596.2,COD,Paid,TXN0000767
O000768,C0455,2026-02-11,7497.0,UPI,Paid,TXN0000768
O000769,C0232,2025-03-29,1999.0,UPI,Paid,TXN0000769
O000770,C0289,2025-02-13,4498.2,COD,Paid,TXN0000770
O000771,C0213,2026-04-06,1078.2,COD,Paid,TXN0000771
O000772,C0258,2025-10-05,3149.1,Card,Paid,TXN0000772
O000773,C0018,2026-02-25,6796.6,Net Banking,Paid,TXN0000773
O000774,C0175,2025-12-19,26997.0,UPI,Paid,TXN0000774
O000775,C0417,2026-05-30,2878.4,UPI,Paid,TXN0000775
O000776,C0229,2025-01-19,7497.0,UPI,Paid,TXN0000776
O000777,C0226,2025-01-23,4857.3,Card,Paid,TXN0000777
O000778,C0084,2026-02-17,4998.0,UPI,Paid,TXN0000778
O000779,C0291,2025-01-30,1954.15,UPI,Paid,TXN0000779
O000780,C0435,2025-04-18,4138.2,UPI,Paid,TXN0000780
O000781,C0370,2026-01-02,1998.0,Card,Paid,TXN0000781
O000782,C0246,2025-10-08,8996.4,UPI,Paid,TXN0000782
O000783,C0402,2025-05-08,2997.0,UPI,Paid,TXN0000783
O000784,C0110,2025-08-17,509.15,COD,Paid,TXN0000784
O000785,C0254,2025-04-21,2157.3,UPI,Paid,TXN0000785
O000786,C0088,2025-05-16,2598.0,UPI,Paid,TXN0000786
O000787,C0072,2025-12-28,1234.05,Card,Paid,TXN0000787
O000788,C0381,2025-07-05,1799.0,COD,Paid,TXN0000788
O000789,C0030,2026-08-07,1799.1,Card,Paid,TXN0000789
O000790,C0172,2025-05-09,2374.05,UPI,Paid,TXN0000790
O000791,C0309,2025-09-18,2156.4,COD,Paid,TXN0000791
O000792,C0394,2026-05-30,1279.2,Card,Paid,TXN0000792
O000793,C0343,2026-03-25,4748.1,UPI,Paid,TXN0000793
O000794,C0436,2025-04-14,7996.8,Card,Paid,TXN0000794
O000795,C0177,2026-04-28,1078.2,Card,Paid,TXN0000795
O000796,C0139,2025-08-12,1198.0,Card,Pending,TXN0000796
O000797,C0194,2026-05-06,4557.15,Net Banking,Paid,TXN0000797
O000798,C0186,2026-04-18,1169.1,Card,Pending,TXN0000798
O000799,C0218,2025-01-10,949.05,COD,Paid,TXN0000799
O000800,C0164,2026-02-09,1598.0,Card,Pending,TXN0000800
O000801,C0161,2025-10-29,1799.0,UPI,Paid,TXN0000801
O000802,C0431,2025-08-19,4416.6,Card,Paid,TXN0000802
O000803,C0013,2025-03-07,4317.3,UPI,Paid,TXN0000803
O000804,C0296,2025-04-22,2249.1,UPI,Paid,TXN0000804
O000805,C0089,2025-01-13,1299.0,COD,Paid,TXN0000805
O000806,C0324,2026-01-28,11896.6,Card,Paid,TXN0000806
O000807,C0042,2026-05-15,5517.6,UPI,Failed,TXN0000807
O000808,C0403,2025-08-22,9996.0,Card,Paid,TXN0000808
O000809,C0210,2025-11-10,1598.0,UPI,Paid,TXN0000809
O000810,C0229,2026-07-20,2378.3,COD,Paid,TXN0000810
O000811,C0350,2025-01-12,1359.15,UPI,Paid,TXN0000811
O000812,C0275,2025-07-28,24297.3,Card,Paid,TXN0000812
O000813,C0442,2025-01-14,3198.4,Card,Paid,TXN0000813
O000814,C0279,2026-02-22,32396.4,Card,Paid,TXN0000814
O000815,C0251,2026-03-13,2598.0,UPI,Failed,TXN0000815
O000816,C0310,2026-01-12,4498.2,UPI,Paid,TXN0000816
O000817,C0208,2025-01-20,7196.4,COD,Pending,TXN0000817
O000818,C0321,2026-08-10,1599.2,COD,Paid,TXN0000818
O000819,C0140,2025-03-11,5397.0,Card,Paid,TXN0000819
O000820,C0280,2025-07-30,8099.1,COD,Paid,TXN0000820
O000821,C0034,2025-04-11,2036.6,UPI,Paid,TXN0000821
O000822,C0309,2025-05-12,4748.1,UPI,Paid,TXN0000822
O000823,C0392,2026-01-16,5127.15,COD,Paid,TXN0000823
O000824,C0018,2025-05-12,509.15,COD,Paid,TXN0000824
O000825,C0057,2025-01-20,3796.2,Card,Paid,TXN0000825
O000826,C0112,2026-06-20,1438.2,Card,Paid,TXN0000826
O000827,C0005,2025-08-15,15298.3,UPI,Paid,TXN0000827
O000828,C0410,2025-06-03,2299.0,UPI,Paid,TXN0000828
O000829,C0414,2026-04-14,7356.8,Card,Failed,TXN0000829
O000830,C0182,2026-02-09,1438.2,COD,Paid,TXN0000830
O000831,C0013,2025-07-21,1138.1,Card,Paid,TXN0000831
O000832,C0339,2025-02-07,5127.15,UPI,Paid,TXN0000832
O000833,C0285,2025-07-07,1278.4,UPI,Pending,TXN0000833
O000834,C0259,2025-02-26,999.0,UPI,Paid,TXN0000834
O000835,C0090,2025-01-20,13296.2,Card,Paid,TXN0000835
O000836,C0104,2025-09-30,13296.2,Net Banking,Paid,TXN0000836
O000837,C0379,2025-04-29,6552.15,COD,Paid,TXN0000837
O000838,C0186,2026-08-06,5316.2,COD,Paid,TXN0000838
O000839,C0250,2026-05-31,1279.2,Card,Paid,TXN0000839
O000840,C0255,2025-08-09,1358.3,Card,Paid,TXN0000840
O000841,C0076,2026-06-10,4557.15,Net Banking,Paid,TXN0000841
O000842,C0386,2026-05-30,5316.2,Card,Paid,TXN0000842
O000843,C0459,2025-12-02,4857.3,COD,Paid,TXN0000843
O000844,C0108,2025-02-24,2397.0,COD,Paid,TXN0000844
O000845,C0156,2026-05-15,5436.6,UPI,Paid,TXN0000845
O000846,C0082,2026-06-20,4077.45,Card,Paid,TXN0000846
O000847,C0077,2025-06-11,30596.6,UPI,Paid,TXN0000847
O000848,C0485,2025-06-08,8549.05,UPI,Paid,TXN0000848
O000849,C0470,2025-07-07,5316.2,UPI,Paid,TXN0000849
O000850,C0460,2025-03-01,4998.0,COD,Paid,TXN0000850
O000851,C0258,2025-11-15,3036.2,COD,Paid,TXN0000851
O000852,C0127,2025-07-30,1898.1,UPI,Paid,TXN0000852
O000853,C0485,2026-02-10,4317.6,UPI,Paid,TXN0000853
O000854,C0391,2025-04-19,30596.6,Card,Failed,TXN0000854
O000855,C0282,2025-03-17,14398.4,UPI,Paid,TXN0000855
O000856,C0474,2026-06-26,11896.6,Card,Paid,TXN0000856
O000857,C0088,2025-11-10,3196.0,Card,Paid,TXN0000857
O000858,C0204,2025-04-27,3596.4,Card,Paid,TXN0000858
O000859,C0016,2025-01-19,799.0,UPI,Paid,TXN0000859
O000860,C0151,2026-03-08,6648.1,Card,Paid,TXN0000860
O000861,C0424,2025-12-16,2249.1,UPI,Paid,TXN0000861
O000862,C0254,2025-07-02,899.1,UPI,Paid,TXN0000862
O000863,C0188,2025-04-23,2878.2,UPI,Paid,TXN0000863
O000864,C0329,2025-07-02,13996.0,Card,Paid,TXN0000864
O000865,C0032,2026-04-26,2299.0,COD,Paid,TXN0000865
O000866,C0271,2025-05-26,1799.0,Card,Paid,TXN0000866
O000867,C0485,2025-04-23,1599.0,Card,Failed,TXN0000867
O000868,C0397,2026-04-21,3996.0,Card,Paid,TXN0000868
O000869,C0005,2025-10-30,2069.1,UPI,Paid,TXN0000869
O000870,C0459,2025-04-28,6372.45,UPI,Paid,TXN0000870
O000871,C0330,2025-06-10,4368.1,COD,Paid,TXN0000871
O000872,C0308,2026-02-05,24297.3,UPI,Paid,TXN0000872
O000873,C0333,2025-07-17,5596.0,Card,Paid,TXN0000873
O000874,C0169,2025-09-17,1839.2,UPI,Paid,TXN0000874
O000875,C0181,2025-02-16,3798.1,COD,Paid,TXN0000875
O000876,C0366,2026-02-03,509.15,Net Banking,Paid,TXN0000876
O000877,C0178,2026-07-13,7996.8,UPI,Paid,TXN0000877
O000878,C0143,2025-03-19,1018.3,Card,Paid,TXN0000878
O000879,C0362,2025-05-04,4797.0,UPI,Paid,TXN0000879
O000880,C0248,2025-03-16,1438.2,Card,Paid,TXN0000880
O000881,C0127,2025-05-17,3499.0,UPI,Paid,TXN0000881
O000882,C0263,2026-02-04,2598.0,UPI,Paid,TXN0000882
O000883,C0040,2026-05-20,9996.0,UPI,Paid,TXN0000883
O000884,C0412,2026-05-15,6396.8,Net Banking,Paid,TXN0000884
O000885,C0416,2026-07-27,14398.4,COD,Paid,TXN0000885
O000886,C0355,2025-05-18,13996.0,UPI,Paid,TXN0000886
O000887,C0255,2025-02-19,6476.4,Card,Paid,TXN0000887
O000888,C0143,2025-09-11,2556.8,UPI,Paid,TXN0000888
O000889,C0240,2026-07-17,2277.15,UPI,Paid,TXN0000889
O000890,C0228,2026-03-02,1234.05,COD,Failed,TXN0000890
O000891,C0341,2026-07-01,8736.2,UPI,Paid,TXN0000891
O000892,C0198,2025-10-29,1018.3,Card,Paid,TXN0000892
O000893,C0065,2026-08-04,7596.2,UPI,Paid,TXN0000893
O000894,C0388,2025-12-15,2037.45,UPI,Paid,TXN0000894
O000895,C0011,2025-02-18,4368.1,Card,Paid,TXN0000895
O000896,C0108,2025-03-15,1709.05,Net Banking,Paid,TXN0000896
O000897,C0026,2025-09-18,4748.1,COD,Paid,TXN0000897
O000898,C0445,2025-12-22,2798.0,UPI,Paid,TXN0000898
O000899,C0421,2026-08-05,3798.1,COD,Failed,TXN0000899
O000900,C0151,2025-09-17,1998.0,Net Banking,Paid,TXN0000900
O000901,C0221,2025-10-22,5436.6,UPI,Paid,TXN0000901
O000902,C0341,2025-11-09,949.05,UPI,Paid,TXN0000902
O000903,C0496,2025-07-01,4756.6,UPI,Paid,TXN0000903
O000904,C0237,2025-12-30,4317.6,UPI,Paid,TXN0000904
O000905,C0237,2025-07-07,2547.45,Card,Paid,TXN0000905
O000906,C0497,2026-07-23,14398.4,UPI,Paid,TXN0000906
O000907,C0219,2026-06-27,7196.4,UPI,Failed,TXN0000907
O000908,C0487,2026-07-02,35996.0,UPI,Paid,TXN0000908
O000909,C0424,2026-02-12,1039.2,Card,Paid,TXN0000909
O000910,C0461,2026-02-18,1189.15,Card,Paid,TXN0000910
O000911,C0151,2025-12-08,1104.15,Card,Paid,TXN0000911
O000912,C0123,2025-08-08,4676.4,UPI,Failed,TXN0000912
O000913,C0144,2025-06-12,1169.1,Card,Paid,TXN0000913
O000914,C0478,2025-08-08,799.0,UPI,Paid,TXN0000914
O000915,C0189,2025-09-27,2249.1,Net Banking,Paid,TXN0000915
O000916,C0255,2026-02-04,1598.0,UPI,Paid,TXN0000916
O000917,C0068,2025-07-01,7122.15,UPI,Paid,TXN0000917
O000918,C0104,2025-07-24,3777.3,UPI,Paid,TXN0000918
O000919,C0336,2026-08-05,2276.2,UPI,Paid,TXN0000919
O000920,C0159,2026-07-10,13996.0,UPI,Paid,TXN0000920
O000921,C0309,2025-08-16,1358.3,Card,Paid,TXN0000921
O000922,C0362,2025-09-07,2547.45,COD,Paid,TXN0000922
O000923,C0409,2026-03-17,2249.1,UPI,Paid,TXN0000923
O000924,C0300,2026-06-17,719.1,Card,Paid,TXN0000924
O000925,C0396,2025-07-15,7356.8,Card,Paid,TXN0000925
O000926,C0090,2026-06-03,26997.0,UPI,Paid,TXN0000926
O000927,C0357,2025-03-11,2876.4,UPI,Paid,TXN0000927
O000928,C0256,2026-02-03,9996.0,UPI,Paid,TXN0000928
O000929,C0496,2025-07-22,1709.05,COD,Pending,TXN0000929
O000930,C0353,2025-05-28,1169.1,COD,Paid,TXN0000930
O000931,C0220,2026-04-17,6747.3,UPI,Paid,TXN0000931
O000932,C0009,2025-07-18,2396.0,UPI,Failed,TXN0000932
O000933,C0012,2026-03-02,2658.1,COD,Paid,TXN0000933
O000934,C0325,2026-05-07,24297.3,Card,Paid,TXN0000934
O000935,C0438,2025-05-22,32396.4,COD,Paid,TXN0000935
O000936,C0244,2025-11-09,9447.3,UPI,Paid,TXN0000936
O000937,C0182,2025-06-14,2277.15,Net Banking,Paid,TXN0000937
O000938,C0284,2025-11-10,4317.3,COD,Paid,TXN0000938
O000939,C0312,2025-01-21,1598.0,UPI,Paid,TXN0000939
O000940,C0099,2025-03-23,3198.0,Card,Paid,TXN0000940
O000941,C0197,2026-08-04,899.1,UPI,Paid,TXN0000941
O000942,C0482,2025-05-11,2069.1,UPI,Paid,TXN0000942
O000943,C0366,2025-11-01,7996.0,Card,Paid,TXN0000943
O000944,C0226,2026-01-06,4197.0,UPI,Paid,TXN0000944
O000945,C0333,2026-01-19,6476.4,Card,Paid,TXN0000945
O000946,C0103,2026-03-21,2374.05,UPI,Paid,TXN0000946
O000947,C0106,2026-03-01,2658.1,Card,Paid,TXN0000947
O000948,C0365,2025-06-10,2184.05,UPI,Paid,TXN0000948
O000949,C0368,2025-06-27,6396.0,COD,Paid,TXN0000949
O000950,C0058,2026-05-05,1399.0,UPI,Paid,TXN0000950
O000951,C0078,2025-11-23,2036.6,UPI,Failed,TXN0000951
O000952,C0075,2025-10-16,8996.4,Card,Paid,TXN0000952
O000953,C0042,2026-07-27,12596.4,Card,Paid,TXN0000953
O000954,C0422,2026-07-27,3596.4,Card,Paid,TXN0000954
O000955,C0324,2025-12-20,3149.1,Card,Failed,TXN0000955
O000956,C0181,2025-01-28,5116.8,Net Banking,Paid,TXN0000956
O000957,C0033,2025-02-12,4676.4,UPI,Paid,TXN0000957
O000958,C0071,2026-02-27,2277.15,COD,Paid,TXN0000958
O000959,C0056,2025-06-26,5756.4,Card,Paid,TXN0000959
O000960,C0105,2026-06-13,949.05,UPI,Paid,TXN0000960
O000961,C0200,2026-05-09,8996.4,Card,Paid,TXN0000961
O000962,C0101,2025-07-17,1078.2,COD,Paid,TXN0000962
O000963,C0256,2026-07-31,3908.3,Card,Paid,TXN0000963
O000964,C0307,2026-06-01,7196.4,COD,Paid,TXN0000964
O000965,C0074,2026-05-29,6998.0,UPI,Paid,TXN0000965
O000966,C0171,2025-01-22,3198.0,Card,Paid,TXN0000966
O000967,C0377,2025-04-22,2184.05,UPI,Paid,TXN0000967
O000968,C0143,2025-02-26,1797.0,UPI,Paid,TXN0000968
O000969,C0166,2025-03-07,6648.1,Card,Paid,TXN0000969
O000970,C0399,2025-04-08,3038.1,Card,Failed,TXN0000970
O000971,C0261,2025-05-24,2847.15,UPI,Paid,TXN0000971
O000972,C0221,2026-03-11,8397.6,UPI,Failed,TXN0000972
O000973,C0083,2025-03-27,3038.1,Card,Paid,TXN0000973
O000974,C0182,2026-08-11,9496.2,Card,Paid,TXN0000974
O000975,C0307,2025-12-10,1198.0,UPI,Paid,TXN0000975
O000976,C0010,2025-10-21,3596.4,UPI,Paid,TXN0000976
O000977,C0396,2026-07-25,9196.0,COD,Paid,TXN0000977
O000978,C0004,2025-08-31,8276.4,COD,Paid,TXN0000978
O000979,C0351,2026-07-15,5997.0,UPI,Paid,TXN0000979
O000980,C0402,2025-02-01,2518.2,UPI,Paid,TXN0000980
O000981,C0336,2026-01-26,2208.3,UPI,Paid,TXN0000981
O000982,C0488,2025-10-04,2499.0,COD,Paid,TXN0000982
O000983,C0292,2026-06-16,2847.15,COD,Paid,TXN0000983
O000984,C0281,2025-06-03,3324.05,UPI,Paid,TXN0000984
O000985,C0215,2026-01-18,1954.15,COD,Paid,TXN0000985
O000986,C0460,2025-03-09,3036.2,UPI,Paid,TXN0000986
O000987,C0098,2025-08-02,1617.3,UPI,Paid,TXN0000987
O000988,C0420,2026-01-11,2124.15,COD,Paid,TXN0000988
O000989,C0101,2025-08-01,1798.2,COD,Paid,TXN0000989
O000990,C0451,2025-03-20,949.05,COD,Failed,TXN0000990
O000991,C0009,2026-01-16,10497.0,Card,Paid,TXN0000991
O000992,C0061,2025-02-27,1798.2,UPI,Paid,TXN0000992
O000993,C0309,2025-01-26,3058.3,COD,Paid,TXN0000993
O000994,C0146,2026-03-23,3998.4,Card,Paid,TXN0000994
O000995,C0427,2025-03-07,5116.8,UPI,Paid,TXN0000995
O000996,C0419,2025-09-11,3908.3,Card,Paid,TXN0000996
O000997,C0063,2025-02-13,8276.4,COD,Paid,TXN0000997
O000998,C0121,2025-04-07,5436.6,COD,Paid,TXN0000998
O000999,C0226,2026-07-08,2374.05,Card,Paid,TXN0000999
O001000,C0105,2025-08-15,1169.1,Card,Paid,TXN0001000
O001001,C0462,2026-03-12,1518.1,UPI,Paid,TXN0001001
O001002,C0260,2026-01-14,7122.15,Card,Paid,TXN0001002
O001003,C0349,2025-06-27,15298.3,Card,Paid,TXN0001003
O001004,C0425,2026-03-03,949.05,UPI,Paid,TXN0001004
O001005,C0255,2025-11-03,2798.0,COD,Paid,TXN0001005
O001006,C0429,2026-05-19,3499.0,Net Banking,Paid,TXN0001006
O001007,C0434,2025-09-25,3058.3,UPI,Paid,TXN0001007
O001008,C0207,2026-08-09,3777.3,COD,Paid,TXN0001008
O001009,C0028,2025-01-08,2878.2,Card,Paid,TXN0001009
O001010,C0170,2026-05-23,9972.15,Card,Paid,TXN0001010
O001011,C0336,2026-04-21,9972.15,COD,Paid,TXN0001011
O001012,C0076,2025-10-24,1598.0,UPI,Paid,TXN0001012
O001013,C0116,2025-06-13,9972.15,COD,Paid,TXN0001013
O001014,C0069,2026-04-30,5862.45,UPI,Failed,TXN0001014
O001015,C0354,2025-03-13,1709.05,COD,Paid,TXN0001015
O001016,C0234,2026-07-21,2184.05,Card,Paid,TXN0001016
O001017,C0001,2026-07-13,2997.0,UPI,Paid,TXN0001017
O001018,C0167,2025-08-26,34196.2,UPI,Paid,TXN0001018
O001019,C0352,2025-04-14,3998.0,UPI,Paid,TXN0001019
O001020,C0218,2025-07-29,2157.3,UPI,Paid,TXN0001020
O001021,C0273,2026-07-08,3238.2,UPI,Paid,TXN0001021
O001022,C0368,2026-04-13,1189.15,COD,Paid,TXN0001022
O001023,C0251,2026-03-30,1078.2,COD,Paid,TXN0001023
O001024,C0347,2025-09-25,2847.15,Net Banking,Paid,TXN0001024
O001025,C0344,2026-01-21,6747.3,COD,Paid,TXN0001025
O001026,C0419,2026-01-22,4317.3,COD,Failed,TXN0001026
O001027,C0174,2025-09-16,26997.0,UPI,Paid,TXN0001027
O001028,C0170,2025-10-10,3596.4,COD,Paid,TXN0001028
O001029,C0246,2025-02-09,7996.8,COD,Failed,TXN0001029
O001030,C0423,2026-05-01,34196.2,UPI,Paid,TXN0001030
O001031,C0090,2025-08-08,6747.3,Card,Paid,TXN0001031
O001032,C0049,2025-05-09,6116.6,Card,Paid,TXN0001032
O001033,C0446,2026-06-04,1438.2,COD,Paid,TXN0001033
O001034,C0294,2025-09-17,1617.3,Card,Paid,TXN0001034
O001035,C0407,2026-01-01,2374.05,Net Banking,Paid,TXN0001035
O001036,C0150,2026-06-28,25647.15,UPI,Paid,TXN0001036
O001037,C0132,2026-06-08,4498.2,UPI,Paid,TXN0001037
O001038,C0433,2025-01-16,2156.4,Net Banking,Paid,TXN0001038
O001039,C0059,2025-05-09,3357.6,UPI,Failed,TXN0001039
O001040,C0457,2026-07-29,3996.0,UPI,Paid,TXN0001040
O001041,C0324,2025-04-19,25647.15,Card,Failed,TXN0001041
O001042,C0199,2026-06-17,2658.1,COD,Paid,TXN0001042
O001043,C0215,2025-09-26,7497.0,UPI,Paid,TXN0001043
O001044,C0386,2025-06-11,9496.2,UPI,Paid,TXN0001044
O001045,C0049,2025-09-17,13296.2,Card,Paid,TXN0001045
O001046,C0472,2025-04-12,17098.1,Card,Paid,TXN0001046
O001047,C0232,2026-05-21,5127.15,UPI,Paid,TXN0001047
O001048,C0247,2026-07-25,2374.05,COD,Paid,TXN0001048
O001049,C0382,2025-09-04,3837.6,COD,Paid,TXN0001049
O001050,C0479,2026-06-21,3908.3,COD,Paid,TXN0001050
O001051,C0239,2025-05-11,1999.0,UPI,Paid,TXN0001051
O001052,C0415,2025-12-19,3908.3,Card,Paid,TXN0001052
O001053,C0367,2025-07-15,4857.3,Net Banking,Paid,TXN0001053
O001054,C0168,2026-01-17,849.15,Card,Paid,TXN0001054
O001055,C0048,2025-08-15,1518.1,UPI,Paid,TXN0001055
O001056,C0051,2026-04-21,4936.2,Net Banking,Paid,TXN0001056
O001057,C0299,2026-04-22,1359.15,Card,Paid,TXN0001057
O001058,C0098,2025-09-22,1234.05,COD,Paid,TXN0001058
O001059,C0439,2026-01-07,3998.4,UPI,Pending,TXN0001059
O001060,C0216,2026-05-01,2036.6,Card,Paid,TXN0001060
O001061,C0177,2026-03-10,799.2,COD,Paid,TXN0001061
O001062,C0380,2025-07-30,2658.1,Card,Failed,TXN0001062
O001063,C0474,2026-07-26,2499.0,UPI,Failed,TXN0001063
O001064,C0080,2026-01-12,1234.05,UPI,Paid,TXN0001064
O001065,C0185,2026-01-30,1999.2,UPI,Paid,TXN0001065
O001066,C0367,2026-03-26,7596.2,UPI,Paid,TXN0001066
O001067,C0461,2025-12-30,9447.3,Card,Paid,TXN0001067
O001068,C0399,2026-04-02,5697.15,UPI,Paid,TXN0001068
O001069,C0027,2025-08-14,3796.2,UPI,Paid,TXN0001069
O001070,C0452,2025-05-11,2396.0,UPI,Paid,TXN0001070
O001071,C0464,2026-08-11,2518.2,Card,Pending,TXN0001071
O001072,C0448,2026-04-21,1699.15,Card,Paid,TXN0001072
O001073,C0478,2025-10-04,35996.0,Card,Paid,TXN0001073
O001074,C0492,2025-06-05,2378.3,COD,Paid,TXN0001074
O001075,C0414,2025-08-06,1617.3,UPI,Paid,TXN0001075
O001076,C0420,2025-07-09,3507.3,Card,Paid,TXN0001076
O001077,C0195,2026-02-21,5397.3,UPI,Paid,TXN0001077
O001078,C0214,2026-06-30,9972.15,UPI,Paid,TXN0001078
O001079,C0369,2025-02-10,2658.1,Card,Paid,TXN0001079
O001080,C0342,2025-11-03,2124.15,COD,Paid,TXN0001080
O001081,C0114,2025-12-04,6648.1,UPI,Paid,TXN0001081
O001082,C0242,2025-11-10,2374.05,UPI,Paid,TXN0001082
O001083,C0124,2025-03-16,1797.0,Card,Paid,TXN0001083
O001084,C0305,2025-10-06,7196.4,Card,Paid,TXN0001084
O001085,C0076,2025-06-25,6076.2,UPI,Paid,TXN0001085
O001086,C0311,2025-09-30,5756.4,Card,Paid,TXN0001086
O001087,C0469,2025-10-16,1299.0,Net Banking,Paid,TXN0001087
O001088,C0312,2025-09-29,8397.6,UPI,Failed,TXN0001088
O001089,C0196,2025-03-07,4748.1,UPI,Paid,TXN0001089
O001090,C0351,2026-04-28,6476.4,UPI,Paid,TXN0001090
O001091,C0044,2025-09-05,3149.1,Card,Pending,TXN0001091
O001092,C0415,2025-06-05,30596.6,UPI,Paid,TXN0001092
O001093,C0186,2025-02-16,2468.1,Net Banking,Paid,TXN0001093
O001094,C0343,2026-03-30,5862.45,Card,Paid,TXN0001094
O001095,C0246,2025-07-20,4368.1,UPI,Paid,TXN0001095
O001096,C0437,2025-05-04,7122.15,UPI,Paid,TXN0001096
O001097,C0084,2025-01-01,4317.3,Card,Paid,TXN0001097
O001098,C0207,2025-07-10,3567.45,UPI,Paid,TXN0001098
O001099,C0151,2026-08-02,32396.4,COD,Paid,TXN0001099
O001100,C0156,2026-05-31,3908.3,Card,Paid,TXN0001100
O001101,C0016,2026-03-18,9496.2,UPI,Failed,TXN0001101
O001102,C0165,2025-05-23,3998.4,Card,Paid,TXN0001102
O001103,C0405,2025-07-10,1999.0,UPI,Paid,TXN0001103
O001104,C0463,2026-06-17,1439.1,Card,Paid,TXN0001104
O001105,C0145,2025-08-15,6298.2,UPI,Paid,TXN0001105
O001106,C0498,2025-11-09,2658.1,Card,Failed,TXN0001106
O001107,C0037,2025-10-29,3798.1,Card,Paid,TXN0001107
O001108,C0333,2026-04-05,4138.2,Card,Paid,TXN0001108
O001109,C0403,2026-02-05,4197.0,Card,Paid,TXN0001109
O001110,C0414,2026-07-05,4936.2,UPI,Paid,TXN0001110
O001111,C0045,2026-01-28,4797.0,Card,Paid,TXN0001111
O001112,C0402,2025-07-26,8276.4,Card,Paid,TXN0001112
O001113,C0206,2025-07-29,2396.0,Card,Paid,TXN0001113
O001114,C0062,2025-04-25,9996.0,Net Banking,Paid,TXN0001114
O001115,C0420,2025-09-08,6897.0,UPI,Paid,TXN0001115
O001116,C0356,2025-08-07,3418.1,Card,Paid,TXN0001116
O001117,C0468,2026-02-11,2547.45,UPI,Paid,TXN0001117
O001118,C0308,2026-03-19,1437.6,Card,Paid,TXN0001118
O001119,C0019,2025-12-20,3996.0,COD,Pending,TXN0001119
O001120,C0365,2026-07-12,2069.1,UPI,Paid,TXN0001120
O001121,C0300,2026-07-04,1619.1,COD,Paid,TXN0001121
O001122,C0007,2025-05-22,6207.3,UPI,Paid,TXN0001122
O001123,C0249,2026-05-16,3596.4,Card,Paid,TXN0001123
O001124,C0428,2026-07-01,5997.0,COD,Paid,TXN0001124
O001125,C0117,2026-06-26,3702.15,UPI,Failed,TXN0001125
O001126,C0068,2026-05-22,1898.1,COD,Paid,TXN0001126
O001127,C0034,2025-10-08,5196.0,UPI,Paid,TXN0001127
O001128,C0194,2026-02-28,2249.1,COD,Paid,TXN0001128
O001129,C0325,2025-09-27,1234.05,Card,Paid,TXN0001129
O001130,C0055,2025-06-03,1899.05,Card,Paid,TXN0001130
O001131,C0266,2025-03-24,5127.15,COD,Paid,TXN0001131
O001132,C0480,2026-03-02,4416.6,UPI,Paid,TXN0001132
O001133,C0042,2025-10-02,2378.3,UPI,Paid,TXN0001133
O001134,C0297,2025-10-11,3149.1,COD,Paid,TXN0001134
O001135,C0461,2025-06-22,3796.2,UPI,Paid,TXN0001135
O001136,C0231,2025-11-23,1619.1,Card,Paid,TXN0001136
O001137,C0453,2025-03-04,17098.1,Net Banking,Paid,TXN0001137
O001138,C0378,2025-03-14,3196.0,Card,Paid,TXN0001138
O001139,C0394,2026-01-10,7122.15,UPI,Paid,TXN0001139
O001140,C0010,2026-05-23,9447.3,UPI,Paid,TXN0001140
O001141,C0358,2026-02-02,1259.1,UPI,Paid,TXN0001141
O001142,C0475,2025-04-30,1279.2,UPI,Paid,TXN0001142
O001143,C0444,2026-03-13,6796.6,UPI,Paid,TXN0001143
O001144,C0128,2026-04-10,4598.0,COD,Paid,TXN0001144
O001145,C0179,2025-10-13,3499.0,UPI,Paid,TXN0001145
O001146,C0405,2025-09-22,7196.0,Net Banking,Paid,TXN0001146
O001147,C0392,2025-11-16,3238.2,COD,Pending,TXN0001147
O001148,C0193,2026-01-11,1619.1,COD,Paid,TXN0001148
O001149,C0092,2025-03-30,1999.2,UPI,Paid,TXN0001149
O001150,C0369,2025-07-22,4676.4,Card,Paid,TXN0001150
O001151,C0231,2025-11-30,849.15,UPI,Paid,TXN0001151
O001152,C0078,2025-08-10,4317.3,UPI,Paid,TXN0001152
O001153,C0085,2025-02-10,3908.3,Card,Paid,TXN0001153
O001154,C0030,2025-03-09,3238.2,COD,Paid,TXN0001154
O001155,C0213,2026-05-29,6207.3,UPI,Paid,TXN0001155
O001156,C0049,2025-05-07,32396.4,UPI,Paid,TXN0001156
O001157,C0265,2025-09-12,6747.3,UPI,Paid,TXN0001157
O001158,C0145,2025-01-16,1707.15,COD,Paid,TXN0001158
O001159,C0069,2026-04-22,3598.0,Net Banking,Paid,TXN0001159
O001160,C0058,2025-03-03,35996.0,UPI,Paid,TXN0001160
O001161,C0185,2026-03-08,1519.05,UPI,Paid,TXN0001161
O001162,C0062,2025-09-25,4317.3,COD,Paid,TXN0001162
O001163,C0479,2025-02-04,2997.0,UPI,Paid,TXN0001163
O001164,C0308,2026-07-30,5316.2,Card,Paid,TXN0001164
O001165,C0445,2026-05-09,2847.15,UPI,Paid,TXN0001165
O001166,C0296,2026-07-16,4676.4,Card,Paid,TXN0001166
O001167,C0166,2026-04-14,2184.05,Card,Paid,TXN0001167
O001168,C0171,2025-11-21,7996.0,COD,Failed,TXN0001168
O001169,C0063,2025-10-31,1599.0,UPI,Paid,TXN0001169
O001170,C0147,2025-10-03,7996.0,UPI,Paid,TXN0001170
O001171,C0484,2025-07-20,6372.45,UPI,Paid,TXN0001171
O001172,C0306,2026-03-21,3324.05,Card,Paid,TXN0001172
O001173,C0161,2025-11-20,4857.3,COD,Paid,TXN0001173
O001174,C0141,2025-02-04,2249.1,COD,Paid,TXN0001174
O001175,C0334,2026-04-27,2556.8,UPI,Failed,TXN0001175
O001176,C0097,2026-04-25,6076.2,COD,Paid,TXN0001176
O001177,C0446,2025-03-06,35996.0,UPI,Paid,TXN0001177
O001178,C0221,2025-01-08,4598.0,UPI,Paid,TXN0001178
O001179,C0043,2025-10-28,3998.0,COD,Paid,TXN0001179
O001180,C0433,2025-12-09,899.1,UPI,Paid,TXN0001180
O001181,C0292,2026-03-07,6998.0,UPI,Paid,TXN0001181
O001182,C0378,2026-02-28,5596.0,UPI,Paid,TXN0001182
O001183,C0108,2025-11-28,4248.3,Card,Paid,TXN0001183
O001184,C0266,2026-03-14,2518.2,Card,Paid,TXN0001184
O001185,C0095,2026-08-11,1797.0,UPI,Failed,TXN0001185
O001186,C0262,2025-06-23,799.0,COD,Paid,TXN0001186
O001187,C0313,2026-07-13,1999.0,COD,Paid,TXN0001187
O001188,C0385,2026-06-11,1599.2,COD,Paid,TXN0001188
O001189,C0071,2025-01-26,3058.3,Card,Paid,TXN0001189
O001190,C0442,2026-02-10,30596.6,UPI,Pending,TXN0001190
O001191,C0219,2025-08-20,1437.6,UPI,Paid,TXN0001191
O001192,C0021,2026-06-17,8099.1,COD,Paid,TXN0001192
O001193,C0092,2026-07-04,2598.0,COD,Paid,TXN0001193
O001194,C0127,2026-05-20,3796.2,Net Banking,Paid,TXN0001194
O001195,C0080,2025-06-28,4317.3,UPI,Paid,TXN0001195
O001196,C0312,2025-05-12,4077.45,UPI,Paid,TXN0001196
O001197,C0238,2026-03-31,1899.05,UPI,Paid,TXN0001197
O001198,C0471,2025-12-14,2249.1,UPI,Paid,TXN0001198
O001199,C0372,2026-06-24,7356.8,Card,Paid,TXN0001199
O001200,C0404,2026-02-10,3198.0,Net Banking,Paid,TXN0001200
O001201,C0486,2025-03-17,2716.6,Card,Paid,TXN0001201
O001202,C0182,2026-08-02,599.0,Card,Paid,TXN0001202
O001203,C0025,2026-05-07,3036.2,Card,Paid,TXN0001203
O001204,C0156,2025-07-13,1598.0,UPI,Paid,TXN0001204
O001205,C0005,2025-06-11,4317.3,COD,Paid,TXN0001205
O001206,C0120,2025-12-13,6747.3,Card,Paid,TXN0001206
O001207,C0277,2025-12-27,2847.15,UPI,Paid,TXN0001207
O001208,C0018,2026-08-07,8922.45,Card,Paid,TXN0001208
O001209,C0431,2025-03-28,8099.1,Card,Pending,TXN0001209
O001210,C0198,2025-09-19,1619.1,UPI,Paid,TXN0001210
O001211,C0057,2025-08-02,3598.0,UPI,Failed,TXN0001211
O001212,C0093,2026-07-27,3058.3,UPI,Paid,TXN0001212
O001213,C0019,2025-09-19,1598.0,UPI,Paid,TXN0001213
O001214,C0384,2025-10-10,4998.0,UPI,Paid,TXN0001214
O001215,C0353,2026-04-12,2396.0,Card,Paid,TXN0001215
O001216,C0193,2026-01-15,3418.1,Card,Paid,TXN0001216
O001217,C0237,2025-12-28,5097.45,Card,Pending,TXN0001217
O001218,C0387,2026-03-25,3702.15,Net Banking,Paid,TXN0001218
O001219,C0426,2026-03-17,2277.15,Card,Paid,TXN0001219
O001220,C0277,2025-04-03,8496.6,Card,Paid,TXN0001220
O001221,C0227,2026-02-28,4498.2,COD,Paid,TXN0001221
O001222,C0233,2025-05-22,1527.45,Card,Paid,TXN0001222
O001223,C0040,2025-10-18,26997.0,UPI,Paid,TXN0001223
O001224,C0323,2026-03-08,4857.3,UPI,Paid,TXN0001224
O001225,C0153,2025-02-18,4197.0,Card,Paid,TXN0001225
O001226,C0127,2025-10-29,2799.2,Card,Paid,TXN0001226
O001227,C0237,2025-07-09,1438.2,Net Banking,Paid,TXN0001227
O001228,C0486,2025-05-16,2338.2,Card,Paid,TXN0001228
O001229,C0493,2026-07-09,9996.0,COD,Paid,TXN0001229
O001230,C0055,2026-02-08,1234.05,UPI,Paid,TXN0001230
O001231,C0468,2025-12-07,9996.0,Card,Paid,TXN0001231
O001232,C0436,2025-11-14,2847.15,COD,Paid,TXN0001232
O001233,C0172,2025-12-29,34196.2,UPI,Paid,TXN0001233
O001234,C0109,2026-01-17,5397.3,UPI,Paid,TXN0001234
O001235,C0354,2025-08-21,2997.0,UPI,Paid,TXN0001235
O001236,C0469,2025-12-10,3908.3,COD,Paid,TXN0001236
O001237,C0184,2026-07-03,3598.0,UPI,Paid,TXN0001237
O001238,C0439,2026-07-07,4598.0,Card,Paid,TXN0001238
O001239,C0368,2026-06-13,5948.3,UPI,Paid,TXN0001239
O001240,C0471,2026-07-25,2518.2,Card,Pending,TXN0001240
O001241,C0198,2025-07-02,1899.05,Net Banking,Paid,TXN0001241
O001242,C0371,2025-02-10,1998.0,UPI,Paid,TXN0001242
O001243,C0373,2026-07-05,4676.4,UPI,Paid,TXN0001243
O001244,C0461,2026-02-01,3702.15,Card,Paid,TXN0001244
O001245,C0497,2026-05-09,6648.1,Card,Paid,TXN0001245
O001246,C0087,2025-11-29,2249.1,UPI,Paid,TXN0001246
O001247,C0201,2025-05-07,4936.2,Card,Paid,TXN0001247
O001248,C0337,2026-07-12,7196.0,Net Banking,Paid,TXN0001248
O001249,C0322,2026-07-11,3357.6,UPI,Failed,TXN0001249
O001250,C0275,2025-01-01,30596.6,UPI,Paid,TXN0001250
O001251,C0211,2025-06-17,7196.0,Card,Paid,TXN0001251
O001252,C0391,2025-01-19,5036.4,Card,Paid,TXN0001252
O001253,C0118,2025-11-28,3196.0,UPI,Paid,TXN0001253
O001254,C0191,2026-08-07,2974.15,Card,Paid,TXN0001254
O001255,C0042,2026-04-01,4857.3,Net Banking,Paid,TXN0001255
O001256,C0042,2025-04-19,17998.0,UPI,Paid,TXN0001256
O001257,C0315,2025-09-25,35996.0,Card,Paid,TXN0001257
O001258,C0276,2026-03-21,799.0,UPI,Failed,TXN0001258
O001259,C0329,2025-08-28,4317.3,Card,Paid,TXN0001259
O001260,C0017,2025-10-28,1078.2,Card,Paid,TXN0001260
O001261,C0283,2025-04-13,7497.0,Card,Paid,TXN0001261
O001262,C0431,2025-09-07,3499.0,Card,Paid,TXN0001262
O001263,C0258,2026-03-29,759.05,UPI,Paid,TXN0001263
O001264,C0063,2026-06-04,1799.0,COD,Pending,TXN0001264
O001265,C0062,2025-06-02,7596.2,Card,Paid,TXN0001265
O001266,C0100,2025-06-23,1799.1,UPI,Failed,TXN0001266
O001267,C0019,2025-12-09,6298.2,Net Banking,Paid,TXN0001267
O001268,C0017,2026-03-07,1916.8,UPI,Paid,TXN0001268
O001269,C0325,2025-11-20,4317.6,Card,Paid,TXN0001269
O001270,C0423,2026-02-24,1798.2,UPI,Paid,TXN0001270
O001271,C0466,2026-04-30,3596.4,Card,Paid,TXN0001271
O001272,C0373,2026-02-16,1999.2,UPI,Paid,TXN0001272
O001273,C0246,2025-03-25,5397.0,UPI,Paid,TXN0001273
O001274,C0251,2025-04-23,8999.0,UPI,Paid,TXN0001274
O001275,C0455,2025-11-28,2598.0,Card,Paid,TXN0001275
O001276,C0081,2026-01-13,3598.2,Card,Paid,TXN0001276
O001277,C0039,2025-02-10,2036.6,Card,Paid,TXN0001277
O001278,C0036,2025-04-15,3418.1,COD,Paid,TXN0001278
O001279,C0424,2025-07-21,4857.3,COD,Paid,TXN0001279
O001280,C0429,2026-03-26,4676.4,Card,Paid,TXN0001280
O001281,C0388,2025-09-23,3897.0,Card,Paid,TXN0001281
O001282,C0486,2025-07-29,1329.05,UPI,Paid,TXN0001282
O001283,C0409,2026-07-17,2397.0,COD,Paid,TXN0001283
O001284,C0197,2025-04-28,4797.0,COD,Paid,TXN0001284
O001285,C0158,2026-01-12,4248.3,UPI,Paid,TXN0001285
O001286,C0204,2026-07-05,1699.15,Card,Paid,TXN0001286
O001287,C0196,2026-06-24,2208.3,COD,Paid,TXN0001287
O001288,C0216,2025-03-25,899.1,UPI,Paid,TXN0001288
O001289,C0285,2026-03-30,2974.15,UPI,Paid,TXN0001289
O001290,C0457,2026-05-29,2697.3,UPI,Paid,TXN0001290
O001291,C0196,2026-01-22,2518.2,UPI,Paid,TXN0001291
O001292,C0307,2025-12-16,3777.3,UPI,Paid,TXN0001292
O001293,C0152,2025-10-23,3507.3,UPI,Paid,TXN0001293
O001294,C0014,2025-09-15,3987.15,UPI,Paid,TXN0001294
O001295,C0325,2025-03-22,719.1,COD,Paid,TXN0001295
O001296,C0146,2025-09-25,17098.1,UPI,Paid,TXN0001296
O001297,C0426,2026-02-23,4138.2,Card,Paid,TXN0001297
O001298,C0057,2025-08-23,5127.15,UPI,Pending,TXN0001298
O001299,C0211,2025-11-07,1709.05,UPI,Paid,TXN0001299
O001300,C0268,2025-12-23,2078.4,Net Banking,Paid,TXN0001300
O001301,C0210,2025-08-01,5316.2,COD,Paid,TXN0001301
O001302,C0017,2026-07-28,6648.1,Card,Paid,TXN0001302
O001303,C0286,2025-02-18,26997.0,Card,Paid,TXN0001303
O001304,C0344,2025-05-07,8496.6,Card,Paid,TXN0001304
O001305,C0203,2025-08-11,1259.1,UPI,Paid,TXN0001305
O001306,C0099,2025-10-06,32396.4,UPI,Paid,TXN0001306
O001307,C0279,2026-02-12,5436.6,UPI,Paid,TXN0001307
O001308,C0209,2026-05-20,7122.15,Net Banking,Paid,TXN0001308
O001309,C0129,2025-10-21,3598.0,UPI,Paid,TXN0001309
O001310,C0335,2025-10-04,1599.0,Card,Paid,TXN0001310
O001311,C0288,2026-03-14,4676.4,UPI,Paid,TXN0001311
O001312,C0252,2025-04-17,5397.3,UPI,Paid,TXN0001312
O001313,C0265,2026-02-24,2598.0,Card,Paid,TXN0001313
O001314,C0271,2026-03-05,13996.0,UPI,Paid,TXN0001314
O001315,C0412,2026-01-10,2397.0,COD,Pending,TXN0001315
O001316,C0408,2025-03-14,24297.3,UPI,Paid,TXN0001316
O001317,C0188,2025-01-30,2397.0,UPI,Paid,TXN0001317
O001318,C0419,2025-07-07,1999.0,Card,Paid,TXN0001318
O001319,C0214,2025-12-30,1518.1,COD,Paid,TXN0001319
O001320,C0283,2026-03-27,8996.4,UPI,Paid,TXN0001320
O001321,C0211,2025-07-14,4498.2,Card,Paid,TXN0001321
O001322,C0365,2025-06-05,1138.1,COD,Paid,TXN0001322
O001323,C0076,2025-06-21,5756.4,UPI,Paid,TXN0001323
O001324,C0148,2025-02-10,6298.2,COD,Paid,TXN0001324
O001325,C0321,2025-03-04,1439.2,UPI,Paid,TXN0001325
O001326,C0213,2025-01-23,3196.0,UPI,Paid,TXN0001326
O001327,C0433,2025-12-26,5036.4,Card,Paid,TXN0001327
O001328,C0109,2025-03-16,3987.15,UPI,Paid,TXN0001328
O001329,C0129,2026-07-14,3998.0,Card,Paid,TXN0001329
O001330,C0010,2025-04-28,12596.4,Card,Pending,TXN0001330
O001331,C0047,2026-01-15,13296.2,UPI,Paid,TXN0001331
O001332,C0379,2025-10-17,2374.05,COD,Paid,TXN0001332
O001333,C0315,2026-03-16,5127.15,Card,Paid,TXN0001333
O001334,C0096,2025-01-07,35996.0,Card,Paid,TXN0001334
O001335,C0446,2025-07-15,1709.05,UPI,Paid,TXN0001335
O001336,C0103,2026-02-25,3796.2,UPI,Paid,TXN0001336
O001337,C0380,2026-07-22,12596.4,Card,Paid,TXN0001337
O001338,C0342,2025-07-12,4416.6,COD,Paid,TXN0001338
O001339,C0146,2026-07-13,2299.0,UPI,Paid,TXN0001339
O001340,C0368,2025-05-28,6298.2,Card,Paid,TXN0001340
O001341,C0430,2025-07-21,6796.6,Card,Paid,TXN0001341
O001342,C0416,2026-03-20,3196.0,UPI,Paid,TXN0001342
O001343,C0027,2026-02-23,2468.1,COD,Paid,TXN0001343
O001344,C0220,2026-03-03,6796.6,UPI,Failed,TXN0001344
O001345,C0018,2026-04-24,4317.3,UPI,Paid,TXN0001345
O001346,C0167,2026-04-20,9196.0,UPI,Paid,TXN0001346
O001347,C0433,2025-05-06,6552.15,UPI,Pending,TXN0001347
O001348,C0477,2026-01-30,4498.2,UPI,Paid,TXN0001348
O001349,C0082,2026-07-30,2799.2,COD,Paid,TXN0001349
O001350,C0428,2025-11-21,4998.0,COD,Paid,TXN0001350
O001351,C0072,2026-01-27,4476.8,UPI,Paid,TXN0001351
O001352,C0310,2026-03-16,5697.15,COD,Paid,TXN0001352
O001353,C0479,2025-07-23,999.0,Card,Paid,TXN0001353
O001354,C0254,2026-05-01,3796.2,UPI,Paid,TXN0001354
O001355,C0162,2025-01-31,1259.1,UPI,Paid,TXN0001355
O001356,C0327,2026-01-23,1599.0,UPI,Paid,TXN0001356
O001357,C0420,2026-03-10,3796.2,UPI,Paid,TXN0001357
O001358,C0402,2026-01-11,3398.3,COD,Failed,TXN0001358
O001359,C0038,2025-12-10,3196.8,Card,Paid,TXN0001359
O001360,C0443,2026-03-19,5316.2,COD,Paid,TXN0001360
O001361,C0393,2026-08-02,2598.0,COD,Paid,TXN0001361
O001362,C0201,2025-03-16,2037.45,UPI,Paid,TXN0001362
O001363,C0494,2026-07-11,2876.4,COD,Paid,TXN0001363
O001364,C0200,2025-06-04,2499.0,UPI,Failed,TXN0001364
O001365,C0255,2026-03-06,1916.8,UPI,Paid,TXN0001365
O001366,C0179,2025-12-29,35996.0,Card,Paid,TXN0001366
O001367,C0035,2026-03-24,1799.1,UPI,Paid,TXN0001367
O001368,C0082,2025-08-22,4748.1,UPI,Paid,TXN0001368
O001369,C0389,2026-07-17,6207.3,Card,Paid,TXN0001369
O001370,C0398,2025-09-19,1797.0,COD,Paid,TXN0001370
O001371,C0220,2025-05-05,1619.1,UPI,Paid,TXN0001371
O001372,C0158,2025-09-02,1598.4,UPI,Paid,TXN0001372
O001373,C0004,2026-06-26,3796.2,Card,Paid,TXN0001373
O001374,C0167,2026-04-30,5756.4,Card,Paid,TXN0001374
O001375,C0468,2025-05-02,3196.0,UPI,Paid,TXN0001375
O001376,C0448,2025-05-05,8496.6,COD,Failed,TXN0001376
O001377,C0409,2026-07-03,5756.8,Card,Paid,TXN0001377
O001378,C0412,2025-06-19,679.15,Card,Pending,TXN0001378
O001379,C0204,2025-05-04,3596.4,COD,Paid,TXN0001379
O001380,C0194,2025-02-04,7356.8,COD,Paid,TXN0001380
O001381,C0235,2025-03-28,3198.0,UPI,Paid,TXN0001381
O001382,C0206,2025-07-20,9496.2,UPI,Paid,TXN0001382
O001383,C0150,2026-01-04,4317.3,COD,Paid,TXN0001383
O001384,C0159,2025-03-18,2374.05,Net Banking,Failed,TXN0001384
O001385,C0279,2025-02-28,2974.15,Card,Paid,TXN0001385
O001386,C0304,2026-03-07,3149.1,UPI,Paid,TXN0001386
O001387,C0404,2026-05-15,2397.0,Card,Paid,TXN0001387
O001388,C0381,2025-04-19,5316.2,UPI,Paid,TXN0001388
O001389,C0166,2025-10-05,1899.05,Net Banking,Paid,TXN0001389
O001390,C0311,2025-03-09,4317.3,Card,Paid,TXN0001390
O001391,C0068,2025-03-10,2658.1,Net Banking,Paid,TXN0001391
O001392,C0463,2025-06-14,6396.0,Card,Paid,TXN0001392
O001393,C0088,2026-05-04,2697.3,Net Banking,Paid,TXN0001393
O001394,C0217,2025-11-01,30596.6,UPI,Paid,TXN0001394
O001395,C0001,2025-12-31,2558.4,COD,Paid,TXN0001395
O001396,C0135,2026-01-14,2397.6,Net Banking,Paid,TXN0001396
O001397,C0185,2025-12-09,6116.6,Card,Paid,TXN0001397
O001398,C0351,2026-07-08,10497.0,Card,Paid,TXN0001398
O001399,C0140,2025-12-20,1189.15,UPI,Paid,TXN0001399
O001400,C0106,2026-02-20,2276.2,Card,Paid,TXN0001400
O001401,C0133,2025-04-19,24297.3,COD,Paid,TXN0001401
O001402,C0108,2026-07-17,2069.1,UPI,Paid,TXN0001402
O001403,C0178,2026-05-12,5948.3,COD,Paid,TXN0001403
O001404,C0298,2025-12-07,5316.2,Card,Pending,TXN0001404
O001405,C0358,2026-01-18,3196.0,UPI,Paid,TXN0001405
O001406,C0380,2026-06-17,16198.2,UPI,Paid,TXN0001406
O001407,C0396,2025-10-27,2299.0,Card,Paid,TXN0001407
O001408,C0359,2025-05-19,2078.4,UPI,Paid,TXN0001408
O001409,C0146,2025-12-25,3596.4,COD,Failed,TXN0001409
O001410,C0450,2026-05-14,3507.3,Card,Paid,TXN0001410
O001411,C0074,2026-01-20,479.2,UPI,Paid,TXN0001411
O001412,C0463,2025-10-07,899.1,UPI,Paid,TXN0001412
O001413,C0478,2026-04-28,2374.05,Card,Paid,TXN0001413
O001414,C0108,2025-04-21,3798.1,Card,Failed,TXN0001414
O001415,C0122,2025-05-19,16198.2,UPI,Paid,TXN0001415
O001416,C0017,2026-03-11,3312.45,Card,Paid,TXN0001416
O001417,C0196,2026-05-24,5097.45,COD,Paid,TXN0001417
O001418,C0327,2025-09-30,7199.2,UPI,Paid,TXN0001418
O001419,C0318,2025-04-09,4197.0,UPI,Paid,TXN0001419
O001420,C0297,2025-04-14,1518.1,Net Banking,Paid,TXN0001420
O001421,C0479,2025-08-02,7497.0,UPI,Paid,TXN0001421
O001422,C0499,2025-06-14,2378.3,COD,Paid,TXN0001422
O001423,C0252,2026-06-04,2997.0,UPI,Paid,TXN0001423
O001424,C0487,2025-10-11,3196.0,UPI,Paid,TXN0001424
O001425,C0119,2026-06-01,1078.2,UPI,Paid,TXN0001425
O001426,C0162,2025-06-13,7596.2,UPI,Paid,TXN0001426
O001427,C0198,2025-03-05,16198.2,UPI,Paid,TXN0001427
O001428,C0498,2025-04-01,4557.15,UPI,Paid,TXN0001428
O001429,C0486,2025-04-27,3036.2,UPI,Paid,TXN0001429
O001430,C0045,2025-09-24,5697.15,UPI,Paid,TXN0001430
O001431,C0314,2026-07-13,3058.3,Card,Paid,TXN0001431
O001432,C0179,2025-05-20,8736.2,COD,Paid,TXN0001432
O001433,C0382,2025-09-03,1234.05,COD,Paid,TXN0001433
O001434,C0418,2026-01-30,25647.15,Card,Paid,TXN0001434
O001435,C0044,2026-05-02,6998.0,Net Banking,Paid,TXN0001435
O001436,C0271,2026-04-21,11896.6,UPI,Paid,TXN0001436
O001437,C0078,2026-06-01,6897.0,UPI,Paid,TXN0001437
O001438,C0326,2025-07-03,2556.8,UPI,Paid,TXN0001438
O001439,C0178,2025-01-20,2847.15,COD,Paid,TXN0001439
O001440,C0357,2026-07-12,1527.45,COD,Pending,TXN0001440
O001441,C0498,2026-06-08,5097.45,Card,Paid,TXN0001441
O001442,C0416,2026-08-05,7196.4,UPI,Paid,TXN0001442
O001443,C0451,2026-06-13,2156.4,Card,Paid,TXN0001443
O001444,C0003,2025-05-27,9972.15,UPI,Paid,TXN0001444
O001445,C0214,2025-10-31,1799.1,Card,Paid,TXN0001445
O001446,C0342,2026-08-05,2184.05,Card,Failed,TXN0001446
O001447,C0074,2025-08-16,1899.05,UPI,Paid,TXN0001447
O001448,C0051,2025-04-12,1698.3,UPI,Paid,TXN0001448
O001449,C0067,2026-08-10,1299.0,COD,Pending,TXN0001449
O001450,C0332,2026-02-21,6116.6,Card,Paid,TXN0001450
O001451,C0093,2025-08-04,1234.05,UPI,Paid,TXN0001451
O001452,C0176,2026-02-11,6476.4,Card,Paid,TXN0001452
O001453,C0145,2026-02-03,2558.4,Net Banking,Paid,TXN0001453
O001454,C0007,2026-05-14,2156.4,UPI,Paid,TXN0001454
O001455,C0269,2026-04-10,4676.4,UPI,Paid,TXN0001455
O001456,C0376,2025-03-23,8276.4,Card,Paid,TXN0001456
O001457,C0322,2025-12-31,1999.2,Card,Paid,TXN0001457
O001458,C0004,2025-06-12,4797.0,UPI,Paid,TXN0001458
O001459,C0138,2025-02-17,6476.4,UPI,Paid,TXN0001459
O001460,C0231,2026-05-26,569.05,UPI,Paid,TXN0001460
O001461,C0088,2025-11-25,1799.0,Card,Paid,TXN0001461
O001462,C0017,2025-04-26,1599.0,UPI,Paid,TXN0001462
O001463,C0052,2025-12-03,5127.15,Card,Paid,TXN0001463
O001464,C0134,2025-05-27,1617.3,Net Banking,Paid,TXN0001464
O001465,C0211,2026-07-29,22947.45,COD,Paid,TXN0001465
O001466,C0325,2025-11-19,6372.45,Card,Paid,TXN0001466
O001467,C0480,2026-03-19,4138.2,Card,Paid,TXN0001467
O001468,C0458,2025-01-13,26997.0,COD,Pending,TXN0001468
O001469,C0393,2026-05-09,5127.15,COD,Paid,TXN0001469
O001470,C0219,2025-10-14,3702.15,COD,Paid,TXN0001470
O001471,C0205,2025-04-24,32396.4,UPI,Paid,TXN0001471
O001472,C0211,2026-04-25,5196.0,UPI,Paid,TXN0001472
O001473,C0277,2025-01-22,4317.3,Net Banking,Paid,TXN0001473
O001474,C0024,2025-12-15,3198.4,Net Banking,Pending,TXN0001474
O001475,C0486,2026-07-20,5036.4,Card,Paid,TXN0001475
O001476,C0004,2025-11-16,679.15,Net Banking,Paid,TXN0001476
O001477,C0152,2025-05-06,2156.4,COD,Failed,TXN0001477
O001478,C0443,2025-10-04,1799.0,Card,Paid,TXN0001478
O001479,C0483,2025-07-23,5596.0,UPI,Paid,TXN0001479
O001480,C0259,2025-07-13,6372.45,Card,Paid,TXN0001480
O001481,C0324,2026-07-01,4676.4,Card,Paid,TXN0001481
O001482,C0357,2025-10-13,24297.3,Net Banking,Paid,TXN0001482
O001483,C0168,2025-02-26,4197.0,Card,Paid,TXN0001483
O001484,C0176,2025-10-30,3596.4,COD,Paid,TXN0001484
O001485,C0310,2025-06-12,1799.0,COD,Paid,TXN0001485
O001486,C0291,2025-01-19,1399.0,UPI,Paid,TXN0001486
O001487,C0479,2026-01-05,34196.2,UPI,Paid,TXN0001487
O001488,C0056,2025-09-21,25647.15,Card,Paid,TXN0001488
O001489,C0108,2025-04-23,2499.0,UPI,Paid,TXN0001489
O001490,C0473,2026-05-03,6998.0,Card,Paid,TXN0001490
O001491,C0296,2025-11-23,6207.3,UPI,Paid,TXN0001491
O001492,C0461,2026-06-26,3596.4,UPI,Paid,TXN0001492
O001493,C0324,2026-08-02,3777.3,UPI,Paid,TXN0001493
O001494,C0302,2025-03-06,4368.1,UPI,Paid,TXN0001494
O001495,C0334,2025-10-19,1598.4,UPI,Paid,TXN0001495
O001496,C0141,2025-01-25,3499.0,Net Banking,Paid,TXN0001496
O001497,C0155,2026-07-03,2798.0,UPI,Paid,TXN0001497
O001498,C0262,2025-01-01,2697.3,COD,Paid,TXN0001498
O001499,C0273,2026-07-03,2299.0,Net Banking,Paid,TXN0001499
O001500,C0420,2025-05-21,2338.2,COD,Paid,TXN0001500
O001501,C0232,2025-07-07,8099.1,Card,Paid,TXN0001501
O001502,C0241,2025-05-08,1599.2,COD,Paid,TXN0001502
O001503,C0355,2025-07-20,5436.6,UPI,Paid,TXN0001503
O001504,C0337,2025-05-07,1439.2,UPI,Paid,TXN0001504
O001505,C0489,2025-09-14,599.0,COD,Paid,TXN0001505
O001506,C0258,2026-07-01,1018.3,UPI,Paid,TXN0001506
O001507,C0249,2025-07-13,5997.0,Net Banking,Paid,TXN0001507
O001508,C0077,2025-04-14,3777.3,Card,Paid,TXN0001508
O001509,C0180,2026-06-19,2518.2,UPI,Paid,TXN0001509
O001510,C0066,2025-09-22,2997.0,UPI,Paid,TXN0001510
O001511,C0308,2026-01-19,8099.1,Card,Paid,TXN0001511
O001512,C0348,2025-09-17,13996.0,Card,Paid,TXN0001512
O001513,C0171,2026-02-18,2374.05,Card,Paid,TXN0001513
O001514,C0474,2025-12-24,639.2,UPI,Paid,TXN0001514
O001515,C0022,2025-03-16,3996.0,UPI,Paid,TXN0001515
O001516,C0367,2025-12-21,1198.0,UPI,Paid,TXN0001516
O001517,C0107,2026-08-07,2374.05,UPI,Paid,TXN0001517
O001518,C0439,2025-07-07,1359.15,UPI,Paid,TXN0001518
O001519,C0323,2025-10-17,4598.0,UPI,Paid,TXN0001519
O001520,C0227,2025-02-14,949.05,UPI,Paid,TXN0001520
O001521,C0444,2026-07-27,679.15,Card,Pending,TXN0001521
O001522,C0442,2025-03-24,4797.0,Card,Paid,TXN0001522
O001523,C0396,2025-05-03,3418.1,UPI,Paid,TXN0001523
O001524,C0216,2025-12-24,849.15,Card,Paid,TXN0001524
O001525,C0069,2026-06-12,539.1,Card,Paid,TXN0001525
O001526,C0084,2025-03-07,30596.6,Card,Paid,TXN0001526
O001527,C0103,2026-01-10,35996.0,Card,Paid,TXN0001527
O001528,C0039,2025-06-11,4476.8,UPI,Paid,TXN0001528
O001529,C0013,2026-01-15,1439.2,UPI,Paid,TXN0001529
O001530,C0297,2025-12-24,599.0,UPI,Paid,TXN0001530
O001531,C0313,2025-07-07,5596.0,UPI,Failed,TXN0001531
O001532,C0181,2025-11-18,5997.6,Card,Paid,TXN0001532
O001533,C0493,2026-03-26,5697.15,COD,Paid,TXN0001533
O001534,C0268,2026-04-19,9447.3,UPI,Paid,TXN0001534
O001535,C0013,2025-01-13,4857.3,Card,Paid,TXN0001535
O001536,C0120,2025-07-03,3908.3,COD,Paid,TXN0001536
O001537,C0458,2025-04-21,2036.6,UPI,Paid,TXN0001537
O001538,C0353,2026-05-23,3499.0,COD,Paid,TXN0001538
O001539,C0057,2025-10-17,13996.0,UPI,Paid,TXN0001539
O001540,C0040,2025-10-22,1527.45,COD,Paid,TXN0001540
O001541,C0374,2026-03-27,509.15,UPI,Paid,TXN0001541
O001542,C0336,2025-08-03,2338.2,UPI,Paid,TXN0001542
O001543,C0128,2026-07-21,1916.8,Card,Paid,TXN0001543
O001544,C0173,2025-01-27,719.1,COD,Paid,TXN0001544
O001545,C0035,2025-08-19,999.0,UPI,Paid,TXN0001545
O001546,C0259,2026-07-19,5862.45,COD,Paid,TXN0001546
O001547,C0376,2025-11-17,5127.15,Card,Paid,TXN0001547
O001548,C0005,2025-08-21,5596.0,UPI,Paid,TXN0001548
O001549,C0218,2026-03-13,4748.1,Card,Paid,TXN0001549
O001550,C0011,2026-06-17,849.15,Card,Paid,TXN0001550
O001551,C0382,2026-02-07,1437.6,UPI,Pending,TXN0001551
O001552,C0327,2025-02-22,4936.2,COD,Paid,TXN0001552
O001553,C0117,2025-11-09,7497.0,Net Banking,Paid,TXN0001553
O001554,C0184,2025-10-08,6476.4,Card,Paid,TXN0001554
O001555,C0394,2025-01-31,5097.45,Net Banking,Paid,TXN0001555
O001556,C0362,2025-12-03,6298.2,UPI,Paid,TXN0001556
O001557,C0116,2025-07-02,719.1,UPI,Paid,TXN0001557
O001558,C0162,2025-01-23,1617.3,COD,Paid,TXN0001558
O001559,C0067,2026-06-28,1299.0,COD,Paid,TXN0001559
O001560,C0200,2026-03-22,9496.2,UPI,Paid,TXN0001560
O001561,C0031,2025-03-15,2658.1,UPI,Paid,TXN0001561
O001562,C0075,2025-01-10,679.15,COD,Paid,TXN0001562
O001563,C0237,2026-04-29,2397.0,UPI,Paid,TXN0001563
O001564,C0327,2026-04-01,1169.1,UPI,Paid,TXN0001564
O001565,C0493,2026-07-20,2374.05,Card,Paid,TXN0001565
O001566,C0066,2026-07-18,4936.2,Net Banking,Paid,TXN0001566
O001567,C0070,2025-06-09,2658.1,COD,Paid,TXN0001567
O001568,C0297,2025-01-14,2658.1,COD,Paid,TXN0001568
O001569,C0447,2025-06-27,2184.05,UPI,Paid,TXN0001569
O001570,C0416,2026-02-16,7649.15,Card,Paid,TXN0001570
O001571,C0020,2025-02-22,13296.2,UPI,Paid,TXN0001571
O001572,C0441,2026-02-12,899.1,Net Banking,Paid,TXN0001572
O001573,C0226,2025-01-22,2276.2,Card,Paid,TXN0001573
O001574,C0434,2025-01-30,1798.2,Card,Paid,TXN0001574
O001575,C0464,2025-09-17,1438.2,COD,Paid,TXN0001575
O001576,C0409,2025-07-24,1916.8,UPI,Paid,TXN0001576
O001577,C0396,2025-02-28,1709.05,Net Banking,Paid,TXN0001577
O001578,C0199,2026-04-16,3198.0,UPI,Pending,TXN0001578
O001579,C0039,2026-04-11,4317.6,UPI,Paid,TXN0001579
O001580,C0145,2025-01-12,6396.0,UPI,Paid,TXN0001580
O001581,C0045,2025-10-17,2208.3,COD,Paid,TXN0001581
O001582,C0395,2025-12-20,3198.0,COD,Paid,TXN0001582
O001583,C0326,2025-03-16,16198.2,UPI,Paid,TXN0001583
O001584,C0381,2026-07-15,26997.0,UPI,Paid,TXN0001584
O001585,C0407,2026-03-17,8397.6,COD,Paid,TXN0001585
O001586,C0091,2025-08-29,6747.3,UPI,Failed,TXN0001586
O001587,C0238,2025-06-03,949.05,Card,Paid,TXN0001587
O001588,C0070,2025-04-06,13996.0,Card,Paid,TXN0001588
O001589,C0166,2025-10-21,8549.05,COD,Paid,TXN0001589
O001590,C0130,2025-07-28,6747.3,Card,Paid,TXN0001590
O001591,C0214,2025-12-09,6836.2,Card,Paid,TXN0001591
O001592,C0340,2025-03-29,999.0,Net Banking,Paid,TXN0001592
O001593,C0089,2026-01-25,2069.1,UPI,Paid,TXN0001593
O001594,C0335,2025-11-21,949.05,UPI,Paid,TXN0001594
O001595,C0252,2025-06-06,2397.0,UPI,Paid,TXN0001595
O001596,C0369,2026-07-31,2598.0,Net Banking,Paid,TXN0001596
O001597,C0349,2025-05-17,7196.4,Card,Paid,TXN0001597
O001598,C0072,2026-03-04,2397.6,UPI,Failed,TXN0001598
O001599,C0165,2026-03-28,35996.0,Card,Paid,TXN0001599
O001600,C0049,2025-05-21,3312.45,UPI,Paid,TXN0001600
O001601,C0052,2025-03-24,1399.0,Net Banking,Paid,TXN0001601
O001602,C0289,2025-06-26,1519.05,UPI,Paid,TXN0001602
O001603,C0278,2025-07-17,3238.2,Card,Paid,TXN0001603
O001604,C0114,2026-07-22,4368.1,Card,Paid,TXN0001604
O001605,C0239,2026-02-25,6476.4,UPI,Paid,TXN0001605
O001606,C0133,2026-02-05,2378.3,COD,Paid,TXN0001606
O001607,C0487,2026-04-16,958.4,UPI,Paid,TXN0001607
O001608,C0274,2025-08-06,7996.0,Card,Paid,TXN0001608
O001609,C0166,2025-06-24,2847.15,COD,Paid,TXN0001609
O001610,C0374,2025-01-23,1278.4,Card,Paid,TXN0001610
O001611,C0373,2025-08-23,9972.15,UPI,Paid,TXN0001611
O001612,C0293,2025-01-13,1169.1,Net Banking,Paid,TXN0001612
O001613,C0478,2025-04-11,4368.1,UPI,Paid,TXN0001613
O001614,C0243,2026-06-20,1329.05,Card,Paid,TXN0001614
O001615,C0479,2026-06-07,1999.0,COD,Paid,TXN0001615
O001616,C0320,2026-03-28,4587.45,Net Banking,Failed,TXN0001616
O001617,C0138,2026-03-07,2716.6,Card,Paid,TXN0001617
O001618,C0079,2026-06-17,1518.1,UPI,Paid,TXN0001618
O001619,C0170,2025-10-20,3567.45,COD,Paid,TXN0001619
O001620,C0123,2025-04-11,8736.2,UPI,Paid,TXN0001620
O001621,C0176,2026-05-17,2299.0,UPI,Paid,TXN0001621
O001622,C0300,2025-10-31,3398.3,COD,Paid,TXN0001622
O001623,C0082,2026-06-24,539.1,Card,Paid,TXN0001623
O001624,C0087,2026-07-07,1709.05,UPI,Paid,TXN0001624
O001625,C0225,2025-12-21,17098.1,Card,Failed,TXN0001625
O001626,C0016,2025-10-30,1916.8,UPI,Paid,TXN0001626
O001627,C0310,2026-05-11,2036.6,UPI,Paid,TXN0001627
O001628,C0358,2025-08-15,3908.3,UPI,Paid,TXN0001628
O001629,C0163,2025-08-24,2598.0,COD,Paid,TXN0001629
O001630,C0098,2026-03-31,3312.45,COD,Paid,TXN0001630
O001631,C0156,2025-01-13,4797.0,Card,Paid,TXN0001631
O001632,C0002,2025-07-29,1439.2,UPI,Paid,TXN0001632
O001633,C0350,2026-02-01,2798.0,Card,Paid,TXN0001633
O001634,C0397,2025-04-10,4936.2,UPI,Paid,TXN0001634
O001635,C0169,2025-01-31,1899.05,Card,Paid,TXN0001635
O001636,C0464,2026-06-12,679.15,COD,Paid,TXN0001636
O001637,C0315,2025-11-25,1189.15,Card,Paid,TXN0001637
O001638,C0325,2025-06-15,1709.05,Card,Paid,TXN0001638
O001639,C0375,2026-04-04,7196.4,Net Banking,Paid,TXN0001639
O001640,C0092,2025-04-10,849.15,Card,Paid,TXN0001640
O001641,C0181,2025-06-22,4998.0,Card,Paid,TXN0001641
O001642,C0231,2025-06-11,3312.45,Card,Paid,TXN0001642
O001643,C0301,2025-09-20,4156.8,UPI,Paid,TXN0001643
O001644,C0148,2025-10-01,3198.0,Card,Paid,TXN0001644
O001645,C0280,2025-01-03,17998.0,Card,Pending,TXN0001645
O001646,C0189,2025-01-28,3038.1,UPI,Paid,TXN0001646
O001647,C0347,2025-11-22,5397.0,UPI,Paid,TXN0001647
O001648,C0350,2025-05-29,4557.15,Net Banking,Paid,TXN0001648
O001649,C0314,2026-06-24,24297.3,Card,Paid,TXN0001649
O001650,C0493,2026-05-03,16198.2,UPI,Paid,TXN0001650
O001651,C0411,2026-03-14,6897.0,UPI,Paid,TXN0001651
O001652,C0410,2025-03-06,719.1,Card,Paid,TXN0001652
O001653,C0128,2025-12-22,6207.3,UPI,Paid,TXN0001653
O001654,C0007,2026-06-17,7996.8,UPI,Paid,TXN0001654
O001655,C0426,2025-09-09,3998.0,COD,Paid,TXN0001655
O001656,C0047,2025-08-23,1078.2,Card,Paid,TXN0001656
O001657,C0053,2025-08-15,799.2,UPI,Paid,TXN0001657
O001658,C0187,2026-06-09,24297.3,UPI,Paid,TXN0001658
O001659,C0038,2025-11-09,2847.15,Card,Paid,TXN0001659
O001660,C0453,2025-02-18,3196.0,UPI,Paid,TXN0001660
O001661,C0471,2025-04-28,1104.15,UPI,Paid,TXN0001661
O001662,C0476,2025-02-23,13296.2,UPI,Paid,TXN0001662
O001663,C0226,2026-07-19,7996.8,UPI,Paid,TXN0001663
O001664,C0053,2025-02-13,3058.3,UPI,Paid,TXN0001664
O001665,C0399,2025-02-22,1518.1,Net Banking,Paid,TXN0001665
O001666,C0224,2026-08-09,3777.3,UPI,Paid,TXN0001666
O001667,C0154,2026-07-12,2997.0,UPI,Paid,TXN0001667
O001668,C0048,2026-06-09,6076.2,UPI,Paid,TXN0001668
O001669,C0351,2025-04-12,24297.3,Card,Failed,TXN0001669
O001670,C0147,2026-02-02,3596.4,COD,Paid,TXN0001670
O001671,C0393,2025-05-18,1707.15,UPI,Paid,TXN0001671
O001672,C0064,2026-01-22,3567.45,COD,Paid,TXN0001672
O001673,C0349,2025-04-21,17998.0,UPI,Paid,TXN0001673
O001674,C0182,2025-01-17,3418.1,COD,Paid,TXN0001674
O001675,C0125,2025-07-01,1138.1,UPI,Failed,TXN0001675
O001676,C0179,2026-06-20,6648.1,UPI,Paid,TXN0001676
O001677,C0039,2026-06-25,1279.2,UPI,Paid,TXN0001677
O001678,C0260,2025-06-20,1798.2,UPI,Failed,TXN0001678
O001679,C0382,2026-02-13,2069.1,Card,Paid,TXN0001679
O001680,C0003,2026-01-13,4498.2,Card,Paid,TXN0001680
O001681,C0064,2025-07-07,2997.0,Card,Paid,TXN0001681
O001682,C0029,2025-08-18,3796.2,UPI,Paid,TXN0001682
O001683,C0372,2025-04-29,3777.3,Card,Pending,TXN0001683
O001684,C0011,2025-06-05,3357.6,UPI,Failed,TXN0001684
O001685,C0097,2026-04-10,509.15,Card,Paid,TXN0001685
O001686,C0358,2025-04-14,4748.1,UPI,Paid,TXN0001686
O001687,C0442,2026-05-17,3796.2,UPI,Paid,TXN0001687
O001688,C0203,2025-06-24,7996.0,Card,Paid,TXN0001688
O001689,C0411,2026-02-25,3598.0,COD,Paid,TXN0001689
O001690,C0481,2025-05-14,1329.05,Card,Pending,TXN0001690
O001691,C0021,2026-01-26,1259.1,UPI,Paid,TXN0001691
O001692,C0039,2026-05-16,569.05,UPI,Paid,TXN0001692
O001693,C0223,2025-02-02,2876.4,UPI,Paid,TXN0001693
O001694,C0102,2025-02-24,1799.1,Card,Paid,TXN0001694
O001695,C0046,2026-06-03,8549.05,Card,Paid,TXN0001695
O001696,C0066,2025-01-12,2716.6,UPI,Pending,TXN0001696
O001697,C0091,2026-06-12,3996.0,UPI,Paid,TXN0001697
O001698,C0164,2026-07-09,6747.3,Card,Paid,TXN0001698
O001699,C0459,2026-01-08,4756.6,UPI,Paid,TXN0001699
O001700,C0111,2026-04-29,4498.2,UPI,Paid,TXN0001700
O001701,C0338,2025-08-16,7996.8,Card,Paid,TXN0001701
O001702,C0123,2025-11-03,7196.0,UPI,Paid,TXN0001702
O001703,C0193,2026-04-02,2069.1,COD,Paid,TXN0001703
O001704,C0447,2025-06-09,3777.3,COD,Paid,TXN0001704
O001705,C0099,2025-11-27,719.1,UPI,Paid,TXN0001705
O001706,C0291,2025-08-13,4077.45,UPI,Paid,TXN0001706
O001707,C0159,2026-05-19,8099.1,UPI,Paid,TXN0001707
O001708,C0412,2026-04-01,4248.3,UPI,Paid,TXN0001708
O001709,C0103,2025-02-14,1329.05,Net Banking,Paid,TXN0001709
O001710,C0385,2025-08-02,569.05,UPI,Paid,TXN0001710
O001711,C0281,2025-02-28,16198.2,COD,Paid,TXN0001711
O001712,C0043,2025-07-14,2878.2,Card,Paid,TXN0001712
O001713,C0486,2026-05-04,4476.8,COD,Paid,TXN0001713
O001714,C0084,2025-06-06,999.0,Card,Paid,TXN0001714
O001715,C0451,2025-08-14,4748.1,Card,Paid,TXN0001715
O001716,C0191,2026-02-16,2878.2,Card,Paid,TXN0001716
O001717,C0051,2025-07-24,3396.6,COD,Paid,TXN0001717
O001718,C0386,2025-03-20,5997.6,UPI,Paid,TXN0001718
O001719,C0210,2025-05-04,2468.1,COD,Failed,TXN0001719
O001720,C0126,2026-04-16,1598.0,Card,Paid,TXN0001720
O001721,C0492,2025-08-06,3324.05,Card,Paid,TXN0001721
O001722,C0448,2026-05-31,7596.2,Net Banking,Paid,TXN0001722
O001723,C0458,2025-04-14,1999.2,COD,Paid,TXN0001723
O001724,C0069,2026-01-28,4557.15,COD,Paid,TXN0001724
O001725,C0265,2026-03-10,6076.2,UPI,Paid,TXN0001725
O001726,C0258,2025-11-27,3324.05,Net Banking,Paid,TXN0001726
O001727,C0418,2025-05-23,2658.1,COD,Paid,TXN0001727
O001728,C0188,2026-06-24,1018.3,Card,Paid,TXN0001728
O001729,C0230,2025-10-05,7996.0,Net Banking,Paid,TXN0001729
O001730,C0189,2025-08-21,17098.1,UPI,Paid,TXN0001730
O001731,C0415,2026-06-13,1999.2,UPI,Paid,TXN0001731
O001732,C0010,2026-07-25,5596.0,Card,Paid,TXN0001732
O001733,C0114,2025-03-31,1798.2,UPI,Paid,TXN0001733
O001734,C0076,2026-05-07,17098.1,Card,Paid,TXN0001734
O001735,C0164,2025-07-18,5397.3,UPI,Paid,TXN0001735
O001736,C0085,2025-12-28,4197.0,UPI,Paid,TXN0001736
O001737,C0049,2026-03-17,8736.2,UPI,Paid,TXN0001737
O001738,C0495,2025-01-26,24297.3,Card,Paid,TXN0001738
O001739,C0326,2025-01-25,1799.0,UPI,Failed,TXN0001739
O001740,C0496,2026-01-29,3238.2,UPI,Paid,TXN0001740
O001741,C0177,2026-05-22,4998.0,UPI,Paid,TXN0001741
O001742,C0387,2025-10-28,4498.2,COD,Paid,TXN0001742
O001743,C0458,2025-12-05,7996.8,COD,Paid,TXN0001743
O001744,C0389,2025-09-24,7996.0,UPI,Paid,TXN0001744
O001745,C0494,2026-04-06,1797.0,Card,Pending,TXN0001745
O001746,C0218,2026-04-01,1018.3,UPI,Paid,TXN0001746
O001747,C0189,2025-12-26,4138.2,UPI,Paid,TXN0001747
O001748,C0469,2025-03-09,2798.0,Net Banking,Paid,TXN0001748
O001749,C0493,2026-02-16,1898.1,UPI,Paid,TXN0001749
O001750,C0346,2026-05-06,2598.0,UPI,Paid,TXN0001750
O001751,C0230,2025-02-18,1599.0,UPI,Paid,TXN0001751
O001752,C0255,2026-07-18,1598.4,Net Banking,Paid,TXN0001752
O001753,C0236,2025-04-12,1189.15,Card,Paid,TXN0001753
O001754,C0026,2025-08-04,4138.2,Card,Paid,TXN0001754
O001755,C0072,2026-03-14,7996.0,Card,Pending,TXN0001755
O001756,C0261,2026-07-23,35996.0,UPI,Paid,TXN0001756
O001757,C0254,2026-07-13,849.15,COD,Paid,TXN0001757
O001758,C0271,2025-06-08,17998.0,UPI,Paid,TXN0001758
O001759,C0123,2026-05-04,4936.2,Card,Paid,TXN0001759
O001760,C0144,2025-08-30,2276.2,Card,Paid,TXN0001760
O001761,C0257,2025-01-05,2518.2,UPI,Failed,TXN0001761
O001762,C0144,2025-12-27,1518.1,UPI,Paid,TXN0001762
O001763,C0421,2026-04-04,8736.2,Card,Failed,TXN0001763
O001764,C0259,2025-09-05,2378.3,UPI,Paid,TXN0001764
O001765,C0436,2026-07-20,4317.3,UPI,Paid,TXN0001765
O001766,C0047,2026-02-26,3998.0,UPI,Paid,TXN0001766
O001767,C0351,2025-01-15,5756.4,COD,Paid,TXN0001767
O001768,C0013,2026-07-27,5596.0,COD,Paid,TXN0001768
O001769,C0376,2025-05-02,1519.05,COD,Paid,TXN0001769
O001770,C0208,2025-10-04,1617.3,Card,Paid,TXN0001770
O001771,C0311,2026-07-12,13296.2,Card,Paid,TXN0001771
O001772,C0235,2026-03-29,3987.15,UPI,Paid,TXN0001772
O001773,C0149,2026-01-25,4138.2,UPI,Paid,TXN0001773
O001774,C0322,2025-10-21,3196.8,COD,Paid,TXN0001774
O001775,C0438,2026-07-28,2069.1,COD,Paid,TXN0001775
O001776,C0155,2026-03-22,13996.0,COD,Paid,TXN0001776
O001777,C0166,2025-07-29,759.05,Card,Paid,TXN0001777
O001778,C0090,2026-08-13,2847.15,COD,Paid,TXN0001778
O001779,C0186,2025-10-29,3324.05,Net Banking,Paid,TXN0001779
O001780,C0318,2025-08-11,1898.1,UPI,Paid,TXN0001780
O001781,C0358,2025-01-03,1438.2,UPI,Paid,TXN0001781
O001782,C0174,2026-06-02,4598.0,Card,Paid,TXN0001782
O001783,C0217,2025-04-03,3036.2,UPI,Paid,TXN0001783
O001784,C0395,2026-06-04,2518.2,COD,Paid,TXN0001784
O001785,C0456,2026-03-04,4748.1,UPI,Paid,TXN0001785
O001786,C0264,2026-05-08,5756.8,Card,Paid,TXN0001786
O001787,C0097,2025-08-23,5127.15,Card,Paid,TXN0001787
O001788,C0117,2025-06-10,5948.3,Card,Paid,TXN0001788
O001789,C0199,2025-11-27,3058.3,UPI,Paid,TXN0001789
O001790,C0320,2025-11-29,7816.6,Net Banking,Paid,TXN0001790
O001791,C0486,2025-02-19,26997.0,UPI,Paid,TXN0001791
O001792,C0021,2026-06-07,8397.6,COD,Paid,TXN0001792
O001793,C0200,2026-05-07,2997.0,COD,Paid,TXN0001793
O001794,C0371,2026-08-05,3196.0,UPI,Paid,TXN0001794
O001795,C0447,2025-09-29,759.05,Net Banking,Paid,TXN0001795
O001796,C0341,2026-08-03,1999.0,Card,Paid,TXN0001796
O001797,C0448,2025-09-09,3198.0,Card,Paid,TXN0001797
O001798,C0248,2026-07-14,4368.1,Card,Paid,TXN0001798
O001799,C0276,2025-03-31,1998.0,Card,Paid,TXN0001799
O001800,C0264,2026-03-22,8099.1,UPI,Paid,TXN0001800
O001801,C0058,2025-11-28,7996.0,COD,Paid,TXN0001801
O001802,C0302,2025-05-19,3238.2,Card,Paid,TXN0001802
O001803,C0031,2025-12-23,28796.8,UPI,Paid,TXN0001803
O001804,C0498,2025-10-01,6648.1,Card,Paid,TXN0001804
O001805,C0249,2025-01-19,2156.4,Card,Paid,TXN0001805
O001806,C0093,2025-11-07,2556.8,Card,Pending,TXN0001806
O001807,C0496,2025-06-03,1299.0,UPI,Paid,TXN0001807
O001808,C0265,2026-01-25,4936.2,UPI,Paid,TXN0001808
O001809,C0271,2025-09-17,4587.45,UPI,Paid,TXN0001809
O001810,C0094,2026-07-25,1039.2,Card,Paid,TXN0001810
O001811,C0154,2025-05-05,2338.2,COD,Paid,TXN0001811
O001812,C0394,2025-12-20,999.0,UPI,Paid,TXN0001812
O001813,C0285,2025-09-30,2397.6,UPI,Paid,TXN0001813
O001814,C0080,2025-09-02,4797.0,COD,Paid,TXN0001814
O001815,C0292,2026-03-26,5316.2,UPI,Paid,TXN0001815
O001816,C0084,2025-09-04,5127.15,UPI,Paid,TXN0001816
O001817,C0365,2026-06-04,3702.15,Card,Paid,TXN0001817
O001818,C0374,2025-05-21,4077.45,COD,Paid,TXN0001818
O001819,C0037,2025-12-28,4587.45,COD,Pending,TXN0001819
O001820,C0342,2025-01-08,2338.2,COD,Paid,TXN0001820
O001821,C0327,2026-04-23,4598.0,UPI,Paid,TXN0001821
O001822,C0407,2025-12-18,719.1,COD,Paid,TXN0001822
O001823,C0425,2026-05-10,8996.4,UPI,Paid,TXN0001823
O001824,C0232,2026-03-03,4368.1,UPI,Paid,TXN0001824
O001825,C0093,2025-02-08,4797.6,UPI,Pending,TXN0001825
O001826,C0336,2025-07-06,6116.6,UPI,Paid,TXN0001826
O001827,C0102,2025-04-03,2518.2,UPI,Paid,TXN0001827
O001828,C0412,2025-03-27,1999.0,Card,Paid,TXN0001828
O001829,C0432,2025-02-13,4317.3,Card,Pending,TXN0001829
O001830,C0166,2025-05-17,5116.8,UPI,Paid,TXN0001830
O001831,C0159,2026-02-25,2468.1,COD,Paid,TXN0001831
O001832,C0014,2025-03-15,6796.6,Card,Paid,TXN0001832
O001833,C0373,2026-07-02,1518.1,UPI,Paid,TXN0001833
O001834,C0225,2026-05-27,1169.1,UPI,Paid,TXN0001834
O001835,C0073,2025-06-05,4857.3,UPI,Paid,TXN0001835
O001836,C0249,2025-09-12,1439.1,UPI,Paid,TXN0001836
O001837,C0091,2025-06-20,6372.45,COD,Paid,TXN0001837
O001838,C0216,2025-06-19,4797.0,UPI,Paid,TXN0001838
O001839,C0461,2025-11-18,3796.2,UPI,Paid,TXN0001839
O001840,C0090,2026-07-21,1078.2,UPI,Paid,TXN0001840
O001841,C0029,2026-04-01,8999.0,COD,Pending,TXN0001841
O001842,C0435,2025-06-04,1329.05,UPI,Paid,TXN0001842
O001843,C0305,2025-12-15,1999.0,Card,Paid,TXN0001843
O001844,C0427,2026-03-27,5196.0,UPI,Paid,TXN0001844
O001845,C0476,2025-06-22,32396.4,COD,Paid,TXN0001845
O001846,C0220,2025-01-10,32396.4,COD,Failed,TXN0001846
O001847,C0328,2025-09-22,6897.0,Card,Paid,TXN0001847
O001848,C0215,2026-03-14,599.0,COD,Paid,TXN0001848
O001849,C0221,2025-09-04,10497.0,Card,Paid,TXN0001849
O001850,C0389,2026-06-30,2184.05,COD,Pending,TXN0001850
O001851,C0042,2026-05-14,2299.0,COD,Paid,TXN0001851
O001852,C0135,2025-05-09,2658.1,UPI,Paid,TXN0001852
O001853,C0042,2025-11-23,899.1,Card,Paid,TXN0001853
O001854,C0164,2026-02-08,5756.4,Net Banking,Paid,TXN0001854
O001855,C0361,2025-12-25,8736.2,UPI,Paid,TXN0001855
O001856,C0283,2025-01-17,6476.4,Net Banking,Paid,TXN0001856
O001857,C0058,2025-10-01,2558.4,Card,Paid,TXN0001857
O001858,C0302,2025-04-26,1898.1,Card,Paid,TXN0001858
O001859,C0322,2025-04-01,3702.15,Card,Paid,TXN0001859
O001860,C0025,2025-03-23,3149.1,COD,Failed,TXN0001860
O001861,C0073,2025-11-20,1599.0,UPI,Paid,TXN0001861
O001862,C0373,2025-04-24,7196.4,UPI,Paid,TXN0001862
O001863,C0411,2025-02-27,4756.6,Card,Paid,TXN0001863
O001864,C0129,2025-06-03,34196.2,Net Banking,Paid,TXN0001864
O001865,C0087,2026-02-08,2876.4,Card,Paid,TXN0001865
O001866,C0330,2025-09-23,2156.4,UPI,Paid,TXN0001866
O001867,C0426,2025-11-11,5196.0,UPI,Paid,TXN0001867
O001868,C0436,2025-02-10,999.0,COD,Paid,TXN0001868
O001869,C0153,2025-04-15,3908.3,UPI,Paid,TXN0001869
O001870,C0182,2025-07-12,5756.8,Card,Pending,TXN0001870
O001871,C0125,2026-02-05,1529.15,UPI,Paid,TXN0001871
O001872,C0067,2025-10-05,11196.8,UPI,Paid,TXN0001872
O001873,C0006,2025-12-20,2847.15,UPI,Paid,TXN0001873
O001874,C0125,2026-08-03,3897.0,UPI,Paid,TXN0001874
O001875,C0314,2025-09-13,1899.05,COD,Paid,TXN0001875
O001876,C0326,2025-04-09,17998.0,UPI,Paid,TXN0001876
O001877,C0053,2026-08-11,5862.45,UPI,Paid,TXN0001877
O001878,C0066,2025-10-09,1917.6,Card,Paid,TXN0001878
O001879,C0314,2026-02-07,1018.3,COD,Paid,TXN0001879
O001880,C0082,2025-04-19,3777.3,Card,Paid,TXN0001880
O001881,C0087,2025-07-18,9496.2,UPI,Paid,TXN0001881
O001882,C0002,2025-10-30,4998.0,UPI,Paid,TXN0001882
O001883,C0204,2025-11-23,6552.15,Card,Paid,TXN0001883
O001884,C0150,2025-06-03,2338.2,COD,Paid,TXN0001884
O001885,C0293,2026-07-06,8736.2,UPI,Paid,TXN0001885
O001886,C0404,2026-02-09,2397.6,UPI,Pending,TXN0001886
O001887,C0103,2026-04-07,509.15,COD,Paid,TXN0001887
O001888,C0024,2025-05-12,7497.0,Card,Paid,TXN0001888
O001889,C0368,2025-03-25,10497.0,Card,Paid,TXN0001889
O001890,C0212,2026-02-03,3596.4,UPI,Paid,TXN0001890
O001891,C0065,2025-04-19,2499.0,UPI,Paid,TXN0001891
O001892,C0449,2025-08-09,1699.15,UPI,Paid,TXN0001892
O001893,C0209,2026-07-07,539.1,UPI,Paid,TXN0001893
O001894,C0251,2026-01-03,3196.0,Net Banking,Paid,TXN0001894
O001895,C0385,2025-05-27,34196.2,UPI,Pending,TXN0001895
O001896,C0117,2025-04-22,6836.2,Card,Paid,TXN0001896
O001897,C0116,2026-07-12,3396.6,Card,Pending,TXN0001897
O001898,C0237,2026-05-09,7196.0,UPI,Paid,TXN0001898
O001899,C0478,2026-05-20,1529.15,COD,Paid,TXN0001899
O001900,C0105,2026-04-20,1078.2,Card,Paid,TXN0001900
O001901,C0495,2025-09-28,2156.4,Net Banking,Paid,TXN0001901
O001902,C0259,2026-02-25,4998.0,UPI,Paid,TXN0001902
O001903,C0046,2026-01-02,2697.3,UPI,Paid,TXN0001903
O001904,C0311,2025-10-07,24297.3,UPI,Paid,TXN0001904
O001905,C0331,2025-10-10,7196.4,UPI,Paid,TXN0001905
O001906,C0216,2025-02-09,4077.45,UPI,Paid,TXN0001906
O001907,C0470,2025-07-08,6298.2,COD,Paid,TXN0001907
O001908,C0448,2025-06-13,4587.45,UPI,Paid,TXN0001908
O001909,C0492,2026-06-20,26997.0,COD,Paid,TXN0001909
O001910,C0301,2026-06-20,1018.3,Card,Paid,TXN0001910
O001911,C0410,2025-01-04,4197.0,Card,Pending,TXN0001911
O001912,C0333,2025-10-17,4756.6,UPI,Paid,TXN0001912
O001913,C0449,2026-03-09,2558.4,UPI,Paid,TXN0001913
O001914,C0024,2026-04-16,3038.1,COD,Paid,TXN0001914
O001915,C0458,2025-06-30,1439.1,UPI,Paid,TXN0001915
O001916,C0035,2025-09-05,719.1,COD,Paid,TXN0001916
O001917,C0024,2025-10-06,6998.0,Card,Paid,TXN0001917
O001918,C0028,2026-08-04,6648.1,COD,Paid,TXN0001918
O001919,C0484,2025-09-11,1899.05,Card,Paid,TXN0001919
O001920,C0464,2025-06-30,6116.6,UPI,Paid,TXN0001920
O001921,C0488,2026-05-24,3312.45,Card,Paid,TXN0001921
O001922,C0016,2026-07-20,2157.3,UPI,Paid,TXN0001922
O001923,C0059,2025-11-22,3777.3,Card,Paid,TXN0001923
O001924,C0465,2025-12-23,4498.2,UPI,Paid,TXN0001924
O001925,C0243,2026-01-26,9496.2,Card,Paid,TXN0001925
O001926,C0438,2025-03-26,1519.05,UPI,Paid,TXN0001926
O001927,C0207,2025-11-13,8276.4,Net Banking,Paid,TXN0001927
O001928,C0400,2025-07-31,4476.8,Card,Paid,TXN0001928
O001929,C0271,2026-05-30,3507.3,COD,Paid,TXN0001929
O001930,C0249,2026-01-19,719.1,UPI,Paid,TXN0001930
O001931,C0482,2025-12-08,4416.6,Card,Paid,TXN0001931
O001932,C0267,2025-02-07,2374.05,UPI,Paid,TXN0001932
O001933,C0193,2026-05-26,4138.2,Card,Paid,TXN0001933
O001934,C0335,2026-02-24,3702.15,COD,Paid,TXN0001934
O001935,C0218,2025-06-18,1329.05,Net Banking,Pending,TXN0001935
O001936,C0115,2025-12-09,3238.2,UPI,Paid,TXN0001936
O001937,C0068,2025-11-02,16198.2,Net Banking,Paid,TXN0001937
O001938,C0299,2026-06-26,4368.1,Card,Paid,TXN0001938
O001939,C0325,2026-06-21,4676.4,Net Banking,Paid,TXN0001939
O001940,C0483,2025-04-22,2156.4,Card,Paid,TXN0001940
O001941,C0397,2026-02-15,5862.45,Net Banking,Paid,TXN0001941
O001942,C0394,2025-07-25,5862.45,COD,Paid,TXN0001942
O001943,C0075,2025-07-04,3418.1,UPI,Paid,TXN0001943
O001944,C0466,2026-01-17,3357.6,UPI,Paid,TXN0001944
O001945,C0482,2026-05-11,2876.4,UPI,Paid,TXN0001945
O001946,C0103,2026-01-14,6372.45,Card,Paid,TXN0001946
O001947,C0297,2025-02-16,539.1,COD,Paid,TXN0001947
O001948,C0490,2026-07-05,7196.0,COD,Paid,TXN0001948
O001949,C0178,2026-06-12,2598.0,Card,Paid,TXN0001949
O001950,C0215,2026-05-19,2878.2,UPI,Paid,TXN0001950
O001951,C0455,2025-01-22,4857.3,UPI,Pending,TXN0001951
O001952,C0315,2025-08-01,5756.4,UPI,Paid,TXN0001952
O001953,C0039,2025-11-06,1898.1,COD,Paid,TXN0001953
O001954,C0259,2025-09-29,4748.1,UPI,Paid,TXN0001954
O001955,C0204,2026-07-25,5316.2,UPI,Paid,TXN0001955
O001956,C0007,2025-07-21,32396.4,Card,Paid,TXN0001956
O001957,C0049,2025-02-01,4368.1,UPI,Paid,TXN0001957
O001958,C0026,2026-03-19,4317.3,UPI,Paid,TXN0001958
O001959,C0161,2025-06-11,25647.15,UPI,Paid,TXN0001959
O001960,C0357,2025-09-11,22947.45,Net Banking,Paid,TXN0001960
O001961,C0176,2026-06-05,1599.0,UPI,Paid,TXN0001961
O001962,C0079,2026-04-25,35996.0,COD,Paid,TXN0001962
O001963,C0002,2025-01-10,4138.2,UPI,Paid,TXN0001963
O001964,C0489,2026-05-20,719.1,COD,Paid,TXN0001964
O001965,C0383,2026-07-14,5997.0,Card,Paid,TXN0001965
O001966,C0455,2026-03-12,799.2,COD,Pending,TXN0001966
O001967,C0416,2025-04-21,3038.1,COD,Paid,TXN0001967
O001968,C0132,2025-06-02,4368.1,Card,Paid,TXN0001968
O001969,C0276,2025-04-12,2396.0,COD,Paid,TXN0001969
O001970,C0498,2025-07-10,7122.15,Card,Paid,TXN0001970
O001971,C0117,2026-07-17,4557.15,Card,Paid,TXN0001971
O001972,C0164,2025-03-22,759.05,UPI,Paid,TXN0001972
O001973,C0288,2026-05-04,5862.45,COD,Failed,TXN0001973
O001974,C0028,2025-03-29,2184.05,COD,Paid,TXN0001974
O001975,C0333,2025-07-13,1078.2,UPI,Paid,TXN0001975
O001976,C0001,2025-04-14,3598.0,Card,Paid,TXN0001976
O001977,C0188,2025-04-06,3798.1,COD,Paid,TXN0001977
O001978,C0056,2026-02-27,1598.0,COD,Paid,TXN0001978
O001979,C0035,2025-07-17,2718.3,Net Banking,Paid,TXN0001979
O001980,C0112,2025-01-01,539.1,UPI,Paid,TXN0001980
O001981,C0286,2026-02-11,2378.3,UPI,Paid,TXN0001981
O001982,C0310,2026-01-13,2184.05,Card,Paid,TXN0001982
O001983,C0036,2025-06-16,1698.3,UPI,Paid,TXN0001983
O001984,C0439,2026-05-24,1619.1,UPI,Paid,TXN0001984
O001985,C0217,2025-11-09,2299.0,Card,Paid,TXN0001985
O001986,C0080,2026-02-22,1519.05,UPI,Paid,TXN0001986
O001987,C0314,2026-04-22,3702.15,UPI,Paid,TXN0001987
O001988,C0083,2025-03-14,2069.1,UPI,Paid,TXN0001988
O001989,C0065,2025-05-21,3499.0,Card,Paid,TXN0001989
O001990,C0325,2026-08-05,2338.2,UPI,Failed,TXN0001990
O001991,C0128,2025-09-19,2069.1,UPI,Paid,TXN0001991
O001992,C0307,2025-12-06,8099.1,Card,Paid,TXN0001992
O001993,C0022,2025-11-04,3036.2,UPI,Paid,TXN0001993
O001994,C0216,2025-09-02,6207.3,Net Banking,Paid,TXN0001994
O001995,C0107,2026-05-30,9996.0,UPI,Paid,TXN0001995
O001996,C0109,2025-12-03,17998.0,COD,Paid,TXN0001996
O001997,C0372,2026-07-29,4317.3,Card,Paid,TXN0001997
O001998,C0357,2026-07-15,2847.15,COD,Paid,TXN0001998
O001999,C0181,2025-03-17,4936.2,UPI,Paid,TXN0001999
O002000,C0356,2025-06-24,4197.0,UPI,Paid,TXN0002000
O002001,C0164,2025-04-19,6836.2,COD,Paid,TXN0002001
O002002,C0068,2025-07-02,599.0,UPI,Paid,TXN0002002
O002003,C0292,2025-07-11,3796.2,COD,Paid,TXN0002003
O002004,C0180,2025-03-06,24297.3,UPI,Paid,TXN0002004
O002005,C0181,2026-04-19,5127.15,COD,Paid,TXN0002005
O002006,C0466,2025-04-10,2078.4,COD,Paid,TXN0002006
O002007,C0434,2026-06-28,2658.1,Net Banking,Pending,TXN0002007
O002008,C0464,2025-05-08,6648.1,UPI,Paid,TXN0002008
O002009,C0169,2026-03-28,6298.2,UPI,Paid,TXN0002009
O002010,C0402,2026-01-04,2397.0,Net Banking,Paid,TXN0002010
O002011,C0022,2025-02-12,2378.3,COD,Paid,TXN0002011
O002012,C0066,2026-02-23,6476.4,UPI,Paid,TXN0002012
O002013,C0021,2026-05-03,1599.0,Card,Paid,TXN0002013
O002014,C0100,2025-03-19,4587.45,UPI,Paid,TXN0002014
O002015,C0384,2025-09-27,1598.0,Net Banking,Paid,TXN0002015
O002016,C0300,2025-11-11,5517.6,UPI,Paid,TXN0002016
O002017,C0103,2025-06-17,3058.3,Card,Paid,TXN0002017
O002018,C0047,2025-12-05,4317.3,Card,Paid,TXN0002018
O002019,C0039,2025-07-12,1998.0,Net Banking,Paid,TXN0002019
O002020,C0285,2026-03-29,1299.0,COD,Paid,TXN0002020
O002021,C0310,2025-10-10,3418.1,UPI,Paid,TXN0002021
O002022,C0090,2025-12-02,2396.0,Card,Paid,TXN0002022
O002023,C0085,2026-01-25,3702.15,Net Banking,Paid,TXN0002023
O002024,C0273,2026-06-09,21597.6,Card,Paid,TXN0002024
O002025,C0336,2025-08-28,13296.2,Card,Paid,TXN0002025
O002026,C0188,2026-04-28,12596.4,COD,Paid,TXN0002026
O002027,C0159,2026-07-09,1439.1,UPI,Paid,TXN0002027
O002028,C0243,2026-04-03,22947.45,Card,Paid,TXN0002028
O002029,C0073,2025-03-30,3499.0,UPI,Paid,TXN0002029
O002030,C0479,2025-04-05,2277.15,Card,Paid,TXN0002030
O002031,C0462,2026-03-28,4077.45,COD,Paid,TXN0002031
O002032,C0049,2026-03-04,1529.15,UPI,Paid,TXN0002032
O002033,C0101,2025-05-31,21597.6,UPI,Paid,TXN0002033
O002034,C0002,2026-05-29,2157.3,UPI,Paid,TXN0002034
O002035,C0244,2026-01-11,2299.0,UPI,Paid,TXN0002035
O002036,C0176,2025-01-22,4138.2,COD,Paid,TXN0002036
O002037,C0238,2025-11-09,2299.0,Card,Paid,TXN0002037
O002038,C0398,2026-06-03,2697.3,UPI,Paid,TXN0002038
O002039,C0059,2025-07-25,8276.4,Card,Pending,TXN0002039
O002040,C0353,2026-01-10,16198.2,Card,Paid,TXN0002040
O002041,C0099,2026-03-27,7996.8,UPI,Paid,TXN0002041
O002042,C0442,2025-06-28,6298.2,COD,Paid,TXN0002042
O002043,C0359,2025-07-29,8736.2,UPI,Pending,TXN0002043
O002044,C0442,2026-05-15,17998.0,COD,Paid,TXN0002044
O002045,C0495,2026-04-09,679.15,UPI,Failed,TXN0002045
O002046,C0435,2025-05-04,3998.0,UPI,Paid,TXN0002046
O002047,C0468,2025-04-23,1598.0,UPI,Paid,TXN0002047
O002048,C0002,2025-01-12,3598.0,UPI,Paid,TXN0002048
O002049,C0243,2025-05-06,2157.3,COD,Paid,TXN0002049
O002050,C0297,2026-07-19,3996.0,UPI,Paid,TXN0002050
O002051,C0211,2025-11-27,1039.2,UPI,Paid,TXN0002051
O002052,C0123,2025-10-10,5116.8,Net Banking,Paid,TXN0002052
O002053,C0229,2025-05-20,6396.8,Card,Paid,TXN0002053
O002054,C0082,2026-02-05,799.0,UPI,Paid,TXN0002054
O002055,C0144,2025-04-07,4797.6,Net Banking,Paid,TXN0002055
O002056,C0388,2026-06-01,1598.4,UPI,Pending,TXN0002056
O002057,C0140,2026-07-23,3837.6,COD,Paid,TXN0002057
O002058,C0029,2025-03-10,2697.3,UPI,Paid,TXN0002058
O002059,C0391,2025-04-28,4138.2,Card,Paid,TXN0002059
O002060,C0270,2025-02-28,5196.0,Card,Paid,TXN0002060
O002061,C0247,2025-02-02,2718.3,UPI,Paid,TXN0002061
O002062,C0012,2025-11-14,8999.0,Card,Failed,TXN0002062
O002063,C0355,2025-02-19,1518.1,Card,Failed,TXN0002063
O002064,C0389,2026-05-04,2556.8,COD,Paid,TXN0002064
O002065,C0337,2025-01-19,9972.15,COD,Paid,TXN0002065
O002066,C0106,2025-07-16,2997.0,Card,Paid,TXN0002066
O002067,C0032,2026-03-26,2078.4,Card,Paid,TXN0002067
O002068,C0074,2026-07-13,1439.2,Card,Paid,TXN0002068
O002069,C0171,2026-03-28,9996.0,Card,Paid,TXN0002069
O002070,C0337,2025-10-16,4587.45,UPI,Paid,TXN0002070
O002071,C0069,2025-05-21,4748.1,Card,Paid,TXN0002071
O002072,C0301,2025-03-25,1329.05,Card,Failed,TXN0002072
O002073,C0362,2026-01-26,8549.05,Net Banking,Paid,TXN0002073
O002074,C0137,2025-08-03,4197.0,Card,Paid,TXN0002074
O002075,C0433,2026-06-10,2847.15,UPI,Paid,TXN0002075
O002076,C0417,2025-08-03,3996.0,Card,Paid,TXN0002076
O002077,C0484,2026-02-07,639.2,COD,Paid,TXN0002077
O002078,C0100,2025-05-08,8996.4,COD,Paid,TXN0002078
O002079,C0146,2026-04-22,1359.15,COD,Paid,TXN0002079
O002080,C0009,2026-02-08,539.1,COD,Paid,TXN0002080
O002081,C0062,2025-01-29,2598.0,UPI,Paid,TXN0002081
O002082,C0185,2025-12-04,5517.6,Card,Paid,TXN0002082
O002083,C0029,2025-12-27,1699.15,COD,Paid,TXN0002083
O002084,C0381,2026-07-23,3796.2,UPI,Paid,TXN0002084
O002085,C0114,2026-01-27,4197.0,UPI,Paid,TXN0002085
O002086,C0462,2025-08-06,5036.4,COD,Paid,TXN0002086
O002087,C0409,2026-07-28,1617.3,COD,Paid,TXN0002087
O002088,C0143,2025-07-21,4587.45,Net Banking,Paid,TXN0002088
O002089,C0390,2025-01-17,8999.0,Net Banking,Paid,TXN0002089
O002090,C0120,2025-11-18,4998.0,UPI,Paid,TXN0002090
O002091,C0170,2026-06-02,1799.1,COD,Paid,TXN0002091
O002092,C0157,2026-07-24,6747.3,UPI,Paid,TXN0002092
O002093,C0335,2025-11-21,999.0,Card,Paid,TXN0002093
O002094,C0349,2026-02-16,759.05,UPI,Paid,TXN0002094
O002095,C0260,2025-11-14,9447.3,UPI,Paid,TXN0002095
O002096,C0082,2025-03-23,5397.3,Net Banking,Paid,TXN0002096
O002097,C0242,2026-04-19,1709.05,UPI,Failed,TXN0002097
O002098,C0441,2026-04-13,1329.05,Card,Paid,TXN0002098
O002099,C0433,2026-03-01,1529.15,UPI,Paid,TXN0002099
O002100,C0172,2025-07-23,2556.8,UPI,Paid,TXN0002100
O002101,C0231,2026-08-06,999.0,UPI,Paid,TXN0002101
O002102,C0208,2026-01-22,13296.2,Card,Paid,TXN0002102
O002103,C0075,2025-04-08,3678.4,UPI,Paid,TXN0002103
O002104,C0270,2025-12-11,7596.2,UPI,Failed,TXN0002104
O002105,C0387,2025-07-27,539.1,Card,Paid,TXN0002105
O002106,C0499,2026-05-29,4498.2,UPI,Paid,TXN0002106
O002107,C0114,2026-08-09,7596.2,Card,Paid,TXN0002107
O002108,C0062,2025-06-15,5036.4,Net Banking,Paid,TXN0002108
O002109,C0362,2025-01-22,6747.3,UPI,Paid,TXN0002109
O002110,C0320,2025-06-03,4138.2,Card,Paid,TXN0002110
O002111,C0102,2026-03-15,1797.0,Card,Paid,TXN0002111
O002112,C0429,2025-10-22,3678.4,COD,Paid,TXN0002112
O002113,C0362,2025-08-07,2276.2,COD,Paid,TXN0002113
O002114,C0210,2026-05-10,24297.3,Net Banking,Paid,TXN0002114
O002115,C0442,2025-08-18,2124.15,UPI,Paid,TXN0002115
O002116,C0255,2025-01-20,4936.2,Net Banking,Paid,TXN0002116
O002117,C0020,2026-07-07,5948.3,Net Banking,Paid,TXN0002117
O002118,C0058,2025-05-28,2078.4,COD,Paid,TXN0002118
O002119,C0112,2025-04-18,6552.15,Card,Paid,TXN0002119
O002120,C0473,2026-02-07,7122.15,COD,Paid,TXN0002120
O002121,C0313,2026-04-28,14398.4,UPI,Paid,TXN0002121
O002122,C0486,2026-01-02,7996.0,COD,Failed,TXN0002122
O002123,C0461,2026-02-18,5997.0,UPI,Failed,TXN0002123
O002124,C0196,2025-11-05,1599.2,COD,Paid,TXN0002124
O002125,C0375,2025-05-14,1358.3,Card,Paid,TXN0002125
O002126,C0462,2025-10-10,7199.2,UPI,Paid,TXN0002126
O002127,C0353,2025-03-14,1598.0,COD,Paid,TXN0002127
O002128,C0092,2026-04-26,999.0,Card,Paid,TXN0002128
O002129,C0052,2025-12-18,9996.0,Card,Pending,TXN0002129
O002130,C0293,2026-07-14,2338.2,UPI,Pending,TXN0002130
O002131,C0008,2025-11-22,12596.4,COD,Paid,TXN0002131
O002132,C0300,2026-03-19,6552.15,Card,Paid,TXN0002132
O002133,C0098,2025-04-10,6998.0,Card,Paid,TXN0002133
O002134,C0236,2025-02-28,8276.4,Card,Paid,TXN0002134
O002135,C0389,2026-05-23,2249.1,Card,Paid,TXN0002135
O002136,C0374,2025-09-15,9996.0,Card,Paid,TXN0002136
O002137,C0069,2026-02-17,2878.4,UPI,Paid,TXN0002137
O002138,C0415,2026-03-28,5196.0,UPI,Paid,TXN0002138
O002139,C0045,2025-03-06,1259.1,Card,Paid,TXN0002139
O002140,C0137,2025-06-03,1954.15,Net Banking,Paid,TXN0002140
O002141,C0234,2025-09-23,1439.1,COD,Paid,TXN0002141
O002142,C0032,2025-03-20,4197.0,UPI,Paid,TXN0002142
O002143,C0289,2025-11-11,3798.1,UPI,Paid,TXN0002143
O002144,C0126,2026-07-14,2974.15,Card,Paid,TXN0002144
O002145,C0067,2025-09-05,1707.15,COD,Paid,TXN0002145
O002146,C0030,2026-02-18,539.1,UPI,Paid,TXN0002146
O002147,C0114,2025-01-25,7996.8,Card,Paid,TXN0002147
O002148,C0204,2025-10-11,2558.4,UPI,Paid,TXN0002148
O002149,C0029,2026-03-25,8276.4,UPI,Pending,TXN0002149
O002150,C0131,2025-10-28,2547.45,UPI,Pending,TXN0002150
O002151,C0474,2025-03-09,7356.8,COD,Paid,TXN0002151
O002152,C0185,2025-01-07,2276.2,COD,Paid,TXN0002152
O002153,C0253,2025-05-17,3324.05,UPI,Paid,TXN0002153
O002154,C0286,2025-06-13,9196.0,Card,Paid,TXN0002154
O002155,C0393,2025-03-24,2299.0,UPI,Paid,TXN0002155
O002156,C0410,2026-02-24,7649.15,COD,Failed,TXN0002156
O002157,C0386,2025-03-14,2338.2,Card,Failed,TXN0002157
O002158,C0062,2025-08-25,3567.45,UPI,Paid,TXN0002158
O002159,C0003,2025-02-15,2547.45,UPI,Paid,TXN0002159
O002160,C0430,2025-09-19,6747.3,COD,Paid,TXN0002160
O002161,C0068,2025-06-25,2069.1,Card,Failed,TXN0002161
O002162,C0025,2025-06-15,2997.0,UPI,Paid,TXN0002162
O002163,C0179,2026-01-05,1529.15,Card,Pending,TXN0002163
O002164,C0141,2025-02-23,4368.1,COD,Paid,TXN0002164
O002165,C0231,2026-02-23,2157.3,Card,Paid,TXN0002165
O002166,C0300,2026-05-22,799.0,Card,Paid,TXN0002166
O002167,C0163,2025-12-07,21597.6,Card,Paid,TXN0002167
O002168,C0311,2025-05-07,1917.6,Card,Paid,TXN0002168
O002169,C0471,2026-02-13,16198.2,Card,Paid,TXN0002169
O002170,C0393,2026-01-02,5756.4,Net Banking,Paid,TXN0002170
O002171,C0130,2025-09-28,5397.3,UPI,Paid,TXN0002171
O002172,C0445,2026-01-14,6648.1,Card,Pending,TXN0002172
O002173,C0246,2025-03-14,4197.0,UPI,Paid,TXN0002173
O002174,C0297,2025-09-05,4857.3,UPI,Paid,TXN0002174
O002175,C0172,2025-02-12,10497.0,Card,Paid,TXN0002175
O002176,C0064,2026-01-12,2277.15,COD,Paid,TXN0002176
O002177,C0031,2025-02-10,13296.2,UPI,Paid,TXN0002177
O002178,C0492,2025-06-19,6076.2,Net Banking,Paid,TXN0002178
O002179,C0047,2025-07-31,26997.0,UPI,Paid,TXN0002179
O002180,C0130,2026-05-08,3702.15,UPI,Paid,TXN0002180
O002181,C0352,2025-02-08,1898.1,UPI,Paid,TXN0002181
O002182,C0466,2026-01-04,4748.1,Card,Paid,TXN0002182
O002183,C0333,2025-05-31,1169.1,Card,Paid,TXN0002183
O002184,C0110,2025-04-21,4156.8,Card,Paid,TXN0002184
O002185,C0069,2026-04-25,5997.0,Card,Paid,TXN0002185
O002186,C0058,2026-03-12,6796.6,Card,Paid,TXN0002186
O002187,C0106,2025-02-16,2468.1,Card,Paid,TXN0002187
O002188,C0300,2026-07-29,32396.4,UPI,Paid,TXN0002188
O002189,C0330,2026-01-01,12596.4,COD,Paid,TXN0002189
O002190,C0256,2025-03-10,2697.3,Card,Paid,TXN0002190
O002191,C0312,2025-10-26,9447.3,UPI,Paid,TXN0002191
O002192,C0171,2025-10-23,6648.1,UPI,Paid,TXN0002192
O002193,C0383,2025-07-22,9972.15,COD,Paid,TXN0002193
O002194,C0473,2025-03-02,1698.3,UPI,Paid,TXN0002194
O002195,C0162,2025-11-10,1998.0,COD,Failed,TXN0002195
O002196,C0485,2025-06-10,1599.0,UPI,Paid,TXN0002196
O002197,C0286,2025-11-27,1399.0,Card,Paid,TXN0002197
O002198,C0071,2026-06-12,599.0,UPI,Paid,TXN0002198
O002199,C0255,2025-12-04,2156.4,Net Banking,Paid,TXN0002199
O002200,C0454,2025-10-31,539.1,COD,Paid,TXN0002200
O002201,C0374,2026-05-18,3702.15,Net Banking,Paid,TXN0002201
O002202,C0055,2025-12-04,6897.0,UPI,Paid,TXN0002202
O002203,C0323,2026-07-04,1439.1,COD,Paid,TXN0002203
O002204,C0397,2025-10-02,5436.6,Card,Paid,TXN0002204
O002205,C0003,2025-06-13,3998.4,Card,Paid,TXN0002205
O002206,C0026,2026-03-19,7356.8,UPI,Paid,TXN0002206
O002207,C0313,2025-11-15,6396.8,Card,Paid,TXN0002207
O002208,C0126,2026-08-12,4248.3,COD,Paid,TXN0002208
O002209,C0408,2026-05-19,3598.2,UPI,Paid,TXN0002209
O002210,C0053,2026-01-22,2798.0,UPI,Paid,TXN0002210
O002211,C0198,2026-05-09,4857.3,UPI,Paid,TXN0002211
O002212,C0299,2026-05-05,3998.0,UPI,Paid,TXN0002212
O002213,C0188,2025-03-14,5948.3,Card,Paid,TXN0002213
O002214,C0186,2026-05-24,7596.2,COD,Paid,TXN0002214
O002215,C0305,2026-01-25,2876.4,UPI,Paid,TXN0002215
O002216,C0298,2025-10-22,2299.0,Card,Paid,TXN0002216
O002217,C0204,2026-01-04,2156.4,Card,Paid,TXN0002217
O002218,C0497,2026-07-03,1138.1,UPI,Paid,TXN0002218
O002219,C0484,2026-07-22,2847.15,Card,Failed,TXN0002219
O002220,C0450,2025-07-06,8736.2,UPI,Failed,TXN0002220
O002221,C0011,2026-03-21,5596.0,Card,Paid,TXN0002221
O002222,C0359,2026-07-24,1138.1,UPI,Paid,TXN0002222
O002223,C0354,2025-12-29,6076.2,Card,Paid,TXN0002223
O002224,C0474,2025-05-03,11896.6,UPI,Paid,TXN0002224
O002225,C0146,2025-07-07,3418.1,Net Banking,Paid,TXN0002225
O002226,C0085,2026-02-24,5316.2,COD,Paid,TXN0002226
O002227,C0100,2025-09-09,3837.6,UPI,Paid,TXN0002227
O002228,C0104,2026-07-03,8099.1,Card,Paid,TXN0002228
O002229,C0436,2025-12-01,8736.2,UPI,Paid,TXN0002229
O002230,C0046,2025-04-02,2277.15,COD,Paid,TXN0002230
O002231,C0044,2026-06-14,4756.6,UPI,Failed,TXN0002231
O002232,C0278,2025-03-04,2184.05,COD,Paid,TXN0002232
O002233,C0181,2026-05-27,3418.1,UPI,Paid,TXN0002233
O002234,C0187,2025-05-19,1359.15,UPI,Paid,TXN0002234
O002235,C0478,2025-07-04,9196.0,UPI,Paid,TXN0002235
O002236,C0114,2025-07-24,849.15,UPI,Paid,TXN0002236
O002237,C0491,2025-08-02,1899.05,Card,Paid,TXN0002237
O002238,C0255,2025-09-13,4498.2,UPI,Failed,TXN0002238
O002239,C0381,2025-05-15,6116.6,COD,Paid,TXN0002239
O002240,C0380,2026-07-27,2374.05,COD,Paid,TXN0002240
O002241,C0030,2025-03-29,1104.15,UPI,Paid,TXN0002241
O002242,C0264,2025-07-26,3198.4,Card,Paid,TXN0002242
O002243,C0098,2025-05-09,5127.15,Card,Pending,TXN0002243
O002244,C0313,2025-01-03,4476.8,Card,Paid,TXN0002244
O002245,C0367,2025-05-01,2997.0,UPI,Paid,TXN0002245
O002246,C0329,2026-01-20,3567.45,UPI,Paid,TXN0002246
O002247,C0115,2025-02-07,17098.1,UPI,Paid,TXN0002247
O002248,C0276,2025-12-07,2468.1,Card,Paid,TXN0002248
O002249,C0488,2025-01-21,3996.0,Net Banking,Paid,TXN0002249
O002250,C0281,2025-08-30,2277.15,COD,Paid,TXN0002250
O002251,C0275,2026-03-31,599.0,UPI,Paid,TXN0002251
O002252,C0261,2025-10-30,5517.6,Card,Pending,TXN0002252
O002253,C0331,2025-03-10,3908.3,Net Banking,Paid,TXN0002253
O002254,C0207,2025-05-09,599.0,UPI,Paid,TXN0002254
O002255,C0384,2025-07-15,3499.0,Card,Paid,TXN0002255
O002256,C0328,2025-05-20,3908.3,Card,Paid,TXN0002256
O002257,C0211,2026-03-20,1519.05,Card,Paid,TXN0002257
O002258,C0215,2025-10-10,3897.0,Card,Paid,TXN0002258
O002259,C0411,2025-11-08,2878.2,Net Banking,Paid,TXN0002259
O002260,C0040,2026-06-19,2276.2,UPI,Paid,TXN0002260
O002261,C0480,2025-10-04,3998.0,COD,Paid,TXN0002261
O002262,C0026,2025-03-02,12596.4,UPI,Paid,TXN0002262
O002263,C0027,2025-11-15,12596.4,Card,Paid,TXN0002263
O002264,C0190,2025-02-21,1198.0,Net Banking,Paid,TXN0002264
O002265,C0083,2025-06-02,958.4,COD,Paid,TXN0002265
O002266,C0384,2025-11-07,8276.4,UPI,Paid,TXN0002266
O002267,C0434,2026-06-28,3796.2,Card,Paid,TXN0002267
O002268,C0170,2026-07-21,1999.0,UPI,Pending,TXN0002268
O002269,C0413,2026-01-24,17998.0,UPI,Paid,TXN0002269
O002270,C0167,2026-07-02,2468.1,Card,Paid,TXN0002270
O002271,C0188,2025-06-26,1299.0,Card,Paid,TXN0002271
O002272,C0169,2025-12-28,3418.1,Card,Paid,TXN0002272
O002273,C0289,2025-11-10,1399.0,Card,Paid,TXN0002273
O002274,C0467,2025-04-07,2069.1,UPI,Paid,TXN0002274
O002275,C0229,2025-08-01,3058.3,UPI,Paid,TXN0002275
O002276,C0467,2025-05-17,24297.3,Card,Paid,TXN0002276
O002277,C0097,2025-01-06,12596.4,COD,Paid,TXN0002277
O002278,C0367,2025-04-19,958.4,COD,Paid,TXN0002278
O002279,C0016,2026-07-01,6747.3,UPI,Failed,TXN0002279
O002280,C0279,2025-02-08,569.05,UPI,Failed,TXN0002280
O002281,C0135,2026-03-01,25647.15,Card,Paid,TXN0002281
O002282,C0026,2025-09-18,15298.3,COD,Paid,TXN0002282
O002283,C0352,2026-03-02,1998.0,UPI,Paid,TXN0002283
O002284,C0012,2025-03-28,2847.15,Card,Paid,TXN0002284
O002285,C0072,2026-04-10,1798.2,Net Banking,Paid,TXN0002285
O002286,C0133,2025-03-17,3596.4,Card,Paid,TXN0002286
O002287,C0106,2026-04-16,3567.45,UPI,Paid,TXN0002287
O002288,C0220,2026-02-18,2184.05,Card,Paid,TXN0002288
O002289,C0373,2026-04-02,2397.0,UPI,Paid,TXN0002289
O002290,C0453,2025-10-12,3117.6,UPI,Paid,TXN0002290
O002291,C0177,2025-08-27,6897.0,Net Banking,Paid,TXN0002291
O002292,C0282,2026-07-12,6897.0,UPI,Paid,TXN0002292
O002293,C0133,2026-01-07,1234.05,UPI,Paid,TXN0002293
O002294,C0022,2026-05-10,849.15,Card,Paid,TXN0002294
O002295,C0463,2025-02-14,1954.15,COD,Paid,TXN0002295
O002296,C0269,2026-02-05,1437.6,COD,Paid,TXN0002296
O002297,C0412,2025-09-04,5596.0,UPI,Paid,TXN0002297
O002298,C0161,2026-03-26,3796.2,Card,Paid,TXN0002298
O002299,C0107,2026-04-30,1329.05,Card,Paid,TXN0002299
O002300,C0279,2025-01-18,6116.6,Card,Paid,TXN0002300
O002301,C0353,2025-10-16,3036.2,Card,Failed,TXN0002301
O002302,C0235,2026-02-18,9196.0,UPI,Paid,TXN0002302
O002303,C0018,2025-08-23,2156.4,Net Banking,Failed,TXN0002303
O002304,C0242,2026-02-20,3036.2,Card,Paid,TXN0002304
O002305,C0117,2026-05-14,2878.2,UPI,Paid,TXN0002305
O002306,C0286,2025-04-25,1189.15,Card,Paid,TXN0002306
O002307,C0282,2025-08-22,5127.15,UPI,Pending,TXN0002307
O002308,C0144,2026-06-24,7996.0,Card,Paid,TXN0002308
O002309,C0205,2025-01-11,3798.1,UPI,Paid,TXN0002309
O002310,C0039,2025-07-25,5127.15,UPI,Paid,TXN0002310
O002311,C0417,2025-09-04,6998.0,COD,Paid,TXN0002311
O002312,C0154,2026-07-13,12596.4,COD,Paid,TXN0002312
O002313,C0176,2025-05-07,3996.0,UPI,Paid,TXN0002313
O002314,C0449,2025-05-27,11196.8,Card,Paid,TXN0002314
O002315,C0241,2025-04-28,7996.0,Card,Paid,TXN0002315
O002316,C0422,2026-01-17,1707.15,Card,Paid,TXN0002316
O002317,C0386,2026-02-16,9972.15,UPI,Paid,TXN0002317
O002318,C0369,2026-08-07,2718.3,Card,Paid,TXN0002318
O002319,C0134,2025-12-29,1899.05,UPI,Paid,TXN0002319
O002320,C0046,2026-05-24,4756.6,COD,Paid,TXN0002320
O002321,C0050,2025-05-17,15298.3,Card,Paid,TXN0002321
O002322,C0166,2025-06-24,5598.4,COD,Paid,TXN0002322
O002323,C0106,2025-10-16,5948.3,UPI,Paid,TXN0002323
O002324,C0216,2026-04-26,9196.0,COD,Paid,TXN0002324
O002325,C0146,2025-01-19,4416.6,UPI,Paid,TXN0002325
O002326,C0411,2025-07-14,2558.4,COD,Paid,TXN0002326
O002327,C0425,2025-11-26,6396.8,UPI,Paid,TXN0002327
O002328,C0072,2025-06-24,3998.0,Card,Paid,TXN0002328
O002329,C0476,2026-03-25,2157.3,UPI,Paid,TXN0002329
O002330,C0330,2025-12-20,9996.0,UPI,Paid,TXN0002330
O002331,C0273,2026-05-14,3702.15,Card,Paid,TXN0002331
O002332,C0247,2025-05-21,3149.1,Card,Failed,TXN0002332
O002333,C0446,2025-04-03,5756.8,Card,Paid,TXN0002333
O002334,C0413,2025-08-27,2069.1,UPI,Paid,TXN0002334
O002335,C0186,2025-07-24,1358.3,UPI,Paid,TXN0002335
O002336,C0070,2026-07-14,2396.0,COD,Paid,TXN0002336
O002337,C0462,2026-03-09,3196.0,COD,Paid,TXN0002337
O002338,C0150,2025-09-02,5036.4,UPI,Pending,TXN0002338
O002339,C0246,2025-11-13,2184.05,Card,Paid,TXN0002339
O002340,C0262,2025-10-22,2974.15,COD,Paid,TXN0002340
O002341,C0026,2025-10-09,4748.1,COD,Paid,TXN0002341
O002342,C0423,2025-01-17,25647.15,UPI,Paid,TXN0002342
O002343,C0140,2025-03-12,1617.3,COD,Paid,TXN0002343
O002344,C0099,2025-09-26,1899.05,UPI,Paid,TXN0002344
O002345,C0398,2025-11-21,4476.8,Card,Failed,TXN0002345
O002346,C0278,2025-11-01,3702.15,UPI,Paid,TXN0002346
O002347,C0051,2026-03-27,1707.15,Card,Paid,TXN0002347
O002348,C0151,2025-01-07,2974.15,Card,Paid,TXN0002348
O002349,C0432,2025-11-10,1518.1,UPI,Paid,TXN0002349
O002350,C0455,2025-04-13,1359.15,Card,Paid,TXN0002350
O002351,C0104,2025-07-12,1799.0,Card,Paid,TXN0002351
O002352,C0434,2026-07-28,9196.0,Card,Paid,TXN0002352
O002353,C0089,2026-06-13,1999.2,UPI,Paid,TXN0002353
O002354,C0141,2025-06-20,2036.6,UPI,Paid,TXN0002354
O002355,C0213,2026-06-21,17098.1,Card,Paid,TXN0002355
O002356,C0233,2025-09-08,3596.4,COD,Paid,TXN0002356
O002357,C0394,2026-01-22,1278.4,COD,Pending,TXN0002357
O002358,C0183,2025-07-26,3598.0,UPI,Paid,TXN0002358
O002359,C0251,2026-06-25,6998.0,Card,Paid,TXN0002359
O002360,C0009,2026-02-20,8099.1,UPI,Paid,TXN0002360
O002361,C0079,2026-01-15,3196.0,Net Banking,Failed,TXN0002361
O002362,C0052,2025-05-24,5397.0,UPI,Failed,TXN0002362
O002363,C0386,2025-01-25,1529.15,UPI,Paid,TXN0002363
O002364,C0409,2025-03-14,3998.0,Card,Paid,TXN0002364
O002365,C0269,2025-04-03,4587.45,COD,Paid,TXN0002365
O002366,C0226,2026-05-20,1439.1,UPI,Paid,TXN0002366
O002367,C0051,2025-12-02,24297.3,UPI,Paid,TXN0002367
O002368,C0186,2026-03-01,6298.2,Card,Failed,TXN0002368
O002369,C0034,2026-05-14,9972.15,Card,Paid,TXN0002369
O002370,C0291,2025-12-30,4797.0,UPI,Paid,TXN0002370
O002371,C0230,2025-07-18,2598.0,Card,Paid,TXN0002371
O002372,C0131,2026-02-17,1527.45,Card,Paid,TXN0002372
O002373,C0490,2025-12-05,8999.0,COD,Paid,TXN0002373
O002374,C0120,2026-03-05,5397.0,UPI,Paid,TXN0002374
O002375,C0443,2025-05-19,1916.8,UPI,Paid,TXN0002375
O002376,C0326,2026-06-26,1999.2,COD,Paid,TXN0002376
O002377,C0247,2025-02-26,3987.15,Card,Paid,TXN0002377
O002378,C0432,2025-08-20,35996.0,COD,Paid,TXN0002378
O002379,C0192,2026-03-11,3596.4,COD,Paid,TXN0002379
O002380,C0497,2026-01-19,8496.6,UPI,Paid,TXN0002380
O002381,C0403,2026-07-14,4797.0,UPI,Paid,TXN0002381
O002382,C0323,2025-07-13,3598.0,UPI,Paid,TXN0002382
O002383,C0210,2026-06-18,4416.6,Net Banking,Paid,TXN0002383
O002384,C0103,2026-06-02,1598.4,Card,Paid,TXN0002384
O002385,C0329,2025-07-04,1104.15,UPI,Pending,TXN0002385
O002386,C0372,2025-10-19,2598.0,UPI,Paid,TXN0002386
O002387,C0460,2025-12-01,4368.1,COD,Paid,TXN0002387
O002388,C0133,2025-04-26,1438.2,COD,Failed,TXN0002388
O002389,C0323,2025-02-18,1598.0,COD,Paid,TXN0002389
O002390,C0139,2025-03-23,3998.0,UPI,Paid,TXN0002390
O002391,C0121,2025-11-29,949.05,Card,Paid,TXN0002391
O002392,C0094,2026-07-11,1259.1,UPI,Paid,TXN0002392
O002393,C0452,2025-12-01,3598.2,UPI,Paid,TXN0002393
O002394,C0453,2026-06-16,1698.3,UPI,Failed,TXN0002394
O002395,C0129,2025-08-09,4416.6,UPI,Paid,TXN0002395
O002396,C0091,2025-11-19,1599.2,Card,Paid,TXN0002396
O002397,C0092,2025-01-03,2547.45,COD,Paid,TXN0002397
O002398,C0063,2025-07-25,1329.05,UPI,Paid,TXN0002398
O002399,C0029,2025-02-09,1707.15,COD,Pending,TXN0002399
O002400,C0210,2025-02-28,8996.4,UPI,Paid,TXN0002400
O002401,C0012,2026-07-28,1198.0,Card,Paid,TXN0002401
O002402,C0333,2026-05-22,28796.8,UPI,Paid,TXN0002402
O002403,C0297,2026-07-26,1198.0,UPI,Paid,TXN0002403
O002404,C0130,2025-05-02,569.05,UPI,Paid,TXN0002404
O002405,C0293,2026-04-24,3238.2,Card,Paid,TXN0002405
O002406,C0173,2025-04-06,1617.3,COD,Paid,TXN0002406
O002407,C0208,2026-02-18,2697.3,COD,Paid,TXN0002407
O002408,C0432,2025-08-23,5036.4,UPI,Paid,TXN0002408
O002409,C0024,2025-03-03,8999.0,COD,Paid,TXN0002409
O002410,C0099,2025-09-13,5997.0,Card,Paid,TXN0002410
O002411,C0406,2026-07-15,3196.8,Net Banking,Paid,TXN0002411
O002412,C0356,2025-12-14,949.05,Card,Paid,TXN0002412
O002413,C0139,2025-05-04,1519.05,Net Banking,Paid,TXN0002413
O002414,C0314,2026-04-27,3796.2,COD,Paid,TXN0002414
O002415,C0174,2025-11-13,5397.0,COD,Paid,TXN0002415
O002416,C0029,2026-05-19,2157.3,UPI,Paid,TXN0002416
O002417,C0419,2025-02-17,5756.4,Card,Failed,TXN0002417
O002418,C0496,2026-02-13,22947.45,Card,Paid,TXN0002418
O002419,C0143,2025-05-16,7196.4,UPI,Paid,TXN0002419
O002420,C0316,2025-07-20,2397.0,UPI,Paid,TXN0002420
O002421,C0351,2025-09-07,5697.15,Net Banking,Failed,TXN0002421
O002422,C0042,2025-11-10,13996.0,Card,Paid,TXN0002422
O002423,C0489,2026-01-03,13996.0,UPI,Paid,TXN0002423
O002424,C0299,2026-03-05,25647.15,Card,Paid,TXN0002424
O002425,C0208,2026-04-25,8736.2,UPI,Paid,TXN0002425
O002426,C0330,2025-11-10,3777.3,Card,Paid,TXN0002426
O002427,C0433,2026-05-15,4138.2,Card,Paid,TXN0002427
O002428,C0192,2025-12-21,1189.15,UPI,Failed,TXN0002428
O002429,C0160,2026-04-30,1359.15,COD,Paid,TXN0002429
O002430,C0064,2025-07-30,26997.0,UPI,Failed,TXN0002430
O002431,C0243,2025-02-13,1329.05,COD,Paid,TXN0002431
O002432,C0258,2026-06-25,9972.15,Net Banking,Paid,TXN0002432
O002433,C0152,2026-07-25,13296.2,UPI,Pending,TXN0002433
O002434,C0215,2026-08-06,2598.0,COD,Paid,TXN0002434
O002435,C0322,2025-04-02,1399.0,Card,Paid,TXN0002435
O002436,C0166,2025-09-22,539.1,Card,Paid,TXN0002436
O002437,C0031,2025-08-08,32396.4,UPI,Paid,TXN0002437
O002438,C0371,2026-03-18,1438.2,Card,Pending,TXN0002438
O002439,C0232,2026-02-05,4748.1,Net Banking,Pending,TXN0002439
O002440,C0282,2026-02-04,2878.2,UPI,Paid,TXN0002440
O002441,C0029,2026-07-30,3596.4,UPI,Failed,TXN0002441
O002442,C0195,2026-05-05,539.1,UPI,Failed,TXN0002442
O002443,C0334,2026-04-30,999.0,Card,Paid,TXN0002443
O002444,C0256,2026-04-15,2518.2,Net Banking,Paid,TXN0002444
O002445,C0281,2026-07-28,2876.4,Card,Failed,TXN0002445
O002446,C0304,2026-03-21,2396.0,UPI,Paid,TXN0002446
O002447,C0321,2025-09-26,9196.0,Card,Paid,TXN0002447
O002448,C0437,2025-09-24,3198.0,UPI,Paid,TXN0002448
O002449,C0323,2025-02-23,2156.4,UPI,Paid,TXN0002449
O002450,C0346,2026-06-12,3398.3,Card,Paid,TXN0002450
O002451,C0402,2026-06-04,1518.1,UPI,Paid,TXN0002451
O002452,C0393,2025-02-28,3418.1,COD,Paid,TXN0002452
O002453,C0294,2025-02-09,2397.6,Card,Failed,TXN0002453
O002454,C0087,2025-08-25,6998.0,COD,Paid,TXN0002454
O002455,C0149,2026-01-21,6396.0,Net Banking,Paid,TXN0002455
O002456,C0249,2025-10-27,1707.15,Net Banking,Paid,TXN0002456
O002457,C0321,2026-01-30,2069.1,UPI,Paid,TXN0002457
O002458,C0405,2025-07-26,8099.1,Net Banking,Paid,TXN0002458
O002459,C0283,2025-12-02,3036.2,COD,Paid,TXN0002459
O002460,C0362,2026-05-29,7356.8,COD,Paid,TXN0002460
O002461,C0379,2025-06-27,5756.4,UPI,Paid,TXN0002461
O002462,C0198,2026-01-31,7996.0,UPI,Paid,TXN0002462
O002463,C0044,2026-01-06,2697.3,Net Banking,Paid,TXN0002463
O002464,C0356,2025-11-14,3196.0,UPI,Paid,TXN0002464
O002465,C0028,2026-01-04,6298.2,UPI,Paid,TXN0002465
O002466,C0429,2026-01-19,2499.0,UPI,Paid,TXN0002466
O002467,C0017,2025-03-03,32396.4,COD,Paid,TXN0002467
O002468,C0127,2026-05-20,1518.1,Card,Paid,TXN0002468
O002469,C0379,2025-08-27,11896.6,Net Banking,Pending,TXN0002469
O002470,C0168,2025-07-14,3798.1,UPI,Paid,TXN0002470
O002471,C0244,2025-08-10,4857.3,UPI,Paid,TXN0002471
O002472,C0387,2025-03-02,1899.05,Card,Paid,TXN0002472
O002473,C0076,2025-05-09,1599.2,Card,Paid,TXN0002473
O002474,C0231,2025-06-05,1527.45,UPI,Paid,TXN0002474
O002475,C0204,2026-01-13,1998.0,UPI,Paid,TXN0002475
O002476,C0450,2026-08-09,5116.8,UPI,Paid,TXN0002476
O002477,C0248,2026-03-13,1518.1,UPI,Paid,TXN0002477
O002478,C0302,2025-07-26,1439.1,Card,Paid,TXN0002478
O002479,C0214,2026-01-23,2157.3,UPI,Paid,TXN0002479
O002480,C0215,2026-04-25,10497.0,UPI,Paid,TXN0002480
O002481,C0158,2025-12-06,2878.4,UPI,Paid,TXN0002481
O002482,C0069,2025-12-06,1138.1,UPI,Paid,TXN0002482
O002483,C0393,2025-07-23,5397.0,Net Banking,Paid,TXN0002483
O002484,C0085,2025-06-10,1954.15,UPI,Paid,TXN0002484
O002485,C0267,2026-06-24,2156.4,UPI,Paid,TXN0002485
O002486,C0069,2026-01-27,9996.0,UPI,Paid,TXN0002486
O002487,C0099,2026-07-29,3998.0,Card,Paid,TXN0002487
O002488,C0347,2026-06-18,6747.3,Card,Paid,TXN0002488
O002489,C0497,2025-03-11,3897.0,UPI,Paid,TXN0002489
O002490,C0450,2026-02-09,3357.6,Card,Paid,TXN0002490
O002491,C0216,2026-06-01,1799.1,Card,Failed,TXN0002491
O002492,C0415,2025-04-30,4748.1,UPI,Pending,TXN0002492
O002493,C0161,2025-08-05,1898.1,UPI,Paid,TXN0002493
O002494,C0423,2025-02-25,2518.2,Card,Paid,TXN0002494
O002495,C0094,2026-01-01,1709.05,Card,Paid,TXN0002495
O002496,C0174,2026-05-19,3398.3,Net Banking,Paid,TXN0002496
O002497,C0165,2026-03-31,6396.8,Card,Paid,TXN0002497
O002498,C0115,2025-04-14,3238.2,COD,Paid,TXN0002498
O002499,C0220,2025-03-18,4368.1,UPI,Paid,TXN0002499
O002500,C0444,2025-08-18,1998.0,COD,Pending,TXN0002500
O002501,C0031,2025-09-15,1799.1,Card,Paid,TXN0002501
O002502,C0011,2025-09-21,8996.4,Card,Failed,TXN0002502
O002503,C0343,2025-11-27,7196.4,UPI,Paid,TXN0002503
O002504,C0377,2025-07-01,4197.0,UPI,Paid,TXN0002504
O002505,C0130,2026-07-04,5097.45,Card,Paid,TXN0002505
O002506,C0488,2025-01-27,9496.2,UPI,Paid,TXN0002506
O002507,C0105,2025-10-03,16198.2,UPI,Paid,TXN0002507
O002508,C0027,2025-10-26,2378.3,UPI,Paid,TXN0002508
O002509,C0227,2025-04-01,1438.2,UPI,Paid,TXN0002509
O002510,C0002,2026-04-25,3324.05,Card,Paid,TXN0002510
O002511,C0359,2026-07-27,6298.2,Card,Paid,TXN0002511
O002512,C0101,2026-04-03,1399.0,UPI,Paid,TXN0002512
O002513,C0021,2026-03-27,2716.6,Card,Pending,TXN0002513
O002514,C0058,2025-12-31,1998.0,COD,Paid,TXN0002514
O002515,C0389,2025-12-17,17098.1,Net Banking,Paid,TXN0002515
O002516,C0180,2026-02-04,4197.0,Card,Paid,TXN0002516
O002517,C0429,2025-09-10,8496.6,Card,Paid,TXN0002517
O002518,C0341,2026-04-04,1078.2,UPI,Paid,TXN0002518
O002519,C0349,2026-05-14,1169.1,Card,Paid,TXN0002519
O002520,C0020,2026-05-23,2156.4,COD,Paid,TXN0002520
O002521,C0255,2025-10-31,4077.45,Card,Paid,TXN0002521
O002522,C0317,2026-05-16,7996.0,UPI,Paid,TXN0002522
O002523,C0038,2025-06-15,719.1,Card,Paid,TXN0002523
O002524,C0148,2026-02-19,6207.3,Net Banking,Paid,TXN0002524
O002525,C0498,2026-04-07,8999.0,COD,Paid,TXN0002525
O002526,C0025,2025-04-24,9996.0,COD,Paid,TXN0002526
O002527,C0386,2026-03-09,6552.15,UPI,Paid,TXN0002527
O002528,C0121,2025-12-22,3499.0,UPI,Paid,TXN0002528
O002529,C0416,2025-07-26,5316.2,COD,Paid,TXN0002529
O002530,C0026,2025-08-23,8999.0,UPI,Failed,TXN0002530
O002531,C0454,2026-03-18,1078.2,Card,Paid,TXN0002531
O002532,C0169,2025-12-21,7196.0,Card,Paid,TXN0002532
O002533,C0323,2026-05-30,5697.15,Card,Paid,TXN0002533
O002534,C0225,2025-07-27,3837.6,Card,Paid,TXN0002534
O002535,C0001,2025-05-05,1438.2,COD,Paid,TXN0002535
O002536,C0307,2025-05-18,569.05,UPI,Paid,TXN0002536
O002537,C0261,2025-12-05,3149.1,COD,Paid,TXN0002537
O002538,C0013,2026-06-21,4197.0,COD,Failed,TXN0002538
O002539,C0403,2025-03-09,1999.0,Net Banking,Paid,TXN0002539
O002540,C0396,2026-07-27,13996.0,Card,Paid,TXN0002540
O002541,C0048,2026-06-25,5756.8,Card,Paid,TXN0002541
O002542,C0409,2026-01-18,6207.3,Net Banking,Paid,TXN0002542
O002543,C0313,2025-01-19,2036.6,Card,Paid,TXN0002543
O002544,C0371,2026-03-26,3837.6,Card,Paid,TXN0002544
O002545,C0291,2025-03-15,1279.2,UPI,Paid,TXN0002545
O002546,C0332,2026-07-27,1799.1,UPI,Paid,TXN0002546
O002547,C0094,2025-10-03,2249.1,Card,Paid,TXN0002547
O002548,C0261,2025-02-17,3798.1,Card,Paid,TXN0002548
O002549,C0482,2025-07-30,10497.0,Card,Paid,TXN0002549
O002550,C0278,2026-06-24,2876.4,UPI,Paid,TXN0002550
O002551,C0359,2025-07-10,2249.1,COD,Paid,TXN0002551
O002552,C0205,2025-11-11,2558.4,Card,Pending,TXN0002552
O002553,C0185,2026-07-17,4936.2,Card,Paid,TXN0002553
O002554,C0175,2026-07-16,5756.4,Net Banking,Paid,TXN0002554
O002555,C0438,2025-04-23,7196.4,UPI,Paid,TXN0002555
O002556,C0387,2025-06-19,3499.0,COD,Paid,TXN0002556
O002557,C0380,2026-04-13,8996.4,Card,Paid,TXN0002557
O002558,C0309,2025-01-14,3777.3,Card,Paid,TXN0002558
O002559,C0468,2025-10-15,4748.1,UPI,Paid,TXN0002559
O002560,C0415,2025-07-08,6476.4,UPI,Failed,TXN0002560
O002561,C0069,2025-06-04,3996.0,Card,Paid,TXN0002561
O002562,C0472,2026-07-21,1707.15,UPI,Paid,TXN0002562
O002563,C0104,2026-04-16,3596.4,UPI,Paid,TXN0002563
O002564,C0246,2025-03-16,8549.05,COD,Paid,TXN0002564
O002565,C0161,2025-10-04,2184.05,Card,Paid,TXN0002565
O002566,C0200,2025-12-09,8999.0,COD,Paid,TXN0002566
O002567,C0216,2026-03-01,3196.0,Card,Paid,TXN0002567
O002568,C0434,2026-07-25,1518.1,Card,Paid,TXN0002568
O002569,C0212,2026-05-26,17098.1,Net Banking,Paid,TXN0002569
O002570,C0016,2025-07-01,8996.4,Net Banking,Paid,TXN0002570
O002571,C0498,2026-04-03,5948.3,UPI,Paid,TXN0002571
O002572,C0372,2025-03-05,1198.0,COD,Paid,TXN0002572
O002573,C0332,2025-09-17,35996.0,UPI,Paid,TXN0002573
O002574,C0205,2025-07-12,1899.05,UPI,Paid,TXN0002574
O002575,C0365,2026-02-10,9496.2,Card,Paid,TXN0002575
O002576,C0490,2025-04-03,3149.1,Net Banking,Paid,TXN0002576
O002577,C0039,2026-03-06,849.15,Net Banking,Failed,TXN0002577
O002578,C0089,2026-03-10,2208.3,UPI,Paid,TXN0002578
O002579,C0430,2026-02-08,1598.0,COD,Failed,TXN0002579
O002580,C0256,2026-03-10,1599.2,COD,Paid,TXN0002580
O002581,C0480,2025-04-22,1399.0,UPI,Pending,TXN0002581
O002582,C0254,2026-01-10,4138.2,Card,Failed,TXN0002582
O002583,C0216,2025-02-28,3777.3,Card,Paid,TXN0002583
O002584,C0368,2025-02-12,3149.1,UPI,Failed,TXN0002584
O002585,C0303,2025-07-26,569.05,COD,Paid,TXN0002585
O002586,C0172,2025-10-23,1709.05,UPI,Paid,TXN0002586
O002587,C0137,2025-04-28,6298.2,UPI,Paid,TXN0002587
O002588,C0488,2026-06-16,5196.0,UPI,Paid,TXN0002588
O002589,C0498,2025-08-10,999.0,Card,Paid,TXN0002589
O002590,C0471,2025-06-15,1439.1,Card,Paid,TXN0002590
O002591,C0384,2025-06-05,3324.05,Card,Paid,TXN0002591
O002592,C0178,2025-07-03,3596.4,Card,Paid,TXN0002592
O002593,C0077,2025-03-31,2396.0,UPI,Paid,TXN0002593
O002594,C0188,2025-04-04,1189.15,COD,Paid,TXN0002594
O002595,C0480,2025-01-13,3499.0,Card,Paid,TXN0002595
O002596,C0498,2026-03-14,8922.45,UPI,Paid,TXN0002596
O002597,C0015,2026-06-22,34196.2,UPI,Paid,TXN0002597
O002598,C0292,2026-08-10,3777.3,UPI,Failed,TXN0002598
O002599,C0497,2025-05-30,1954.15,Net Banking,Paid,TXN0002599
O002600,C0319,2025-01-08,2184.05,Card,Paid,TXN0002600
O002601,C0325,2025-01-29,1999.0,Card,Paid,TXN0002601
O002602,C0214,2025-10-23,1709.05,UPI,Paid,TXN0002602
O002603,C0208,2025-12-06,1598.0,Card,Paid,TXN0002603
O002604,C0169,2026-03-15,2878.2,Net Banking,Paid,TXN0002604
O002605,C0330,2025-05-24,6648.1,UPI,Paid,TXN0002605
O002606,C0280,2026-06-03,8922.45,Card,Paid,TXN0002606
O002607,C0466,2025-02-14,7196.4,Net Banking,Paid,TXN0002607
O002608,C0305,2025-08-27,1799.0,Card,Failed,TXN0002608
O002609,C0146,2025-06-04,4756.6,UPI,Paid,TXN0002609
O002610,C0263,2025-06-30,6648.1,UPI,Paid,TXN0002610
O002611,C0004,2025-08-03,949.05,UPI,Failed,TXN0002611
O002612,C0090,2025-03-29,2374.05,COD,Failed,TXN0002612
O002613,C0453,2025-09-13,2157.3,Card,Paid,TXN0002613
O002614,C0060,2026-05-26,6836.2,Net Banking,Paid,TXN0002614
O002615,C0311,2025-03-14,9447.3,UPI,Pending,TXN0002615
O002616,C0016,2025-06-28,3598.0,Card,Paid,TXN0002616
O002617,C0227,2025-07-31,7356.8,UPI,Failed,TXN0002617
O002618,C0474,2025-08-22,1078.2,UPI,Paid,TXN0002618
O002619,C0466,2026-04-10,4557.15,UPI,Paid,TXN0002619
O002620,C0029,2025-08-11,9447.3,UPI,Failed,TXN0002620
O002621,C0151,2025-09-21,1439.1,COD,Paid,TXN0002621
O002622,C0245,2025-07-26,5196.0,UPI,Paid,TXN0002622
O002623,C0270,2026-01-01,2396.0,Card,Paid,TXN0002623
O002624,C0079,2025-10-03,2499.0,Net Banking,Paid,TXN0002624
O002625,C0433,2026-01-15,6796.6,Net Banking,Paid,TXN0002625
O002626,C0289,2025-11-05,2878.2,UPI,Paid,TXN0002626
O002627,C0153,2025-09-25,6648.1,Net Banking,Paid,TXN0002627
O002628,C0277,2025-03-05,26997.0,UPI,Paid,TXN0002628
O002629,C0401,2025-12-16,3798.1,UPI,Paid,TXN0002629
O002630,C0279,2026-05-09,2876.4,COD,Paid,TXN0002630
O002631,C0057,2026-06-07,1799.1,COD,Paid,TXN0002631
O002632,C0491,2025-04-08,3357.6,COD,Paid,TXN0002632
O002633,C0465,2025-03-12,1519.05,COD,Paid,TXN0002633
O002634,C0186,2025-12-30,25647.15,UPI,Paid,TXN0002634
O002635,C0398,2026-07-24,4557.15,Card,Paid,TXN0002635
O002636,C0093,2025-10-03,1189.15,UPI,Paid,TXN0002636
O002637,C0276,2025-02-19,1198.0,Card,Paid,TXN0002637
O002638,C0158,2025-12-24,1138.1,UPI,Paid,TXN0002638
O002639,C0275,2026-07-18,1438.2,UPI,Paid,TXN0002639
O002640,C0181,2026-04-30,4998.0,COD,Paid,TXN0002640
O002641,C0359,2025-03-25,3324.05,COD,Paid,TXN0002641
O002642,C0440,2026-08-07,8276.4,Card,Paid,TXN0002642
O002643,C0077,2025-10-23,1797.0,Card,Paid,TXN0002643
O002644,C0466,2025-08-24,2184.05,Card,Paid,TXN0002644
O002645,C0151,2025-02-25,3038.1,Card,Paid,TXN0002645
O002646,C0446,2025-12-26,1518.1,Net Banking,Paid,TXN0002646
O002647,C0238,2025-04-20,1399.0,UPI,Pending,TXN0002647
O002648,C0289,2025-07-11,4317.6,Card,Failed,TXN0002648
O002649,C0231,2025-04-03,3499.0,COD,Paid,TXN0002649
O002650,C0488,2026-07-22,1439.1,COD,Paid,TXN0002650
O002651,C0018,2025-03-01,7196.0,Card,Paid,TXN0002651
O002652,C0073,2025-02-08,3324.05,UPI,Paid,TXN0002652
O002653,C0417,2026-06-24,7196.0,COD,Paid,TXN0002653
O002654,C0416,2025-02-18,5997.0,Card,Paid,TXN0002654
O002655,C0189,2026-02-24,1599.0,COD,Paid,TXN0002655
O002656,C0438,2025-01-13,759.05,Card,Paid,TXN0002656
O002657,C0017,2025-02-05,1438.2,UPI,Paid,TXN0002657
O002658,C0019,2025-04-11,1399.0,UPI,Paid,TXN0002658
O002659,C0219,2025-03-27,5598.4,Card,Paid,TXN0002659
O002660,C0326,2026-05-31,4368.1,UPI,Paid,TXN0002660
O002661,C0483,2025-08-11,3038.1,UPI,Paid,TXN0002661
O002662,C0120,2025-12-04,10497.0,Card,Paid,TXN0002662
O002663,C0101,2025-06-15,13296.2,Card,Paid,TXN0002663
O002664,C0034,2026-01-18,1358.3,UPI,Paid,TXN0002664
O002665,C0084,2026-01-11,1619.1,UPI,Paid,TXN0002665
O002666,C0409,2026-04-16,569.05,Net Banking,Paid,TXN0002666
O002667,C0196,2025-01-31,3598.0,UPI,Paid,TXN0002667
O002668,C0330,2026-01-10,15298.3,UPI,Paid,TXN0002668
O002669,C0202,2025-01-11,1599.0,UPI,Paid,TXN0002669
O002670,C0344,2025-10-29,2468.1,COD,Paid,TXN0002670
O002671,C0341,2025-04-06,3996.0,UPI,Paid,TXN0002671
O002672,C0011,2025-07-09,4936.2,UPI,Failed,TXN0002672
O002673,C0347,2026-03-29,10497.0,UPI,Paid,TXN0002673
O002674,C0400,2025-07-11,15298.3,Card,Paid,TXN0002674
O002675,C0218,2026-05-01,2157.3,Card,Paid,TXN0002675
O002676,C0445,2025-09-23,9447.3,UPI,Paid,TXN0002676
O002677,C0253,2026-02-28,3897.0,UPI,Paid,TXN0002677
O002678,C0222,2025-05-08,1078.2,UPI,Paid,TXN0002678
O002679,C0383,2025-08-26,9447.3,Card,Paid,TXN0002679
O002680,C0369,2025-12-21,6476.4,Card,Paid,TXN0002680
O002681,C0080,2025-04-22,4797.0,UPI,Paid,TXN0002681
O002682,C0007,2026-03-22,1916.8,Card,Paid,TXN0002682
O002683,C0272,2025-12-09,8736.2,UPI,Paid,TXN0002683
O002684,C0227,2025-05-25,2078.4,Card,Paid,TXN0002684
O002685,C0016,2025-03-06,2997.0,Card,Paid,TXN0002685
O002686,C0424,2025-09-04,1998.0,COD,Failed,TXN0002686
O002687,C0012,2026-05-05,7196.0,UPI,Paid,TXN0002687
O002688,C0291,2026-03-15,1359.15,Card,Paid,TXN0002688
O002689,C0241,2025-04-16,7122.15,UPI,Failed,TXN0002689
O002690,C0021,2025-06-30,4248.3,UPI,Paid,TXN0002690
O002691,C0178,2025-07-03,1189.15,UPI,Paid,TXN0002691
O002692,C0427,2025-08-14,3777.3,UPI,Paid,TXN0002692
O002693,C0228,2025-03-30,3507.3,UPI,Paid,TXN0002693
O002694,C0496,2026-06-14,3238.2,Net Banking,Paid,TXN0002694
O002695,C0273,2026-01-06,1619.1,Card,Paid,TXN0002695
O002696,C0288,2026-02-03,6648.1,UPI,Paid,TXN0002696
O002697,C0297,2025-04-16,2697.3,UPI,Paid,TXN0002697
O002698,C0134,2025-09-28,2547.45,UPI,Pending,TXN0002698
O002699,C0472,2026-05-18,2276.2,UPI,Paid,TXN0002699
O002700,C0283,2026-06-09,2397.6,UPI,Paid,TXN0002700
O002701,C0404,2025-02-01,26997.0,Card,Paid,TXN0002701
O002702,C0153,2026-01-28,1519.05,COD,Paid,TXN0002702
O002703,C0066,2025-02-09,1999.0,Card,Paid,TXN0002703
O002704,C0137,2025-08-06,3196.0,Card,Paid,TXN0002704
O002705,C0092,2025-03-23,2716.6,COD,Pending,TXN0002705
O002706,C0437,2025-07-20,2556.8,UPI,Paid,TXN0002706
O002707,C0317,2026-03-23,5948.3,UPI,Paid,TXN0002707
O002708,C0422,2026-03-04,3998.4,Card,Paid,TXN0002708
O002709,C0259,2025-02-07,7196.0,Card,Paid,TXN0002709
O002710,C0468,2025-07-30,4998.0,Card,Paid,TXN0002710
O002711,C0454,2026-03-20,24297.3,UPI,Paid,TXN0002711
O002712,C0103,2025-11-23,8496.6,Net Banking,Paid,TXN0002712
O002713,C0481,2025-08-15,3996.0,UPI,Paid,TXN0002713
O002714,C0055,2025-02-17,3678.4,COD,Paid,TXN0002714
O002715,C0257,2025-01-18,3149.1,COD,Failed,TXN0002715
O002716,C0101,2026-03-15,7356.8,UPI,Paid,TXN0002716
O002717,C0198,2025-07-06,2658.1,COD,Paid,TXN0002717
O002718,C0301,2025-12-11,4368.1,Card,Paid,TXN0002718
O002719,C0226,2025-08-12,1699.15,COD,Paid,TXN0002719
O002720,C0431,2026-05-03,2036.6,UPI,Paid,TXN0002720
O002721,C0463,2025-08-17,1799.0,Net Banking,Paid,TXN0002721
O002722,C0237,2026-01-25,21597.6,UPI,Paid,TXN0002722
O002723,C0026,2026-08-12,679.15,COD,Paid,TXN0002723
O002724,C0121,2025-07-07,1799.0,Card,Paid,TXN0002724
O002725,C0398,2025-09-27,3998.0,UPI,Paid,TXN0002725
O002726,C0182,2025-11-06,1709.05,UPI,Paid,TXN0002726
O002727,C0199,2025-05-12,6552.15,UPI,Paid,TXN0002727
O002728,C0302,2026-07-05,2878.2,UPI,Paid,TXN0002728
O002729,C0255,2025-03-13,5397.0,UPI,Paid,TXN0002729
O002730,C0122,2025-07-06,1259.1,UPI,Paid,TXN0002730
O002731,C0031,2026-05-01,9447.3,UPI,Paid,TXN0002731
O002732,C0472,2025-07-10,10497.0,UPI,Paid,TXN0002732
O002733,C0315,2026-02-26,2249.1,Card,Paid,TXN0002733
O002734,C0479,2025-04-30,1299.0,COD,Paid,TXN0002734
O002735,C0285,2025-08-08,4598.0,Card,Paid,TXN0002735
O002736,C0106,2025-02-22,1798.2,UPI,Paid,TXN0002736
O002737,C0224,2026-03-27,6396.8,Card,Paid,TXN0002737
O002738,C0273,2026-02-16,17998.0,COD,Paid,TXN0002738
O002739,C0398,2025-08-25,569.05,UPI,Paid,TXN0002739
O002740,C0232,2026-02-10,6552.15,Card,Paid,TXN0002740
O002741,C0420,2026-02-26,2277.15,Card,Paid,TXN0002741
O002742,C0256,2025-09-04,6648.1,Net Banking,Paid,TXN0002742
O002743,C0442,2025-03-13,4498.2,Card,Paid,TXN0002743
O002744,C0496,2025-07-04,599.0,COD,Paid,TXN0002744
O002745,C0024,2025-01-06,1917.6,UPI,Paid,TXN0002745
O002746,C0109,2025-07-25,2396.0,COD,Pending,TXN0002746
O002747,C0191,2026-06-28,6116.6,UPI,Paid,TXN0002747
O002748,C0347,2026-01-22,1698.3,Card,Paid,TXN0002748
O002749,C0025,2025-03-17,3596.4,Card,Paid,TXN0002749
O002750,C0187,2025-06-26,1299.0,Net Banking,Pending,TXN0002750
O002751,C0288,2025-12-15,5756.4,UPI,Paid,TXN0002751
O002752,C0116,2025-09-12,1078.2,UPI,Paid,TXN0002752
O002753,C0338,2025-11-04,1104.15,Card,Paid,TXN0002753
O002754,C0366,2025-12-11,4857.3,Card,Paid,TXN0002754
O002755,C0402,2025-05-07,569.05,UPI,Paid,TXN0002755
O002756,C0037,2025-10-14,3908.3,UPI,Paid,TXN0002756
O002757,C0282,2026-05-02,2238.4,UPI,Paid,TXN0002757
O002758,C0137,2026-01-18,7196.4,Card,Paid,TXN0002758
O002759,C0227,2026-02-10,3396.6,COD,Paid,TXN0002759
O002760,C0320,2026-01-23,24297.3,UPI,Paid,TXN0002760
O002761,C0328,2026-06-09,6207.3,COD,Paid,TXN0002761
O002762,C0404,2026-07-11,16198.2,UPI,Paid,TXN0002762
O002763,C0182,2025-10-03,4498.2,UPI,Paid,TXN0002763
O002764,C0362,2026-05-15,17098.1,Card,Paid,TXN0002764
O002765,C0086,2025-12-03,2697.3,Card,Paid,TXN0002765
O002766,C0467,2026-04-26,1438.2,UPI,Paid,TXN0002766
O002767,C0414,2025-09-30,2847.15,Card,Paid,TXN0002767
O002768,C0053,2025-02-27,1898.1,COD,Paid,TXN0002768
O002769,C0348,2025-11-24,1954.15,UPI,Paid,TXN0002769
O002770,C0355,2025-04-19,719.1,UPI,Paid,TXN0002770
O002771,C0235,2025-10-06,1598.0,UPI,Paid,TXN0002771
O002772,C0447,2025-11-24,1954.15,COD,Paid,TXN0002772
O002773,C0267,2025-11-11,2037.45,UPI,Paid,TXN0002773
O002774,C0287,2026-04-19,7596.2,COD,Paid,TXN0002774
O002775,C0433,2025-04-21,3499.0,Card,Paid,TXN0002775
O002776,C0496,2025-08-17,5116.8,COD,Paid,TXN0002776
O002777,C0487,2026-05-12,1529.15,Card,Paid,TXN0002777
O002778,C0100,2025-06-05,5397.0,UPI,Failed,TXN0002778
O002779,C0478,2026-04-18,2499.0,COD,Paid,TXN0002779
O002780,C0087,2025-09-29,1234.05,Card,Paid,TXN0002780
O002781,C0403,2025-01-02,3598.2,Card,Paid,TXN0002781
O002782,C0396,2026-05-26,13996.0,Card,Pending,TXN0002782
O002783,C0015,2025-10-13,5036.4,Card,Paid,TXN0002783
O002784,C0415,2025-01-13,7122.15,UPI,Paid,TXN0002784
O002785,C0427,2026-05-13,1527.45,Card,Failed,TXN0002785
O002786,C0101,2025-08-26,8736.2,UPI,Paid,TXN0002786
O002787,C0165,2025-04-04,1078.2,Net Banking,Paid,TXN0002787
O002788,C0463,2025-12-04,5598.4,Card,Paid,TXN0002788
O002789,C0029,2025-06-20,3036.2,UPI,Paid,TXN0002789
O002790,C0114,2026-07-21,569.05,Card,Paid,TXN0002790
O002791,C0107,2026-04-12,3396.6,UPI,Paid,TXN0002791
O002792,C0410,2025-05-23,2184.05,UPI,Paid,TXN0002792
O002793,C0364,2025-07-20,2036.6,Card,Paid,TXN0002793
O002794,C0130,2025-06-29,599.0,Card,Paid,TXN0002794
O002795,C0084,2025-12-30,2598.0,Net Banking,Pending,TXN0002795
O002796,C0271,2026-04-24,4156.8,Net Banking,Paid,TXN0002796
O002797,C0244,2026-07-19,4857.3,UPI,Paid,TXN0002797
O002798,C0388,2026-04-16,1439.1,Card,Paid,TXN0002798
O002799,C0214,2026-01-19,3198.0,COD,Paid,TXN0002799
O002800,C0306,2026-02-21,4197.0,UPI,Paid,TXN0002800
O002801,C0166,2025-11-04,3908.3,COD,Paid,TXN0002801
O002802,C0279,2026-01-02,2184.05,COD,Failed,TXN0002802
O002803,C0059,2025-01-01,4936.2,Card,Paid,TXN0002803
O002804,C0090,2025-02-13,1998.0,UPI,Paid,TXN0002804
O002805,C0371,2025-04-08,3796.2,Net Banking,Paid,TXN0002805
O002806,C0331,2025-09-22,30596.6,COD,Paid,TXN0002806
O002807,C0412,2025-05-20,1698.3,Card,Paid,TXN0002807
O002808,C0194,2026-04-26,1438.2,UPI,Paid,TXN0002808
O002809,C0123,2025-08-25,6298.2,COD,Paid,TXN0002809
O002810,C0136,2025-03-13,5756.4,UPI,Paid,TXN0002810
O002811,C0413,2025-07-09,2697.3,UPI,Paid,TXN0002811
O002812,C0139,2025-09-25,1799.1,Card,Paid,TXN0002812
O002813,C0229,2025-11-17,6897.0,Net Banking,Paid,TXN0002813
O002814,C0274,2025-04-17,3996.0,COD,Failed,TXN0002814
O002815,C0439,2025-08-20,14398.4,Card,Paid,TXN0002815
O002816,C0050,2025-02-11,2798.0,Card,Paid,TXN0002816
O002817,C0398,2025-05-19,1399.0,UPI,Paid,TXN0002817
O002818,C0118,2025-09-30,1169.1,COD,Paid,TXN0002818
O002819,C0202,2026-04-26,2697.3,Card,Paid,TXN0002819
O002820,C0483,2026-02-20,1617.3,COD,Paid,TXN0002820
O002821,C0393,2026-05-21,2184.05,Card,Paid,TXN0002821
O002822,C0483,2026-02-28,7356.8,COD,Paid,TXN0002822
O002823,C0395,2026-02-11,4317.3,COD,Paid,TXN0002823
O002824,C0191,2026-07-22,2378.3,UPI,Paid,TXN0002824
O002825,C0364,2026-01-25,2598.0,UPI,Paid,TXN0002825
O002826,C0460,2025-12-08,3996.0,UPI,Paid,TXN0002826
O002827,C0323,2026-05-08,1329.05,COD,Paid,TXN0002827
O002828,C0181,2025-07-11,4197.0,Card,Paid,TXN0002828
O002829,C0423,2026-05-14,4598.0,Card,Failed,TXN0002829
O002830,C0078,2025-08-21,999.0,UPI,Paid,TXN0002830
O002831,C0440,2025-08-15,1617.3,Card,Paid,TXN0002831
O002832,C0412,2026-01-06,8996.4,Card,Paid,TXN0002832
O002833,C0075,2025-05-19,1018.3,UPI,Paid,TXN0002833
O002834,C0295,2025-05-29,3996.0,Net Banking,Paid,TXN0002834
O002835,C0281,2025-04-25,13296.2,UPI,Paid,TXN0002835
O002836,C0021,2026-03-26,5596.0,UPI,Paid,TXN0002836
O002837,C0394,2025-03-04,4557.15,UPI,Paid,TXN0002837
O002838,C0171,2025-04-14,3036.2,UPI,Paid,TXN0002838
O002839,C0015,2025-09-30,2277.15,Card,Paid,TXN0002839
O002840,C0211,2025-01-06,6372.45,UPI,Paid,TXN0002840
O002841,C0048,2025-05-27,30596.6,COD,Paid,TXN0002841
O002842,C0086,2025-07-03,4676.4,UPI,Paid,TXN0002842
O002843,C0149,2025-01-28,509.15,Card,Paid,TXN0002843
O002844,C0188,2026-07-04,1798.2,Card,Paid,TXN0002844
O002845,C0372,2025-04-29,1359.15,COD,Pending,TXN0002845
O002846,C0492,2025-10-20,16198.2,UPI,Paid,TXN0002846
O002847,C0480,2026-01-06,16198.2,Net Banking,Paid,TXN0002847
O002848,C0306,2025-09-01,1259.1,Card,Paid,TXN0002848
O002849,C0151,2026-08-03,3499.0,UPI,Paid,TXN0002849
O002850,C0141,2025-08-06,2518.2,UPI,Paid,TXN0002850
O002851,C0069,2025-06-26,2078.4,Card,Paid,TXN0002851
O002852,C0260,2025-10-26,4498.2,COD,Paid,TXN0002852
O002853,C0476,2025-02-27,1797.0,UPI,Paid,TXN0002853
O002854,C0334,2025-09-26,4368.1,UPI,Paid,TXN0002854
O002855,C0456,2025-11-04,6796.6,UPI,Paid,TXN0002855
O002856,C0009,2026-07-24,7996.8,UPI,Paid,TXN0002856
O002857,C0121,2025-10-15,2276.2,Card,Paid,TXN0002857
O002858,C0371,2025-04-15,1104.15,Card,Paid,TXN0002858
O002859,C0419,2025-08-16,679.15,UPI,Paid,TXN0002859
O002860,C0101,2025-09-04,599.0,UPI,Paid,TXN0002860
O002861,C0149,2026-05-09,3908.3,UPI,Paid,TXN0002861
O002862,C0442,2025-03-24,34196.2,COD,Paid,TXN0002862
O002863,C0146,2025-07-05,4498.2,COD,Paid,TXN0002863
O002864,C0353,2025-09-09,6207.3,UPI,Paid,TXN0002864
O002865,C0456,2025-12-21,2697.3,UPI,Paid,TXN0002865
O002866,C0243,2025-07-29,1259.1,Card,Paid,TXN0002866
O002867,C0241,2026-03-23,1707.15,COD,Paid,TXN0002867
O002868,C0337,2026-04-05,6796.6,Card,Paid,TXN0002868
O002869,C0043,2026-04-17,4077.45,UPI,Paid,TXN0002869
O002870,C0095,2026-01-05,509.15,UPI,Paid,TXN0002870
O002871,C0226,2026-05-07,1898.1,Card,Pending,TXN0002871
O002872,C0006,2025-05-17,7497.0,Card,Paid,TXN0002872
O002873,C0214,2026-01-02,2276.2,UPI,Paid,TXN0002873
O002874,C0206,2025-07-03,6116.6,UPI,Paid,TXN0002874
O002875,C0067,2026-08-11,9196.0,Card,Paid,TXN0002875
O002876,C0396,2025-10-14,14398.4,UPI,Paid,TXN0002876
O002877,C0100,2026-04-17,30596.6,Card,Paid,TXN0002877
O002878,C0012,2026-01-10,1619.1,UPI,Failed,TXN0002878
O002879,C0237,2026-06-21,2249.1,COD,Paid,TXN0002879
O002880,C0322,2026-05-26,32396.4,UPI,Paid,TXN0002880
O002881,C0258,2026-08-02,1617.3,COD,Paid,TXN0002881
O002882,C0399,2025-09-07,13296.2,UPI,Paid,TXN0002882
O002883,C0407,2026-05-25,679.15,UPI,Paid,TXN0002883
O002884,C0413,2025-03-14,8099.1,COD,Paid,TXN0002884
O002885,C0337,2025-10-09,679.15,COD,Paid,TXN0002885
O002886,C0480,2025-12-26,5097.45,UPI,Paid,TXN0002886
O002887,C0135,2025-01-10,10497.0,COD,Paid,TXN0002887
O002888,C0222,2025-07-30,3897.0,UPI,Paid,TXN0002888
O002889,C0156,2025-06-01,509.15,Card,Paid,TXN0002889
O002890,C0142,2025-01-05,1138.1,UPI,Paid,TXN0002890
O002891,C0428,2025-07-14,4676.4,UPI,Failed,TXN0002891
O002892,C0158,2025-10-10,8736.2,Card,Paid,TXN0002892
O002893,C0465,2026-04-09,3499.0,Card,Paid,TXN0002893
O002894,C0416,2025-04-23,2997.0,Card,Paid,TXN0002894
O002895,C0494,2025-09-28,3908.3,Card,Paid,TXN0002895
O002896,C0326,2025-06-12,1798.2,Net Banking,Paid,TXN0002896
O002897,C0371,2026-04-05,5397.3,UPI,Failed,TXN0002897
O002898,C0344,2025-04-15,4476.8,UPI,Paid,TXN0002898
O002899,C0262,2026-07-10,9996.0,Card,Paid,TXN0002899
O002900,C0283,2025-10-09,1138.1,UPI,Paid,TXN0002900
O002901,C0338,2025-06-11,1018.3,Card,Paid,TXN0002901
O002902,C0344,2025-12-17,8922.45,Card,Pending,TXN0002902
O002903,C0229,2026-03-10,6836.2,UPI,Paid,TXN0002903
O002904,C0376,2025-05-20,2558.4,Net Banking,Paid,TXN0002904
O002905,C0280,2026-04-16,7996.8,UPI,Paid,TXN0002905
O002906,C0358,2025-05-12,3998.0,UPI,Paid,TXN0002906
O002907,C0290,2025-03-28,10497.0,UPI,Paid,TXN0002907
O002908,C0168,2025-07-02,4416.6,UPI,Paid,TXN0002908
O002909,C0047,2026-01-03,1138.1,UPI,Paid,TXN0002909
O002910,C0463,2025-05-09,4998.0,Card,Failed,TXN0002910
O002911,C0203,2025-09-03,1018.3,COD,Paid,TXN0002911
O002912,C0214,2026-08-01,1138.1,COD,Paid,TXN0002912
O002913,C0246,2026-01-13,1707.15,UPI,Paid,TXN0002913
O002914,C0024,2025-05-29,3996.0,UPI,Paid,TXN0002914
O002915,C0321,2026-03-09,6476.4,Net Banking,Paid,TXN0002915
O002916,C0274,2026-04-14,2249.1,UPI,Paid,TXN0002916
O002917,C0044,2026-03-22,6396.0,Net Banking,Paid,TXN0002917
O002918,C0332,2026-04-26,1899.05,COD,Paid,TXN0002918
O002919,C0313,2025-10-21,3598.2,COD,Pending,TXN0002919
O002920,C0363,2025-05-23,5517.6,UPI,Paid,TXN0002920
O002921,C0156,2025-09-07,1437.6,UPI,Paid,TXN0002921
O002922,C0488,2025-10-29,1518.1,Card,Paid,TXN0002922
O002923,C0380,2025-01-25,719.1,COD,Paid,TXN0002923
O002924,C0199,2025-03-11,3398.3,UPI,Paid,TXN0002924
O002925,C0407,2025-04-22,5862.45,COD,Failed,TXN0002925
O002926,C0469,2025-12-30,5397.3,UPI,Paid,TXN0002926
O002927,C0162,2025-10-30,6396.0,Card,Paid,TXN0002927
O002928,C0395,2026-04-16,1699.15,COD,Paid,TXN0002928
O002929,C0470,2025-04-01,7196.0,UPI,Paid,TXN0002929
O002930,C0234,2026-06-14,4197.0,UPI,Paid,TXN0002930
O002931,C0163,2025-07-11,1617.3,UPI,Paid,TXN0002931
O002932,C0116,2026-07-06,4156.8,UPI,Paid,TXN0002932
O002933,C0093,2025-08-30,7196.0,UPI,Paid,TXN0002933
O002934,C0042,2025-05-18,2157.3,UPI,Paid,TXN0002934
O002935,C0284,2025-12-11,7596.2,UPI,Paid,TXN0002935
O002936,C0379,2025-06-29,11896.6,COD,Paid,TXN0002936
O002937,C0210,2026-05-18,539.1,COD,Paid,TXN0002937
O002938,C0206,2025-07-22,2997.0,UPI,Paid,TXN0002938
O002939,C0466,2026-07-27,2658.1,UPI,Paid,TXN0002939
O002940,C0220,2025-07-11,1234.05,UPI,Paid,TXN0002940
O002941,C0280,2025-01-05,1998.0,Card,Paid,TXN0002941
O002942,C0136,2025-08-25,2396.0,Card,Paid,TXN0002942
O002943,C0106,2025-11-07,6476.4,Net Banking,Paid,TXN0002943
O002944,C0118,2026-07-03,3038.1,UPI,Paid,TXN0002944
O002945,C0237,2025-02-25,5756.4,COD,Paid,TXN0002945
O002946,C0309,2026-03-19,3996.0,Card,Paid,TXN0002946
O002947,C0456,2025-08-25,3149.1,COD,Paid,TXN0002947
O002948,C0388,2025-07-16,1898.1,Card,Paid,TXN0002948
O002949,C0475,2026-08-08,1799.0,Card,Paid,TXN0002949
O002950,C0100,2026-07-25,1798.2,Card,Paid,TXN0002950
O002951,C0261,2026-05-29,1299.0,COD,Paid,TXN0002951
O002952,C0481,2026-03-25,1527.45,UPI,Paid,TXN0002952
O002953,C0305,2025-12-26,9447.3,UPI,Paid,TXN0002953
O002954,C0354,2025-01-30,16198.2,Card,Paid,TXN0002954
O002955,C0286,2025-04-18,7497.0,UPI,Paid,TXN0002955
O002956,C0328,2026-03-21,569.05,Card,Paid,TXN0002956
O002957,C0103,2026-03-14,1518.1,Net Banking,Paid,TXN0002957
O002958,C0063,2026-04-02,24297.3,Card,Paid,TXN0002958
O002959,C0175,2026-05-10,6897.0,Card,Failed,TXN0002959
O002960,C0282,2025-09-04,1998.0,Card,Failed,TXN0002960
O002961,C0441,2026-06-27,4557.15,COD,Paid,TXN0002961
O002962,C0293,2026-07-18,25647.15,Net Banking,Paid,TXN0002962
O002963,C0226,2026-08-11,3998.0,Card,Paid,TXN0002963
O002964,C0007,2026-03-15,5127.15,Card,Paid,TXN0002964
O002965,C0127,2025-10-05,25647.15,UPI,Paid,TXN0002965
O002966,C0424,2026-07-06,3987.15,UPI,Paid,TXN0002966
O002967,C0092,2025-04-21,9972.15,UPI,Paid,TXN0002967
O002968,C0423,2026-01-20,2156.4,UPI,Paid,TXN0002968
O002969,C0190,2025-07-10,3598.0,Card,Paid,TXN0002969
O002970,C0359,2026-05-05,6396.0,Card,Paid,TXN0002970
O002971,C0476,2026-03-02,8736.2,UPI,Paid,TXN0002971
O002972,C0462,2026-02-09,759.05,Net Banking,Paid,TXN0002972
O002973,C0053,2025-12-01,34196.2,Card,Paid,TXN0002973
O002974,C0242,2025-07-28,11896.6,Card,Paid,TXN0002974
O002975,C0486,2025-01-22,2124.15,Card,Paid,TXN0002975
O002976,C0132,2025-07-27,10497.0,Card,Paid,TXN0002976
O002977,C0490,2025-01-08,8922.45,UPI,Paid,TXN0002977
O002978,C0466,2026-06-13,6836.2,COD,Failed,TXN0002978
O002979,C0364,2025-06-15,2374.05,UPI,Paid,TXN0002979
O002980,C0112,2026-05-11,8397.6,Card,Failed,TXN0002980
O002981,C0409,2026-08-13,1189.15,UPI,Paid,TXN0002981
O002982,C0007,2026-03-05,1278.4,Card,Paid,TXN0002982
O002983,C0230,2025-06-12,17998.0,UPI,Paid,TXN0002983
O002984,C0156,2026-01-01,17998.0,COD,Paid,TXN0002984
O002985,C0197,2026-06-10,1078.2,UPI,Paid,TXN0002985
O002986,C0323,2025-08-27,5036.4,COD,Paid,TXN0002986
O002987,C0364,2025-03-13,17998.0,COD,Paid,TXN0002987
O002988,C0223,2026-03-21,5948.3,UPI,Paid,TXN0002988
O002989,C0367,2026-05-24,2069.1,UPI,Paid,TXN0002989
O002990,C0490,2025-09-26,9972.15,Card,Failed,TXN0002990
O002991,C0250,2026-02-19,1619.1,UPI,Paid,TXN0002991
O002992,C0404,2025-09-02,7196.4,UPI,Failed,TXN0002992
O002993,C0083,2025-03-01,1198.0,UPI,Paid,TXN0002993
O002994,C0240,2025-01-06,5517.6,Card,Paid,TXN0002994
O002995,C0380,2026-07-24,4557.15,UPI,Paid,TXN0002995
O002996,C0395,2026-02-11,3198.0,UPI,Paid,TXN0002996
O002997,C0360,2025-08-05,3908.3,Card,Paid,TXN0002997
O002998,C0323,2025-01-26,11196.8,UPI,Paid,TXN0002998
O002999,C0471,2025-01-05,3396.6,UPI,Paid,TXN0002999
O003000,C0263,2026-06-16,3398.3,Net Banking,Failed,TXN0003000
O003001,C0407,2026-01-25,2518.2,Card,Paid,TXN0003001
O003002,C0189,2026-07-25,5598.4,UPI,Paid,TXN0003002
O003003,C0455,2026-03-24,4598.0,UPI,Paid,TXN0003003
O003004,C0366,2025-05-26,2547.45,Card,Paid,TXN0003004
O003005,C0290,2026-01-23,12596.4,UPI,Failed,TXN0003005
O003006,C0362,2025-09-06,1998.0,Net Banking,Paid,TXN0003006
O003007,C0403,2026-06-10,4138.2,Card,Paid,TXN0003007
O003008,C0058,2026-04-07,9447.3,Net Banking,Paid,TXN0003008
O003009,C0009,2025-01-13,2249.1,COD,Paid,TXN0003009
O003010,C0304,2026-01-19,17998.0,Card,Paid,TXN0003010
O003011,C0115,2026-07-10,5862.45,Card,Paid,TXN0003011
O003012,C0210,2026-02-03,4797.0,COD,Paid,TXN0003012
O003013,C0041,2025-01-19,1519.05,Card,Paid,TXN0003013
O003014,C0304,2026-07-29,6796.6,UPI,Paid,TXN0003014
O003015,C0173,2026-05-06,4676.4,Card,Paid,TXN0003015
O003016,C0234,2026-02-23,6076.2,UPI,Paid,TXN0003016
O003017,C0281,2025-12-03,2598.0,Card,Paid,TXN0003017
O003018,C0372,2026-02-23,8996.4,Card,Paid,TXN0003018
O003019,C0078,2025-05-02,3678.4,Net Banking,Paid,TXN0003019
O003020,C0108,2026-03-08,1598.4,Card,Paid,TXN0003020
O003021,C0281,2025-02-13,1617.3,COD,Paid,TXN0003021
O003022,C0403,2025-11-13,7996.0,UPI,Paid,TXN0003022
O003023,C0039,2026-01-16,35996.0,UPI,Paid,TXN0003023
O003024,C0119,2025-05-25,2396.0,COD,Paid,TXN0003024
O003025,C0335,2025-11-23,2658.1,COD,Paid,TXN0003025
O003026,C0336,2025-12-29,2598.0,Card,Paid,TXN0003026
O003027,C0027,2025-02-19,35996.0,UPI,Paid,TXN0003027
O003028,C0104,2025-03-06,3598.2,Card,Paid,TXN0003028
O003029,C0074,2025-12-21,3798.1,COD,Paid,TXN0003029
O003030,C0191,2025-06-13,1439.1,UPI,Paid,TXN0003030
O003031,C0324,2025-05-21,7199.2,Card,Paid,TXN0003031
O003032,C0499,2025-05-08,12596.4,UPI,Paid,TXN0003032
O003033,C0147,2026-02-02,6116.6,UPI,Paid,TXN0003033
O003034,C0255,2026-04-08,1699.15,COD,Paid,TXN0003034
O003035,C0284,2025-07-06,2468.1,UPI,Paid,TXN0003035
O003036,C0213,2025-07-09,1198.0,UPI,Pending,TXN0003036
O003037,C0123,2026-01-23,4197.0,COD,Paid,TXN0003037
O003038,C0495,2026-03-05,5316.2,COD,Paid,TXN0003038
O003039,C0206,2025-10-11,2876.4,UPI,Paid,TXN0003039
O003040,C0417,2025-08-25,1916.8,Net Banking,Paid,TXN0003040
O003041,C0240,2025-07-13,5997.6,UPI,Paid,TXN0003041
O003042,C0394,2025-10-14,7497.0,Net Banking,Paid,TXN0003042
O003043,C0339,2025-05-16,958.4,Card,Paid,TXN0003043
O003044,C0286,2025-06-20,1519.05,UPI,Paid,TXN0003044
O003045,C0022,2025-06-08,2974.15,UPI,Paid,TXN0003045
O003046,C0259,2025-07-20,1599.0,UPI,Paid,TXN0003046
O003047,C0357,2026-05-02,2798.0,UPI,Paid,TXN0003047
O003048,C0105,2026-07-11,949.05,Card,Paid,TXN0003048
O003049,C0466,2026-08-06,3567.45,UPI,Paid,TXN0003049
O003050,C0459,2026-05-19,5997.0,UPI,Paid,TXN0003050
O003051,C0432,2026-01-06,35996.0,COD,Paid,TXN0003051
O003052,C0258,2025-04-13,7199.2,UPI,Paid,TXN0003052
O003053,C0204,2025-05-05,4797.6,Card,Pending,TXN0003053
O003054,C0310,2025-11-09,7996.0,UPI,Paid,TXN0003054
O003055,C0262,2026-04-03,1259.1,Card,Paid,TXN0003055
O003056,C0107,2025-08-18,8549.05,Card,Paid,TXN0003056
O003057,C0251,2025-07-16,25647.15,COD,Paid,TXN0003057
O003058,C0424,2026-02-27,8736.2,UPI,Paid,TXN0003058
O003059,C0492,2026-07-26,3036.2,UPI,Paid,TXN0003059
O003060,C0221,2025-06-20,24297.3,UPI,Paid,TXN0003060
O003061,C0379,2026-01-17,5397.3,UPI,Paid,TXN0003061
O003062,C0222,2025-06-22,7122.15,UPI,Paid,TXN0003062
O003063,C0258,2026-03-29,3149.1,Card,Paid,TXN0003063
O003064,C0201,2025-12-16,2697.3,Card,Paid,TXN0003064
O003065,C0367,2026-05-09,1707.15,COD,Paid,TXN0003065
O003066,C0258,2025-01-04,3998.0,UPI,Paid,TXN0003066
O003067,C0349,2025-04-03,2157.3,Card,Paid,TXN0003067
O003068,C0225,2025-01-06,22947.45,Net Banking,Failed,TXN0003068
O003069,C0202,2025-10-15,1169.1,Card,Paid,TXN0003069
O003070,C0226,2025-05-26,5036.4,Card,Paid,TXN0003070
O003071,C0236,2026-02-28,1399.0,Net Banking,Pending,TXN0003071
O003072,C0183,2026-04-02,6298.2,Net Banking,Paid,TXN0003072
O003073,C0200,2025-07-21,5697.15,Card,Paid,TXN0003073
O003074,C0357,2025-07-31,8397.6,Card,Paid,TXN0003074
O003075,C0246,2025-01-06,6747.3,Card,Failed,TXN0003075
O003076,C0444,2026-01-11,5127.15,Card,Paid,TXN0003076
O003077,C0353,2026-03-23,4557.15,Net Banking,Paid,TXN0003077
O003078,C0111,2025-04-16,3312.45,UPI,Paid,TXN0003078
O003079,C0006,2026-02-05,3038.1,COD,Paid,TXN0003079
O003080,C0236,2025-04-06,4857.3,Card,Failed,TXN0003080
O003081,C0127,2026-01-23,3507.3,UPI,Paid,TXN0003081
O003082,C0104,2026-03-28,4077.45,COD,Paid,TXN0003082
O003083,C0237,2026-02-20,2598.0,Card,Paid,TXN0003083
O003084,C0403,2026-05-19,9447.3,UPI,Paid,TXN0003084
O003085,C0480,2026-03-30,1598.4,Net Banking,Paid,TXN0003085
O003086,C0155,2025-10-18,1839.2,Card,Paid,TXN0003086
O003087,C0257,2026-06-18,3507.3,Card,Paid,TXN0003087
O003088,C0235,2025-07-12,5756.8,COD,Paid,TXN0003088
O003089,C0500,2025-05-30,6298.2,Net Banking,Failed,TXN0003089
O003090,C0289,2026-05-30,2184.05,COD,Paid,TXN0003090
O003091,C0040,2026-01-28,6298.2,Card,Paid,TXN0003091
O003092,C0288,2025-11-12,4998.0,Card,Failed,TXN0003092
O003093,C0197,2025-03-17,8549.05,UPI,Paid,TXN0003093
O003094,C0273,2025-09-27,3987.15,Card,Failed,TXN0003094
O003095,C0382,2025-08-13,6372.45,Net Banking,Paid,TXN0003095
O003096,C0264,2026-06-14,3058.3,Card,Paid,TXN0003096
O003097,C0057,2025-04-23,1799.1,UPI,Paid,TXN0003097
O003098,C0298,2025-09-08,1707.15,UPI,Paid,TXN0003098
O003099,C0098,2025-08-21,3998.0,Net Banking,Paid,TXN0003099
O003100,C0137,2025-03-24,5316.2,COD,Paid,TXN0003100
O003101,C0376,2025-05-05,3149.1,Card,Paid,TXN0003101
O003102,C0087,2025-06-24,3796.2,Card,Paid,TXN0003102
O003103,C0419,2025-03-10,2276.2,UPI,Paid,TXN0003103
O003104,C0242,2025-02-16,3418.1,COD,Paid,TXN0003104
O003105,C0199,2025-09-13,1189.15,Card,Paid,TXN0003105
O003106,C0463,2025-01-30,2037.45,Card,Paid,TXN0003106
O003107,C0437,2025-10-08,6207.3,UPI,Paid,TXN0003107
O003108,C0310,2025-08-25,4368.1,Card,Paid,TXN0003108
O003109,C0084,2025-09-05,5697.15,UPI,Paid,TXN0003109
O003110,C0242,2026-01-03,26997.0,Net Banking,Paid,TXN0003110
O003111,C0281,2026-05-10,2396.0,Net Banking,Paid,TXN0003111
O003112,C0323,2025-01-25,3196.0,COD,Paid,TXN0003112
O003113,C0252,2026-08-09,3499.0,Net Banking,Paid,TXN0003113
O003114,C0190,2026-05-05,7996.0,Card,Paid,TXN0003114
O003115,C0439,2026-05-09,2997.0,UPI,Paid,TXN0003115
O003116,C0430,2025-11-10,599.0,COD,Paid,TXN0003116
O003117,C0152,2026-01-10,1259.1,UPI,Paid,TXN0003117
O003118,C0482,2025-01-25,2078.4,Card,Paid,TXN0003118
O003119,C0302,2025-11-30,3396.6,UPI,Paid,TXN0003119
O003120,C0278,2025-12-21,599.0,Card,Paid,TXN0003120
O003121,C0139,2025-04-26,3702.15,Card,Paid,TXN0003121
O003122,C0176,2025-02-17,2974.15,UPI,Paid,TXN0003122
O003123,C0008,2025-04-09,1399.0,UPI,Paid,TXN0003123
O003124,C0295,2026-04-04,1358.3,Card,Paid,TXN0003124
O003125,C0235,2026-06-07,6207.3,COD,Paid,TXN0003125
O003126,C0163,2026-02-09,1917.6,Card,Paid,TXN0003126
O003127,C0049,2025-08-02,2716.6,UPI,Paid,TXN0003127
O003128,C0302,2026-05-18,2157.3,Card,Paid,TXN0003128
O003129,C0038,2026-03-24,2069.1,COD,Paid,TXN0003129
O003130,C0136,2026-07-30,7497.0,Card,Paid,TXN0003130
O003131,C0310,2025-09-15,6897.0,UPI,Paid,TXN0003131
O003132,C0421,2025-05-01,1709.05,Net Banking,Paid,TXN0003132
O003133,C0219,2025-02-23,4998.0,UPI,Paid,TXN0003133
O003134,C0348,2025-11-27,9996.0,UPI,Paid,TXN0003134
O003135,C0296,2025-08-29,2276.2,Card,Paid,TXN0003135
O003136,C0034,2026-06-14,3908.3,UPI,Pending,TXN0003136
O003137,C0352,2026-04-28,1999.0,Net Banking,Paid,TXN0003137
O003138,C0079,2025-07-06,34196.2,UPI,Paid,TXN0003138
O003139,C0236,2025-09-19,17098.1,UPI,Paid,TXN0003139
O003140,C0383,2025-12-30,1078.2,UPI,Paid,TXN0003140
O003141,C0273,2026-05-06,3598.0,Card,Paid,TXN0003141
O003142,C0161,2026-03-07,5116.8,UPI,Paid,TXN0003142
O003143,C0175,2025-08-27,7196.4,UPI,Paid,TXN0003143
O003144,C0366,2025-10-31,5756.4,UPI,Paid,TXN0003144
O003145,C0308,2025-10-25,5196.0,Card,Paid,TXN0003145
O003146,C0374,2025-03-17,2277.15,COD,Paid,TXN0003146
O003147,C0464,2025-11-29,3398.3,Card,Paid,TXN0003147
O003148,C0221,2026-04-19,1797.0,Card,Paid,TXN0003148
O003149,C0009,2025-10-10,2658.1,UPI,Paid,TXN0003149
O003150,C0289,2025-03-13,6396.0,COD,Pending,TXN0003150
O003151,C0444,2025-09-20,5756.8,Card,Paid,TXN0003151
O003152,C0113,2026-07-29,5397.0,UPI,Failed,TXN0003152
O003153,C0477,2025-01-12,1699.15,Card,Paid,TXN0003153
O003154,C0205,2025-05-21,9496.2,Card,Paid,TXN0003154
O003155,C0405,2026-07-09,1259.1,UPI,Paid,TXN0003155
O003156,C0186,2025-01-17,6298.2,UPI,Paid,TXN0003156
O003157,C0341,2025-03-04,4197.0,UPI,Paid,TXN0003157
O003158,C0197,2025-09-10,569.05,COD,Paid,TXN0003158
O003159,C0266,2026-04-10,1709.05,UPI,Paid,TXN0003159
O003160,C0262,2026-01-11,5196.0,Card,Paid,TXN0003160
O003161,C0248,2026-06-04,679.15,UPI,Paid,TXN0003161
O003162,C0115,2025-03-31,1599.0,UPI,Paid,TXN0003162
O003163,C0121,2025-06-24,2878.2,UPI,Paid,TXN0003163
O003164,C0141,2025-03-17,3702.15,UPI,Paid,TXN0003164
O003165,C0065,2026-02-04,3996.0,UPI,Paid,TXN0003165
O003166,C0276,2025-03-12,2876.4,Card,Paid,TXN0003166
O003167,C0313,2025-06-29,1799.1,Card,Paid,TXN0003167
O003168,C0239,2025-05-04,1138.1,COD,Paid,TXN0003168
O003169,C0302,2026-01-16,1619.1,UPI,Pending,TXN0003169
O003170,C0392,2025-10-20,8999.0,COD,Paid,TXN0003170
O003171,C0010,2025-07-14,7816.6,Net Banking,Paid,TXN0003171
O003172,C0457,2025-08-16,1234.05,UPI,Paid,TXN0003172
O003173,C0369,2026-03-07,1299.0,Net Banking,Paid,TXN0003173
O003174,C0233,2026-03-12,2378.3,UPI,Pending,TXN0003174
O003175,C0195,2026-04-06,7996.0,Card,Paid,TXN0003175
O003176,C0395,2025-01-21,5697.15,UPI,Paid,TXN0003176
O003177,C0012,2025-03-05,17098.1,Card,Paid,TXN0003177
O003178,C0394,2025-06-14,3908.3,Card,Pending,TXN0003178
O003179,C0409,2025-01-27,3198.4,UPI,Failed,TXN0003179
O003180,C0177,2025-11-07,8996.4,Card,Paid,TXN0003180
O003181,C0177,2025-10-12,1709.05,Card,Paid,TXN0003181
O003182,C0217,2025-10-08,1617.3,Card,Paid,TXN0003182
O003183,C0011,2025-06-13,9496.2,Net Banking,Paid,TXN0003183
O003184,C0446,2025-08-12,949.05,Net Banking,Paid,TXN0003184
O003185,C0118,2025-05-26,958.4,Net Banking,Paid,TXN0003185
O003186,C0164,2025-01-30,7196.0,COD,Paid,TXN0003186
O003187,C0039,2025-02-14,759.05,UPI,Pending,TXN0003187
O003188,C0053,2026-04-16,8922.45,UPI,Paid,TXN0003188
O003189,C0218,2025-02-03,4857.3,UPI,Paid,TXN0003189
O003190,C0206,2026-03-03,1799.0,Net Banking,Paid,TXN0003190
O003191,C0487,2025-08-09,35996.0,UPI,Paid,TXN0003191
O003192,C0312,2026-06-18,1438.2,UPI,Paid,TXN0003192
O003193,C0360,2026-01-02,2374.05,UPI,Paid,TXN0003193
O003194,C0385,2026-07-04,4368.1,UPI,Paid,TXN0003194
O003195,C0056,2026-08-05,3987.15,UPI,Paid,TXN0003195
O003196,C0118,2025-04-26,7199.2,Card,Paid,TXN0003196
O003197,C0388,2025-08-27,5127.15,UPI,Paid,TXN0003197
O003198,C0253,2025-12-01,2658.1,Card,Paid,TXN0003198
O003199,C0286,2026-03-17,1138.1,COD,Paid,TXN0003199
O003200,C0268,2025-05-28,799.0,COD,Paid,TXN0003200
O003201,C0291,2025-01-09,599.0,UPI,Pending,TXN0003201
O003202,C0333,2025-10-15,1279.2,COD,Paid,TXN0003202
O003203,C0180,2026-01-23,3567.45,COD,Paid,TXN0003203
O003204,C0415,2025-02-19,2598.0,UPI,Paid,TXN0003204
O003205,C0358,2026-06-01,15298.3,Card,Paid,TXN0003205
O003206,C0235,2026-08-10,26997.0,Card,Paid,TXN0003206
O003207,C0343,2025-10-05,1169.1,Card,Paid,TXN0003207
O003208,C0196,2025-10-27,6396.0,UPI,Paid,TXN0003208
O003209,C0308,2026-08-12,1699.15,Card,Paid,TXN0003209
O003210,C0080,2025-05-15,7996.0,COD,Paid,TXN0003210
O003211,C0135,2026-08-03,7196.4,UPI,Paid,TXN0003211
O003212,C0022,2025-05-27,5097.45,Card,Paid,TXN0003212
O003213,C0477,2026-05-05,4998.0,UPI,Paid,TXN0003213
O003214,C0331,2026-04-23,2468.1,Card,Paid,TXN0003214
O003215,C0440,2025-06-08,1198.0,UPI,Paid,TXN0003215
O003216,C0225,2026-01-19,2878.2,UPI,Failed,TXN0003216
O003217,C0058,2025-06-12,1707.15,COD,Paid,TXN0003217
O003218,C0093,2026-03-17,6476.4,COD,Paid,TXN0003218
O003219,C0192,2025-07-08,1598.4,UPI,Paid,TXN0003219
O003220,C0103,2026-02-19,34196.2,Card,Paid,TXN0003220
O003221,C0396,2025-12-05,4197.0,Card,Paid,TXN0003221
O003222,C0007,2025-06-30,1799.1,COD,Paid,TXN0003222
O003223,C0128,2025-10-15,3567.45,Card,Paid,TXN0003223
O003224,C0055,2025-07-06,1598.4,Card,Failed,TXN0003224
O003225,C0231,2025-05-18,8999.0,Net Banking,Paid,TXN0003225
O003226,C0362,2025-05-10,9972.15,COD,Paid,TXN0003226
O003227,C0062,2025-07-13,1527.45,UPI,Paid,TXN0003227
O003228,C0240,2025-11-12,7816.6,Card,Paid,TXN0003228
O003229,C0090,2025-05-24,4317.3,UPI,Paid,TXN0003229
O003230,C0232,2025-01-16,2374.05,COD,Paid,TXN0003230
O003231,C0457,2025-10-29,3987.15,UPI,Paid,TXN0003231
O003232,C0233,2026-02-27,3998.0,UPI,Paid,TXN0003232
O003233,C0354,2025-09-02,4156.8,UPI,Paid,TXN0003233
O003234,C0493,2025-04-17,1399.0,UPI,Paid,TXN0003234
O003235,C0333,2025-03-29,8099.1,UPI,Paid,TXN0003235
O003236,C0439,2025-05-09,9447.3,Card,Paid,TXN0003236
O003237,C0375,2025-12-07,3038.1,UPI,Paid,TXN0003237
O003238,C0292,2025-01-04,4936.2,Card,Paid,TXN0003238
O003239,C0345,2025-11-23,2069.1,Card,Paid,TXN0003239
O003240,C0152,2026-02-14,34196.2,Card,Paid,TXN0003240
O003241,C0428,2025-11-02,9972.15,Card,Paid,TXN0003241
O003242,C0145,2025-08-13,2468.1,UPI,Paid,TXN0003242
O003243,C0130,2025-12-14,5862.45,UPI,Paid,TXN0003243
O003244,C0141,2025-11-17,4476.8,COD,Paid,TXN0003244
O003245,C0415,2026-07-13,24297.3,Card,Paid,TXN0003245
O003246,C0093,2025-06-30,2036.6,Card,Paid,TXN0003246
O003247,C0114,2026-01-21,719.1,Card,Paid,TXN0003247
O003248,C0284,2025-04-18,1619.1,UPI,Failed,TXN0003248
O003249,C0444,2026-06-15,1917.6,COD,Paid,TXN0003249
O003250,C0411,2026-02-14,2184.05,UPI,Paid,TXN0003250
O003251,C0143,2025-10-23,13996.0,Net Banking,Paid,TXN0003251
O003252,C0223,2025-06-20,1439.2,UPI,Paid,TXN0003252
O003253,C0232,2025-11-27,3058.3,Card,Paid,TXN0003253
O003254,C0463,2026-05-08,4748.1,UPI,Paid,TXN0003254
O003255,C0033,2025-07-14,8397.6,COD,Paid,TXN0003255
O003256,C0276,2025-01-12,5127.15,Net Banking,Paid,TXN0003256
O003257,C0170,2025-07-14,3987.15,UPI,Paid,TXN0003257
O003258,C0140,2026-05-05,24297.3,UPI,Paid,TXN0003258
O003259,C0357,2025-07-01,34196.2,UPI,Paid,TXN0003259
O003260,C0201,2025-11-12,2876.4,COD,Paid,TXN0003260
O003261,C0023,2025-01-30,2798.0,UPI,Paid,TXN0003261
O003262,C0456,2025-04-06,9996.0,Card,Paid,TXN0003262
O003263,C0224,2026-01-16,1439.1,UPI,Paid,TXN0003263
O003264,C0368,2026-03-20,4498.2,Card,Paid,TXN0003264
O003265,C0270,2025-10-25,26997.0,Card,Failed,TXN0003265
O003266,C0347,2025-12-27,3837.6,Card,Paid,TXN0003266
O003267,C0153,2026-01-09,8996.4,COD,Paid,TXN0003267
O003268,C0333,2026-07-08,3598.0,UPI,Paid,TXN0003268
O003269,C0085,2025-10-30,2276.2,Card,Paid,TXN0003269
O003270,C0109,2026-02-25,5436.6,Card,Failed,TXN0003270
O003271,C0031,2025-09-03,2156.4,Card,Paid,TXN0003271
O003272,C0229,2025-08-25,17998.0,UPI,Paid,TXN0003272
O003273,C0240,2026-06-18,4197.0,COD,Paid,TXN0003273
O003274,C0378,2025-07-04,1899.05,Net Banking,Paid,TXN0003274
O003275,C0363,2026-04-13,1707.15,Net Banking,Paid,TXN0003275
O003276,C0310,2025-12-29,1438.2,COD,Failed,TXN0003276
O003277,C0389,2025-10-10,4317.6,UPI,Paid,TXN0003277
O003278,C0141,2026-07-07,5397.0,UPI,Paid,TXN0003278
O003279,C0156,2025-12-02,1699.15,UPI,Paid,TXN0003279
O003280,C0299,2025-06-11,5517.6,UPI,Failed,TXN0003280
O003281,C0345,2025-06-09,1917.6,UPI,Paid,TXN0003281
O003282,C0371,2026-04-19,1437.6,UPI,Paid,TXN0003282
O003283,C0099,2025-11-18,2036.6,COD,Paid,TXN0003283
O003284,C0047,2025-01-12,1798.2,Net Banking,Paid,TXN0003284
O003285,C0487,2026-02-28,1138.1,Net Banking,Paid,TXN0003285
O003286,C0327,2025-03-14,1234.05,UPI,Failed,TXN0003286
O003287,C0422,2026-08-11,11896.6,COD,Paid,TXN0003287
O003288,C0480,2025-07-20,9496.2,UPI,Paid,TXN0003288
O003289,C0067,2026-06-06,2997.0,Card,Paid,TXN0003289
O003290,C0062,2026-05-20,4998.0,Card,Paid,TXN0003290
O003291,C0109,2025-02-08,849.15,Card,Paid,TXN0003291
O003292,C0167,2025-03-01,5436.6,Net Banking,Paid,TXN0003292
O003293,C0037,2026-08-01,3987.15,UPI,Failed,TXN0003293
O003294,C0119,2025-11-17,569.05,Card,Paid,TXN0003294
O003295,C0498,2026-03-11,2156.4,UPI,Paid,TXN0003295
O003296,C0086,2026-02-12,3499.0,COD,Paid,TXN0003296
O003297,C0382,2026-01-21,12596.4,UPI,Pending,TXN0003297
O003298,C0392,2026-07-23,2374.05,Card,Paid,TXN0003298
O003299,C0465,2025-03-19,6396.8,Card,Failed,TXN0003299
O003300,C0052,2025-07-13,5756.4,Card,Paid,TXN0003300
O003301,C0091,2025-10-12,2069.1,Card,Paid,TXN0003301
O003302,C0289,2026-06-11,12596.4,UPI,Paid,TXN0003302
O003303,C0494,2026-06-08,4936.2,Card,Paid,TXN0003303
O003304,C0337,2025-06-05,2396.0,Net Banking,Paid,TXN0003304
O003305,C0298,2025-12-06,2249.1,COD,Paid,TXN0003305
O003306,C0204,2025-05-05,1439.2,UPI,Paid,TXN0003306
O003307,C0368,2025-10-07,4936.2,UPI,Failed,TXN0003307
O003308,C0238,2025-05-08,32396.4,Card,Failed,TXN0003308
O003309,C0382,2025-11-10,1999.2,COD,Paid,TXN0003309
O003310,C0155,2025-11-28,6372.45,UPI,Paid,TXN0003310
O003311,C0240,2025-05-30,6476.4,Card,Paid,TXN0003311
O003312,C0136,2026-03-30,4317.3,Net Banking,Paid,TXN0003312
O003313,C0407,2025-02-05,1439.2,Card,Paid,TXN0003313
O003314,C0362,2026-02-24,2556.8,UPI,Paid,TXN0003314
O003315,C0381,2025-01-22,8397.6,COD,Paid,TXN0003315
O003316,C0369,2025-07-25,1259.1,Card,Paid,TXN0003316
O003317,C0064,2025-12-22,7122.15,UPI,Paid,TXN0003317
O003318,C0123,2026-03-16,17998.0,UPI,Paid,TXN0003318
O003319,C0254,2025-04-06,1899.05,Card,Pending,TXN0003319
O003320,C0477,2025-06-13,3998.4,Card,Paid,TXN0003320
O003321,C0114,2025-05-28,1529.15,Card,Paid,TXN0003321
O003322,C0020,2026-06-14,899.1,UPI,Paid,TXN0003322
O003323,C0016,2025-10-21,8996.4,COD,Paid,TXN0003323
O003324,C0145,2025-07-14,4748.1,UPI,Paid,TXN0003324
O003325,C0208,2026-04-25,1518.1,UPI,Pending,TXN0003325
O003326,C0019,2025-05-03,16198.2,Card,Paid,TXN0003326
O003327,C0376,2026-02-04,759.05,COD,Paid,TXN0003327
O003328,C0392,2026-03-28,17998.0,UPI,Pending,TXN0003328
O003329,C0166,2025-04-14,4498.2,UPI,Paid,TXN0003329
O003330,C0038,2026-04-07,3996.0,Card,Paid,TXN0003330
O003331,C0181,2026-01-31,3357.6,Card,Paid,TXN0003331
O003332,C0349,2025-12-03,6552.15,Card,Paid,TXN0003332
O003333,C0105,2025-05-22,1598.4,UPI,Pending,TXN0003333
O003334,C0100,2025-11-13,1998.0,UPI,Paid,TXN0003334
O003335,C0090,2026-07-12,1998.0,COD,Paid,TXN0003335
O003336,C0415,2026-06-11,1078.2,Card,Paid,TXN0003336
O003337,C0300,2026-07-10,3567.45,COD,Paid,TXN0003337
O003338,C0444,2026-02-05,5756.4,Card,Paid,TXN0003338
O003339,C0332,2025-11-06,1599.0,Card,Paid,TXN0003339
O003340,C0401,2026-05-10,1998.0,Net Banking,Paid,TXN0003340
O003341,C0079,2026-07-10,4138.2,UPI,Paid,TXN0003341
O003342,C0073,2025-04-19,2397.0,Card,Paid,TXN0003342
O003343,C0423,2026-01-07,3418.1,UPI,Paid,TXN0003343
O003344,C0426,2025-07-25,4676.4,UPI,Paid,TXN0003344
O003345,C0176,2025-02-12,6396.0,UPI,Paid,TXN0003345
O003346,C0396,2025-09-02,3998.0,UPI,Paid,TXN0003346
O003347,C0096,2025-10-14,26997.0,Net Banking,Paid,TXN0003347
O003348,C0345,2025-12-21,2238.4,Card,Paid,TXN0003348
O003349,C0103,2026-04-21,2658.1,COD,Paid,TXN0003349
O003350,C0402,2025-03-24,3117.6,Card,Paid,TXN0003350
O003351,C0463,2025-04-20,6076.2,Card,Paid,TXN0003351
O003352,C0224,2025-07-09,1954.15,UPI,Paid,TXN0003352
O003353,C0006,2025-09-08,4598.0,Card,Failed,TXN0003353
O003354,C0122,2025-10-18,34196.2,Card,Paid,TXN0003354
O003355,C0236,2025-07-20,1698.3,UPI,Paid,TXN0003355
O003356,C0427,2025-11-22,1529.15,COD,Pending,TXN0003356
O003357,C0116,2026-05-26,4077.45,UPI,Paid,TXN0003357
O003358,C0163,2026-02-13,7816.6,Card,Paid,TXN0003358
O003359,C0226,2026-05-23,1299.0,Card,Paid,TXN0003359
O003360,C0230,2025-03-13,17098.1,Net Banking,Pending,TXN0003360
O003361,C0182,2025-09-04,2374.05,UPI,Paid,TXN0003361
O003362,C0249,2026-08-10,30596.6,Card,Paid,TXN0003362
O003363,C0318,2026-07-20,1707.15,Card,Paid,TXN0003363
O003364,C0453,2025-12-10,3678.4,UPI,Paid,TXN0003364
O003365,C0210,2025-02-23,7122.15,Card,Paid,TXN0003365
O003366,C0144,2026-06-12,5397.3,UPI,Paid,TXN0003366
O003367,C0392,2026-06-16,3324.05,UPI,Paid,TXN0003367
O003368,C0345,2026-07-12,8549.05,UPI,Paid,TXN0003368
O003369,C0096,2025-07-12,4676.4,COD,Paid,TXN0003369
O003370,C0382,2025-02-27,4676.4,UPI,Paid,TXN0003370
O003371,C0346,2026-03-13,1437.6,Card,Paid,TXN0003371
O003372,C0244,2025-04-21,6476.4,UPI,Paid,TXN0003372
O003373,C0086,2025-05-09,2697.3,UPI,Pending,TXN0003373
O003374,C0415,2025-11-22,15298.3,UPI,Paid,TXN0003374
O003375,C0491,2025-01-08,6207.3,Card,Paid,TXN0003375
O003376,C0394,2025-01-29,12596.4,UPI,Paid,TXN0003376
O003377,C0184,2025-04-22,2396.0,UPI,Paid,TXN0003377
O003378,C0121,2025-05-11,4557.15,COD,Paid,TXN0003378
O003379,C0332,2025-07-07,2069.1,Card,Paid,TXN0003379
O003380,C0092,2026-04-20,3312.45,UPI,Paid,TXN0003380
O003381,C0070,2025-12-30,5697.15,Card,Paid,TXN0003381
O003382,C0404,2025-07-23,2299.0,UPI,Failed,TXN0003382
O003383,C0133,2025-07-31,2518.2,Card,Paid,TXN0003383
O003384,C0279,2025-10-03,799.0,UPI,Paid,TXN0003384
O003385,C0137,2025-03-14,4676.4,UPI,Paid,TXN0003385
O003386,C0314,2025-08-31,8099.1,UPI,Paid,TXN0003386
O003387,C0187,2025-04-12,7596.2,UPI,Paid,TXN0003387
O003388,C0221,2025-06-20,4756.6,COD,Paid,TXN0003388
O003389,C0464,2025-07-07,6747.3,UPI,Paid,TXN0003389
O003390,C0438,2026-03-17,9447.3,UPI,Paid,TXN0003390
O003391,C0046,2025-03-27,2598.0,Card,Paid,TXN0003391
O003392,C0278,2026-04-21,34196.2,Card,Paid,TXN0003392
O003393,C0192,2025-02-21,3567.45,UPI,Failed,TXN0003393
O003394,C0008,2025-04-21,5596.0,UPI,Paid,TXN0003394
O003395,C0379,2025-02-12,1898.1,UPI,Paid,TXN0003395
O003396,C0276,2025-07-30,5316.2,UPI,Paid,TXN0003396
O003397,C0179,2025-07-19,6998.0,UPI,Paid,TXN0003397
O003398,C0334,2025-01-26,3798.1,UPI,Paid,TXN0003398
O003399,C0039,2025-10-26,1198.0,Card,Paid,TXN0003399
O003400,C0293,2025-03-18,4797.6,Net Banking,Paid,TXN0003400
O003401,C0178,2025-05-17,1259.1,Card,Paid,TXN0003401
O003402,C0162,2025-01-20,8549.05,UPI,Paid,TXN0003402
O003403,C0331,2026-03-16,3312.45,Card,Paid,TXN0003403
O003404,C0374,2025-07-30,35996.0,Card,Paid,TXN0003404
O003405,C0104,2026-07-05,1617.3,COD,Paid,TXN0003405
O003406,C0161,2026-03-11,3036.2,Card,Paid,TXN0003406
O003407,C0287,2025-07-26,3598.0,Card,Paid,TXN0003407
O003408,C0123,2026-03-15,3312.45,UPI,Paid,TXN0003408
O003409,C0054,2025-02-11,2499.0,UPI,Paid,TXN0003409
O003410,C0428,2026-02-15,2716.6,UPI,Paid,TXN0003410
O003411,C0034,2026-06-07,9972.15,UPI,Paid,TXN0003411
O003412,C0242,2026-03-03,2397.0,UPI,Paid,TXN0003412
O003413,C0455,2025-10-02,32396.4,Card,Paid,TXN0003413
O003414,C0378,2026-03-24,1798.2,Card,Paid,TXN0003414
O003415,C0113,2026-01-04,3798.1,Net Banking,Paid,TXN0003415
O003416,C0318,2025-08-08,2658.1,UPI,Failed,TXN0003416
O003417,C0023,2026-07-31,2598.0,UPI,Paid,TXN0003417
O003418,C0046,2025-08-20,1916.8,COD,Paid,TXN0003418
O003419,C0312,2025-11-24,1329.05,Net Banking,Pending,TXN0003419
O003420,C0135,2026-03-19,7497.0,Card,Paid,TXN0003420
O003421,C0118,2025-02-21,4587.45,UPI,Paid,TXN0003421
O003422,C0473,2026-01-11,2658.1,Card,Paid,TXN0003422
O003423,C0189,2025-09-20,35996.0,UPI,Paid,TXN0003423
O003424,C0131,2025-09-24,1234.05,COD,Paid,TXN0003424
O003425,C0422,2025-12-25,899.1,Card,Paid,TXN0003425
O003426,C0212,2025-11-13,7497.0,UPI,Paid,TXN0003426
O003427,C0418,2025-11-20,4368.1,COD,Paid,TXN0003427
O003428,C0113,2026-07-17,8922.45,Card,Paid,TXN0003428
O003429,C0044,2026-02-25,5397.0,Net Banking,Paid,TXN0003429
O003430,C0128,2025-02-15,8549.05,Net Banking,Paid,TXN0003430
O003431,C0364,2025-09-26,13296.2,UPI,Paid,TXN0003431
O003432,C0158,2026-01-16,539.1,UPI,Paid,TXN0003432
O003433,C0273,2025-04-28,2397.6,Card,Paid,TXN0003433
O003434,C0315,2026-07-20,6648.1,Net Banking,Paid,TXN0003434
O003435,C0394,2025-04-26,3998.0,Net Banking,Paid,TXN0003435
O003436,C0355,2025-09-17,2276.2,Card,Paid,TXN0003436
O003437,C0340,2025-03-16,5196.0,UPI,Paid,TXN0003437
O003438,C0402,2026-04-25,12596.4,UPI,Paid,TXN0003438
O003439,C0045,2025-11-01,26997.0,COD,Paid,TXN0003439
O003440,C0108,2025-01-07,6552.15,Card,Failed,TXN0003440
O003441,C0219,2026-01-01,7196.4,Card,Paid,TXN0003441
O003442,C0443,2026-06-07,3798.1,Card,Paid,TXN0003442
O003443,C0318,2025-12-14,6298.2,Card,Paid,TXN0003443
O003444,C0315,2026-03-14,3598.0,COD,Paid,TXN0003444
O003445,C0177,2025-08-03,3837.6,UPI,Paid,TXN0003445
O003446,C0228,2026-03-05,569.05,UPI,Paid,TXN0003446
O003447,C0191,2026-05-13,2878.4,Card,Paid,TXN0003447
O003448,C0471,2026-06-24,1518.1,COD,Paid,TXN0003448
O003449,C0160,2026-01-02,2378.3,UPI,Paid,TXN0003449
O003450,C0394,2025-11-09,35996.0,UPI,Paid,TXN0003450
O003451,C0267,2026-06-22,4317.3,UPI,Paid,TXN0003451
O003452,C0358,2025-02-23,4936.2,UPI,Paid,TXN0003452
O003453,C0326,2026-06-25,7196.4,UPI,Paid,TXN0003453
O003454,C0379,2026-04-12,8099.1,Card,Paid,TXN0003454
O003455,C0489,2025-06-13,2156.4,UPI,Failed,TXN0003455
O003456,C0190,2025-11-30,899.1,Card,Pending,TXN0003456
O003457,C0175,2026-07-01,5596.0,UPI,Paid,TXN0003457
O003458,C0290,2025-12-14,4598.0,UPI,Paid,TXN0003458
O003459,C0484,2025-09-30,3777.3,Card,Paid,TXN0003459
O003460,C0357,2026-02-18,35996.0,Card,Paid,TXN0003460
O003461,C0145,2026-05-15,1234.05,UPI,Paid,TXN0003461
O003462,C0232,2025-04-03,5997.0,COD,Paid,TXN0003462
O003463,C0360,2025-03-20,2499.0,UPI,Paid,TXN0003463
O003464,C0438,2025-08-05,4498.2,UPI,Paid,TXN0003464
O003465,C0204,2025-12-24,32396.4,Card,Paid,TXN0003465
O003466,C0213,2026-05-22,8397.6,COD,Paid,TXN0003466
O003467,C0040,2026-07-13,3418.1,UPI,Paid,TXN0003467
O003468,C0275,2025-06-30,1916.8,UPI,Paid,TXN0003468
O003469,C0323,2026-07-30,5036.4,Card,Paid,TXN0003469
O003470,C0082,2025-09-03,1039.2,UPI,Paid,TXN0003470
O003471,C0181,2025-09-01,509.15,Card,Paid,TXN0003471
O003472,C0499,2026-05-21,2518.2,UPI,Paid,TXN0003472
O003473,C0320,2026-02-26,949.05,COD,Failed,TXN0003473
O003474,C0083,2025-11-16,4998.0,UPI,Failed,TXN0003474
O003475,C0303,2025-03-28,1598.0,Net Banking,Paid,TXN0003475
O003476,C0262,2025-08-05,3198.4,UPI,Paid,TXN0003476
O003477,C0272,2026-05-05,479.2,COD,Paid,TXN0003477
O003478,C0200,2026-06-03,2697.3,UPI,Paid,TXN0003478
O003479,C0240,2025-10-05,1358.3,UPI,Failed,TXN0003479
O003480,C0402,2025-06-18,4797.6,UPI,Paid,TXN0003480
O003481,C0180,2025-11-26,5036.4,COD,Paid,TXN0003481
O003482,C0432,2026-03-17,539.1,UPI,Paid,TXN0003482
O003483,C0171,2026-01-26,1234.05,UPI,Paid,TXN0003483
O003484,C0295,2026-05-11,7122.15,UPI,Paid,TXN0003484
O003485,C0177,2026-01-16,5596.0,Net Banking,Paid,TXN0003485
O003486,C0369,2025-11-02,9496.2,UPI,Paid,TXN0003486
O003487,C0396,2026-05-28,16198.2,UPI,Paid,TXN0003487
O003488,C0237,2025-07-07,759.05,Net Banking,Paid,TXN0003488
O003489,C0138,2026-05-31,7816.6,COD,Paid,TXN0003489
O003490,C0327,2026-03-03,3036.2,UPI,Paid,TXN0003490
O003491,C0366,2026-05-17,4598.0,COD,Paid,TXN0003491
O003492,C0311,2025-09-17,3398.3,UPI,Paid,TXN0003492
O003493,C0129,2026-05-28,3777.3,UPI,Paid,TXN0003493
O003494,C0049,2025-03-12,1599.0,COD,Paid,TXN0003494
O003495,C0164,2026-04-23,8996.4,COD,Paid,TXN0003495
O003496,C0277,2025-06-27,7122.15,UPI,Paid,TXN0003496
O003497,C0293,2026-04-02,1279.2,UPI,Paid,TXN0003497
O003498,C0116,2025-07-08,9447.3,UPI,Paid,TXN0003498
O003499,C0024,2025-10-18,599.0,COD,Paid,TXN0003499
O003500,C0311,2026-06-04,1259.1,Net Banking,Paid,TXN0003500
O003501,C0025,2025-10-19,5436.6,UPI,Paid,TXN0003501
O003502,C0391,2025-10-10,2069.1,COD,Failed,TXN0003502
O003503,C0127,2026-06-28,1018.3,UPI,Paid,TXN0003503
O003504,C0234,2026-01-12,9496.2,Card,Paid,TXN0003504
O003505,C0209,2025-06-05,1358.3,UPI,Paid,TXN0003505
O003506,C0093,2026-05-23,5862.45,Card,Paid,TXN0003506
O003507,C0094,2026-02-17,3777.3,UPI,Paid,TXN0003507
O003508,C0327,2026-06-12,1234.05,Net Banking,Paid,TXN0003508
O003509,C0225,2025-12-21,679.15,UPI,Paid,TXN0003509
O003510,C0455,2026-07-13,2338.2,UPI,Paid,TXN0003510
O003511,C0378,2025-07-06,3398.3,COD,Failed,TXN0003511
O003512,C0280,2025-01-31,1138.1,Card,Paid,TXN0003512
O003513,C0011,2025-09-17,6897.0,UPI,Paid,TXN0003513
O003514,C0329,2026-02-25,4368.1,Card,Paid,TXN0003514
O003515,C0012,2026-06-13,8736.2,COD,Paid,TXN0003515
O003516,C0035,2026-07-05,12596.4,Card,Paid,TXN0003516
O003517,C0447,2025-10-31,6207.3,UPI,Paid,TXN0003517
O003518,C0452,2025-02-08,2338.2,UPI,Paid,TXN0003518
O003519,C0228,2026-05-04,5948.3,Net Banking,Paid,TXN0003519
O003520,C0220,2026-06-26,1999.0,UPI,Paid,TXN0003520
O003521,C0441,2025-10-05,34196.2,UPI,Paid,TXN0003521
O003522,C0141,2025-07-22,2547.45,Card,Paid,TXN0003522
O003523,C0023,2025-03-07,3598.2,UPI,Paid,TXN0003523
O003524,C0083,2025-04-18,1619.1,UPI,Paid,TXN0003524
O003525,C0490,2025-09-25,9972.15,Net Banking,Paid,TXN0003525
O003526,C0229,2025-08-10,3507.3,UPI,Paid,TXN0003526
O003527,C0423,2026-06-14,5196.0,COD,Failed,TXN0003527
O003528,C0344,2025-03-31,2518.2,COD,Paid,TXN0003528
O003529,C0080,2025-09-12,5997.6,UPI,Paid,TXN0003529
O003530,C0353,2026-03-31,2069.1,UPI,Pending,TXN0003530
O003531,C0396,2025-09-10,599.0,COD,Paid,TXN0003531
O003532,C0290,2025-09-14,3312.45,COD,Paid,TXN0003532
O003533,C0455,2026-01-18,2184.05,UPI,Paid,TXN0003533
O003534,C0331,2026-03-18,4797.0,UPI,Paid,TXN0003534
O003535,C0159,2025-03-31,2124.15,Card,Paid,TXN0003535
O003536,C0477,2026-01-25,4797.0,UPI,Paid,TXN0003536
O003537,C0128,2026-08-05,1437.6,Card,Paid,TXN0003537
O003538,C0190,2025-02-13,2277.15,Net Banking,Paid,TXN0003538
O003539,C0397,2025-01-19,2069.1,Card,Paid,TXN0003539
O003540,C0031,2025-04-11,9447.3,COD,Paid,TXN0003540
O003541,C0386,2025-12-23,6836.2,Card,Paid,TXN0003541
O003542,C0359,2026-06-26,6747.3,UPI,Paid,TXN0003542
O003543,C0015,2025-02-02,958.4,COD,Pending,TXN0003543
O003544,C0313,2025-08-17,5948.3,Card,Paid,TXN0003544
O003545,C0075,2026-06-08,4676.4,UPI,Paid,TXN0003545
O003546,C0034,2025-06-04,4317.6,UPI,Paid,TXN0003546
O003547,C0359,2026-02-27,17098.1,Card,Paid,TXN0003547
O003548,C0196,2025-09-03,3897.0,Card,Paid,TXN0003548
O003549,C0331,2026-02-09,1998.0,Net Banking,Paid,TXN0003549
O003550,C0029,2026-06-25,1799.1,COD,Paid,TXN0003550
O003551,C0194,2025-06-10,2124.15,UPI,Paid,TXN0003551
O003552,C0016,2025-04-27,2156.4,COD,Paid,TXN0003552
O003553,C0423,2025-09-28,3196.8,UPI,Paid,TXN0003553
O003554,C0077,2026-05-02,6207.3,UPI,Paid,TXN0003554
O003555,C0293,2025-06-21,9496.2,UPI,Paid,TXN0003555
O003556,C0081,2025-10-01,2397.0,Card,Failed,TXN0003556
O003557,C0405,2025-09-16,639.2,UPI,Paid,TXN0003557
O003558,C0428,2025-05-15,1999.0,UPI,Paid,TXN0003558
O003559,C0124,2026-02-26,4498.2,UPI,Paid,TXN0003559
O003560,C0019,2026-02-25,9972.15,UPI,Paid,TXN0003560
O003561,C0455,2025-07-05,1519.05,Net Banking,Paid,TXN0003561
O003562,C0102,2025-12-30,1259.1,Net Banking,Paid,TXN0003562
O003563,C0392,2026-01-13,10497.0,Card,Paid,TXN0003563
O003564,C0077,2026-06-07,3198.4,Card,Paid,TXN0003564
O003565,C0229,2026-08-03,1138.1,Card,Failed,TXN0003565
O003566,C0450,2025-07-15,1438.2,COD,Paid,TXN0003566
O003567,C0297,2025-04-08,4498.2,Card,Paid,TXN0003567
O003568,C0203,2025-01-22,3149.1,UPI,Paid,TXN0003568
O003569,C0472,2026-03-26,3837.6,UPI,Paid,TXN0003569
O003570,C0454,2025-06-21,2997.0,UPI,Paid,TXN0003570
O003571,C0061,2026-01-18,3499.0,UPI,Paid,TXN0003571
O003572,C0026,2025-05-14,2299.0,UPI,Paid,TXN0003572
O003573,C0071,2026-03-02,849.15,COD,Paid,TXN0003573
O003574,C0103,2025-01-25,6396.8,COD,Failed,TXN0003574
O003575,C0467,2026-05-18,2847.15,UPI,Paid,TXN0003575
O003576,C0326,2025-07-04,6747.3,UPI,Paid,TXN0003576
O003577,C0363,2025-03-26,5397.0,Card,Paid,TXN0003577
O003578,C0157,2026-07-21,3598.0,UPI,Paid,TXN0003578
O003579,C0363,2025-05-24,8099.1,UPI,Paid,TXN0003579
O003580,C0359,2026-02-16,2299.0,COD,Paid,TXN0003580
O003581,C0194,2025-08-12,2374.05,Card,Failed,TXN0003581
O003582,C0275,2025-08-08,7196.4,COD,Pending,TXN0003582
O003583,C0324,2025-06-28,3312.45,COD,Failed,TXN0003583
O003584,C0186,2026-03-09,1709.05,COD,Paid,TXN0003584
O003585,C0326,2025-09-22,7196.4,UPI,Paid,TXN0003585
O003586,C0113,2026-03-05,899.1,UPI,Paid,TXN0003586
O003587,C0313,2026-02-20,6998.0,UPI,Paid,TXN0003587
O003588,C0165,2026-03-29,4857.3,UPI,Paid,TXN0003588
O003589,C0061,2025-07-16,9996.0,Card,Paid,TXN0003589
O003590,C0092,2026-07-08,1799.0,COD,Paid,TXN0003590
O003591,C0286,2025-02-22,4557.15,Net Banking,Paid,TXN0003591
O003592,C0455,2026-04-25,5436.6,COD,Paid,TXN0003592
O003593,C0457,2026-03-19,4797.0,Card,Paid,TXN0003593
O003594,C0153,2025-11-26,6897.0,Card,Paid,TXN0003594
O003595,C0225,2025-09-08,1198.0,UPI,Paid,TXN0003595
O003596,C0127,2025-05-03,5127.15,UPI,Paid,TXN0003596
O003597,C0193,2026-01-22,32396.4,COD,Paid,TXN0003597
O003598,C0115,2025-12-05,2397.0,UPI,Paid,TXN0003598
O003599,C0262,2025-12-14,6796.6,Card,Paid,TXN0003599
O003600,C0018,2025-01-29,1527.45,COD,Paid,TXN0003600
O003601,C0010,2025-02-04,1439.1,UPI,Paid,TXN0003601
O003602,C0092,2026-06-02,1898.1,Net Banking,Paid,TXN0003602
O003603,C0139,2026-01-31,2374.05,UPI,Paid,TXN0003603
O003604,C0481,2025-10-21,4368.1,COD,Paid,TXN0003604
O003605,C0449,2026-08-12,5036.4,UPI,Paid,TXN0003605
O003606,C0333,2025-12-15,3198.0,UPI,Paid,TXN0003606
O003607,C0357,2025-05-27,5397.3,UPI,Paid,TXN0003607
O003608,C0340,2025-03-08,2847.15,Card,Failed,TXN0003608
O003609,C0449,2026-06-04,2499.0,COD,Paid,TXN0003609
O003610,C0052,2025-05-02,6648.1,Card,Paid,TXN0003610
O003611,C0195,2025-12-06,5196.0,Net Banking,Failed,TXN0003611
O003612,C0466,2025-06-24,3196.8,COD,Paid,TXN0003612
O003613,C0489,2026-03-27,26997.0,UPI,Paid,TXN0003613
O003614,C0206,2026-07-11,3396.6,Card,Paid,TXN0003614
O003615,C0287,2025-05-16,2697.3,UPI,Paid,TXN0003615
O003616,C0475,2025-01-16,1527.45,Card,Paid,TXN0003616
O003617,C0401,2025-11-29,25647.15,UPI,Paid,TXN0003617
O003618,C0439,2025-07-14,2799.2,UPI,Paid,TXN0003618
O003619,C0366,2026-05-11,2299.0,Card,Failed,TXN0003619
O003620,C0093,2025-01-09,4857.3,UPI,Pending,TXN0003620
O003621,C0420,2025-11-30,7497.0,Card,Paid,TXN0003621
O003622,C0485,2025-11-29,2847.15,Net Banking,Paid,TXN0003622
O003623,C0410,2025-11-23,3596.4,UPI,Paid,TXN0003623
O003624,C0309,2025-01-15,2157.3,COD,Paid,TXN0003624
O003625,C0145,2025-08-14,25647.15,Card,Paid,TXN0003625
O003626,C0086,2026-03-01,3998.0,UPI,Paid,TXN0003626
O003627,C0153,2026-02-12,1798.2,COD,Paid,TXN0003627
O003628,C0002,2025-04-23,1898.1,UPI,Paid,TXN0003628
O003629,C0342,2026-03-04,17998.0,UPI,Paid,TXN0003629
O003630,C0389,2025-01-01,4797.6,UPI,Paid,TXN0003630
O003631,C0260,2025-09-23,14398.4,Card,Paid,TXN0003631
O003632,C0164,2026-05-06,2036.6,Card,Failed,TXN0003632
O003633,C0006,2025-07-27,7816.6,UPI,Pending,TXN0003633
O003634,C0500,2026-01-04,1998.0,UPI,Paid,TXN0003634
O003635,C0149,2025-11-02,1279.2,COD,Paid,TXN0003635
O003636,C0205,2025-01-12,9496.2,COD,Paid,TXN0003636
O003637,C0118,2025-12-11,7996.0,Card,Failed,TXN0003637
O003638,C0485,2026-04-10,2718.3,UPI,Paid,TXN0003638
O003639,C0089,2026-05-09,17998.0,UPI,Paid,TXN0003639
O003640,C0154,2026-01-03,2157.3,COD,Paid,TXN0003640
O003641,C0439,2026-02-24,3996.0,UPI,Paid,TXN0003641
O003642,C0167,2025-06-20,1518.1,UPI,Paid,TXN0003642
O003643,C0468,2025-05-14,1078.2,Card,Paid,TXN0003643
O003644,C0161,2026-03-03,2277.15,Card,Paid,TXN0003644
O003645,C0270,2025-01-25,35996.0,Card,Paid,TXN0003645
O003646,C0056,2026-06-14,1138.1,UPI,Paid,TXN0003646
O003647,C0228,2025-07-09,2277.15,Card,Paid,TXN0003647
O003648,C0337,2025-05-21,3418.1,Card,Paid,TXN0003648
O003649,C0149,2026-07-09,1439.2,Card,Paid,TXN0003649
O003650,C0046,2025-11-11,2184.05,UPI,Paid,TXN0003650
O003651,C0144,2026-03-20,1698.3,COD,Paid,TXN0003651
O003652,C0238,2025-11-15,3996.0,Card,Paid,TXN0003652
O003653,C0272,2026-03-17,1519.05,Card,Paid,TXN0003653
O003654,C0120,2025-04-02,1797.0,Card,Paid,TXN0003654
O003655,C0340,2025-06-28,2658.1,UPI,Paid,TXN0003655
O003656,C0413,2025-02-25,2997.0,UPI,Paid,TXN0003656
O003657,C0220,2025-06-04,2184.05,UPI,Paid,TXN0003657
O003658,C0008,2025-04-21,7596.2,UPI,Paid,TXN0003658
O003659,C0344,2025-05-17,2397.0,Card,Paid,TXN0003659
O003660,C0387,2025-08-20,1799.1,COD,Paid,TXN0003660
O003661,C0473,2026-04-13,7199.2,UPI,Pending,TXN0003661
O003662,C0275,2026-04-26,1599.0,Net Banking,Pending,TXN0003662
O003663,C0353,2025-03-09,2157.3,UPI,Paid,TXN0003663
O003664,C0066,2025-09-06,539.1,UPI,Paid,TXN0003664
O003665,C0079,2025-11-19,1518.1,UPI,Paid,TXN0003665
O003666,C0086,2026-06-02,2974.15,Card,Failed,TXN0003666
O003667,C0124,2026-03-08,958.4,Card,Paid,TXN0003667
O003668,C0202,2026-05-02,4936.2,Net Banking,Failed,TXN0003668
O003669,C0466,2026-03-05,16198.2,UPI,Paid,TXN0003669
O003670,C0150,2025-09-26,3596.4,UPI,Paid,TXN0003670
O003671,C0046,2026-06-21,34196.2,Card,Paid,TXN0003671
O003672,C0113,2025-05-28,1138.1,Card,Paid,TXN0003672
O003673,C0091,2025-04-28,11196.8,Net Banking,Paid,TXN0003673
O003674,C0141,2026-01-02,2208.3,UPI,Paid,TXN0003674
O003675,C0289,2025-03-07,1797.0,Card,Failed,TXN0003675
O003676,C0389,2026-01-05,13996.0,UPI,Paid,TXN0003676
O003677,C0218,2025-06-24,5598.4,Card,Paid,TXN0003677
O003678,C0077,2026-08-11,7196.0,UPI,Paid,TXN0003678
O003679,C0411,2026-05-10,719.1,Card,Paid,TXN0003679
O003680,C0377,2025-04-24,3998.0,Card,Paid,TXN0003680
O003681,C0384,2025-04-21,599.0,UPI,Failed,TXN0003681
O003682,C0334,2026-03-15,2396.0,UPI,Paid,TXN0003682
O003683,C0152,2025-05-27,5316.2,UPI,Paid,TXN0003683
O003684,C0323,2025-02-04,1797.0,UPI,Paid,TXN0003684
O003685,C0239,2025-11-05,1798.2,UPI,Paid,TXN0003685
O003686,C0115,2026-06-22,2069.1,UPI,Paid,TXN0003686
O003687,C0319,2025-01-14,4557.15,COD,Paid,TXN0003687
O003688,C0369,2026-01-09,32396.4,UPI,Paid,TXN0003688
O003689,C0094,2026-07-11,3796.2,UPI,Paid,TXN0003689
O003690,C0483,2026-03-04,2277.15,Net Banking,Paid,TXN0003690
O003691,C0048,2025-08-21,1709.05,UPI,Paid,TXN0003691
O003692,C0191,2026-07-17,7596.2,COD,Paid,TXN0003692
O003693,C0462,2026-03-16,28796.8,Card,Pending,TXN0003693
O003694,C0012,2026-05-17,2878.2,Net Banking,Paid,TXN0003694
O003695,C0156,2025-10-02,3987.15,UPI,Paid,TXN0003695
O003696,C0172,2025-03-17,2876.4,Card,Paid,TXN0003696
O003697,C0477,2026-03-15,949.05,UPI,Paid,TXN0003697
O003698,C0427,2025-10-16,4598.0,Net Banking,Paid,TXN0003698
O003699,C0401,2026-06-24,5697.15,UPI,Paid,TXN0003699
O003700,C0296,2025-09-10,2124.15,Card,Paid,TXN0003700
O003701,C0177,2025-05-06,3796.2,UPI,Paid,TXN0003701
O003702,C0341,2025-06-26,2037.45,Net Banking,Paid,TXN0003702
O003703,C0057,2025-02-06,9972.15,Card,Failed,TXN0003703
O003704,C0343,2026-02-14,3324.05,UPI,Paid,TXN0003704
O003705,C0340,2025-05-07,5517.6,UPI,Paid,TXN0003705
O003706,C0448,2026-04-28,1234.05,UPI,Paid,TXN0003706
O003707,C0203,2025-06-17,7816.6,UPI,Paid,TXN0003707
O003708,C0185,2025-10-21,3398.3,UPI,Paid,TXN0003708
O003709,C0121,2025-12-09,2799.2,Net Banking,Paid,TXN0003709
O003710,C0226,2025-11-06,2798.0,Card,Paid,TXN0003710
O003711,C0202,2026-06-12,3987.15,Net Banking,Paid,TXN0003711
O003712,C0330,2026-06-24,2974.15,Card,Paid,TXN0003712
O003713,C0363,2026-02-23,7196.4,Card,Paid,TXN0003713
O003714,C0380,2026-03-20,1619.1,Card,Paid,TXN0003714
O003715,C0454,2026-07-12,1599.0,UPI,Paid,TXN0003715
O003716,C0356,2025-08-24,1519.05,Card,Paid,TXN0003716
O003717,C0216,2026-03-15,3598.2,Card,Paid,TXN0003717
O003718,C0460,2025-08-02,4748.1,Net Banking,Paid,TXN0003718
O003719,C0043,2025-03-26,4797.0,Card,Paid,TXN0003719
O003720,C0375,2025-03-26,26997.0,COD,Paid,TXN0003720
O003721,C0023,2026-05-04,4797.0,Card,Paid,TXN0003721
O003722,C0155,2025-03-06,22947.45,Card,Paid,TXN0003722
O003723,C0186,2025-03-05,3149.1,Card,Paid,TXN0003723
O003724,C0249,2025-12-09,3598.0,UPI,Paid,TXN0003724
O003725,C0237,2025-12-18,4598.0,UPI,Paid,TXN0003725
O003726,C0293,2025-06-07,3238.2,COD,Paid,TXN0003726
O003727,C0134,2026-08-12,3038.1,COD,Paid,TXN0003727
O003728,C0321,2026-05-06,4077.45,UPI,Pending,TXN0003728
O003729,C0390,2026-04-08,509.15,Net Banking,Paid,TXN0003729
O003730,C0434,2025-08-13,3398.3,UPI,Paid,TXN0003730
O003731,C0022,2025-11-09,8276.4,Card,Paid,TXN0003731
O003732,C0361,2026-04-11,1519.05,UPI,Failed,TXN0003732
O003733,C0088,2025-03-29,4676.4,UPI,Paid,TXN0003733
O003734,C0153,2025-10-30,1299.0,UPI,Paid,TXN0003734
O003735,C0125,2026-03-11,2499.0,UPI,Paid,TXN0003735
O003736,C0079,2025-05-15,3499.0,UPI,Paid,TXN0003736
O003737,C0346,2025-02-19,34196.2,UPI,Paid,TXN0003737
O003738,C0456,2026-03-08,3598.0,UPI,Paid,TXN0003738
O003739,C0051,2025-12-06,6998.0,UPI,Paid,TXN0003739
O003740,C0216,2025-12-13,32396.4,UPI,Paid,TXN0003740
O003741,C0176,2025-12-13,14398.4,Card,Paid,TXN0003741
O003742,C0358,2025-09-02,2997.0,COD,Paid,TXN0003742
O003743,C0253,2025-04-19,1078.2,UPI,Paid,TXN0003743
O003744,C0454,2026-06-17,4797.0,UPI,Paid,TXN0003744
O003745,C0246,2025-03-31,5997.6,Card,Paid,TXN0003745
O003746,C0227,2025-10-23,4557.15,UPI,Paid,TXN0003746
O003747,C0106,2025-04-22,8496.6,Card,Paid,TXN0003747
O003748,C0193,2026-08-12,6648.1,UPI,Paid,TXN0003748
O003749,C0316,2025-06-26,1358.3,UPI,Paid,TXN0003749
O003750,C0302,2025-12-09,3196.0,UPI,Paid,TXN0003750
O003751,C0036,2025-04-11,7596.2,UPI,Paid,TXN0003751
O003752,C0442,2026-02-05,3998.0,COD,Paid,TXN0003752
O003753,C0204,2025-01-28,13296.2,UPI,Paid,TXN0003753
O003754,C0422,2026-06-21,7816.6,Net Banking,Paid,TXN0003754
O003755,C0267,2025-02-27,3507.3,UPI,Paid,TXN0003755
O003756,C0268,2026-05-13,2276.2,Net Banking,Paid,TXN0003756
O003757,C0170,2025-10-24,21597.6,UPI,Paid,TXN0003757
O003758,C0498,2025-05-14,2374.05,UPI,Paid,TXN0003758
O003759,C0039,2025-11-27,3357.6,Card,Paid,TXN0003759
O003760,C0455,2025-09-06,2397.0,UPI,Paid,TXN0003760
O003761,C0139,2026-07-04,5116.8,COD,Paid,TXN0003761
O003762,C0292,2025-03-16,6998.0,Card,Failed,TXN0003762
O003763,C0052,2025-06-17,8099.1,Card,Paid,TXN0003763
O003764,C0287,2026-05-18,759.05,UPI,Paid,TXN0003764
O003765,C0289,2025-12-21,2249.1,Card,Paid,TXN0003765
O003766,C0141,2025-08-13,3238.2,Card,Paid,TXN0003766
O003767,C0146,2026-06-15,2184.05,COD,Failed,TXN0003767
O003768,C0425,2025-05-26,1279.2,UPI,Paid,TXN0003768
O003769,C0314,2025-08-29,3198.4,Net Banking,Paid,TXN0003769
O003770,C0184,2025-12-10,2799.2,Net Banking,Paid,TXN0003770
O003771,C0152,2025-02-04,2556.8,COD,Paid,TXN0003771
O003772,C0201,2025-01-01,6796.6,Card,Paid,TXN0003772
O003773,C0128,2025-06-02,5997.6,Card,Paid,TXN0003773
O003774,C0287,2026-03-05,5097.45,UPI,Paid,TXN0003774
O003775,C0311,2026-05-23,2277.15,Net Banking,Paid,TXN0003775
O003776,C0253,2025-05-06,2716.6,Net Banking,Paid,TXN0003776
O003777,C0489,2026-05-06,5116.8,UPI,Paid,TXN0003777
O003778,C0266,2026-04-27,4676.4,UPI,Paid,TXN0003778
O003779,C0188,2025-12-11,2277.15,COD,Failed,TXN0003779
O003780,C0386,2025-08-09,26997.0,UPI,Paid,TXN0003780
O003781,C0230,2025-01-25,3312.45,UPI,Paid,TXN0003781
O003782,C0271,2026-06-12,8397.6,Net Banking,Paid,TXN0003782
O003783,C0259,2025-07-01,3702.15,COD,Paid,TXN0003783
O003784,C0299,2026-05-14,2997.0,COD,Paid,TXN0003784
O003785,C0415,2025-02-11,3036.2,UPI,Paid,TXN0003785
O003786,C0198,2026-04-26,16198.2,UPI,Paid,TXN0003786
O003787,C0323,2026-03-15,4748.1,Card,Paid,TXN0003787
O003788,C0056,2026-02-06,24297.3,Card,Paid,TXN0003788
O003789,C0319,2026-06-30,1598.4,UPI,Paid,TXN0003789
O003790,C0203,2025-12-11,2518.2,COD,Paid,TXN0003790
O003791,C0271,2025-02-14,4936.2,COD,Paid,TXN0003791
O003792,C0109,2025-01-21,21597.6,UPI,Paid,TXN0003792
O003793,C0116,2025-03-11,5397.3,UPI,Paid,TXN0003793
O003794,C0092,2025-02-17,4998.0,UPI,Paid,TXN0003794
O003795,C0138,2026-05-06,2277.15,Card,Paid,TXN0003795
O003796,C0422,2026-07-05,2157.3,UPI,Paid,TXN0003796
O003797,C0303,2025-10-14,4587.45,Card,Paid,TXN0003797
O003798,C0057,2025-01-10,8397.6,Card,Paid,TXN0003798
O003799,C0050,2026-06-26,6648.1,COD,Paid,TXN0003799
O003800,C0498,2025-10-01,599.0,UPI,Paid,TXN0003800
O003801,C0071,2026-01-16,6998.0,Card,Paid,TXN0003801
O003802,C0399,2025-11-25,32396.4,COD,Paid,TXN0003802
O003803,C0402,2026-04-24,1104.15,Card,Paid,TXN0003803
O003804,C0082,2025-01-15,8549.05,Net Banking,Paid,TXN0003804
O003805,C0372,2026-05-31,759.05,Card,Paid,TXN0003805
O003806,C0105,2025-07-10,2558.4,COD,Paid,TXN0003806
O003807,C0088,2025-06-17,6396.8,UPI,Paid,TXN0003807
O003808,C0002,2026-06-05,1598.0,Card,Paid,TXN0003808
O003809,C0360,2025-05-17,6116.6,Card,Paid,TXN0003809
O003810,C0084,2025-06-03,3238.2,Net Banking,Paid,TXN0003810
O003811,C0482,2026-01-23,3998.0,UPI,Paid,TXN0003811
O003812,C0043,2025-07-28,1898.1,UPI,Paid,TXN0003812
O003813,C0154,2025-09-29,2299.0,Card,Paid,TXN0003813
O003814,C0327,2025-05-23,1518.1,UPI,Paid,TXN0003814
O003815,C0422,2025-03-10,2876.4,Card,Paid,TXN0003815
O003816,C0094,2025-09-04,6076.2,Net Banking,Paid,TXN0003816
O003817,C0298,2025-09-18,9496.2,Net Banking,Paid,TXN0003817
O003818,C0133,2025-03-20,1619.1,UPI,Paid,TXN0003818
O003819,C0395,2026-06-09,6998.0,UPI,Paid,TXN0003819
O003820,C0065,2025-11-26,16198.2,Card,Paid,TXN0003820
O003821,C0290,2025-07-08,2847.15,Card,Paid,TXN0003821
O003822,C0376,2025-04-05,759.05,Card,Failed,TXN0003822
O003823,C0257,2025-01-08,7356.8,COD,Paid,TXN0003823
O003824,C0467,2025-03-08,7596.2,Card,Paid,TXN0003824
O003825,C0386,2026-05-11,2518.2,UPI,Paid,TXN0003825
O003826,C0213,2025-07-10,9496.2,COD,Paid,TXN0003826
O003827,C0148,2026-01-01,3908.3,UPI,Paid,TXN0003827
O003828,C0061,2026-06-05,1018.3,UPI,Paid,TXN0003828
O003829,C0471,2025-04-27,10497.0,COD,Paid,TXN0003829
O003830,C0149,2025-09-24,2069.1,Card,Paid,TXN0003830
O003831,C0088,2026-04-30,3598.0,Card,Paid,TXN0003831
O003832,C0324,2026-05-24,958.4,UPI,Paid,TXN0003832
O003833,C0383,2025-10-25,1518.1,UPI,Paid,TXN0003833
O003834,C0396,2025-06-13,1527.45,UPI,Paid,TXN0003834
O003835,C0278,2026-01-11,17098.1,Card,Paid,TXN0003835
O003836,C0404,2025-09-25,1799.1,UPI,Paid,TXN0003836
O003837,C0082,2026-07-03,1839.2,Card,Paid,TXN0003837
O003838,C0129,2025-03-15,8496.6,COD,Paid,TXN0003838
O003839,C0286,2026-05-23,2299.0,Card,Paid,TXN0003839
O003840,C0382,2025-03-14,2876.4,COD,Paid,TXN0003840
O003841,C0353,2025-11-04,1329.05,COD,Paid,TXN0003841
O003842,C0280,2025-07-18,3796.2,COD,Failed,TXN0003842
O003843,C0270,2025-05-10,3418.1,Card,Paid,TXN0003843
O003844,C0292,2026-07-26,25647.15,UPI,Paid,TXN0003844
O003845,C0453,2026-05-02,9447.3,Card,Paid,TXN0003845
O003846,C0203,2025-05-31,5997.0,Card,Paid,TXN0003846
O003847,C0024,2025-07-25,3598.2,UPI,Paid,TXN0003847
O003848,C0444,2025-06-28,1707.15,Card,Paid,TXN0003848
O003849,C0351,2025-07-16,569.05,Card,Paid,TXN0003849
O003850,C0311,2025-03-30,3596.4,UPI,Paid,TXN0003850
O003851,C0461,2026-03-10,2598.0,Card,Paid,TXN0003851
O003852,C0208,2025-07-02,3702.15,UPI,Paid,TXN0003852
O003853,C0280,2025-07-28,3324.05,UPI,Paid,TXN0003853
O003854,C0205,2026-05-08,2184.05,COD,Pending,TXN0003854
O003855,C0152,2025-05-10,1078.2,Card,Paid,TXN0003855
O003856,C0438,2025-01-13,2658.1,Card,Paid,TXN0003856
O003857,C0026,2025-04-16,5997.0,UPI,Paid,TXN0003857
O003858,C0194,2026-01-10,7816.6,Card,Paid,TXN0003858
O003859,C0336,2026-08-05,4797.6,UPI,Paid,TXN0003859
O003860,C0422,2025-04-09,1797.0,COD,Paid,TXN0003860
O003861,C0238,2026-08-10,3598.2,COD,Paid,TXN0003861
O003862,C0321,2025-07-11,6552.15,COD,Paid,TXN0003862
O003863,C0497,2025-11-21,1707.15,UPI,Paid,TXN0003863
O003864,C0075,2026-04-12,3036.2,Card,Paid,TXN0003864
O003865,C0435,2026-01-02,899.1,COD,Paid,TXN0003865
O003866,C0163,2025-11-14,799.0,UPI,Paid,TXN0003866
O003867,C0299,2025-05-24,4156.8,UPI,Pending,TXN0003867
O003868,C0029,2026-01-19,1519.05,COD,Paid,TXN0003868
O003869,C0165,2025-08-04,7122.15,COD,Paid,TXN0003869
O003870,C0337,2025-12-27,3396.6,Card,Paid,TXN0003870
O003871,C0186,2025-11-20,3196.0,UPI,Paid,TXN0003871
O003872,C0054,2025-01-15,3418.1,Card,Paid,TXN0003872
O003873,C0295,2025-08-05,1329.05,UPI,Paid,TXN0003873
O003874,C0042,2026-05-07,2658.1,Card,Paid,TXN0003874
O003875,C0412,2026-07-01,7122.15,Card,Paid,TXN0003875
O003876,C0285,2025-07-02,5596.0,Card,Paid,TXN0003876
O003877,C0427,2025-09-27,6897.0,Card,Pending,TXN0003877
O003878,C0387,2026-04-12,1399.0,COD,Failed,TXN0003878
O003879,C0500,2026-06-03,2558.4,Card,Paid,TXN0003879
O003880,C0138,2026-06-26,1399.0,UPI,Paid,TXN0003880
O003881,C0187,2026-04-12,5997.0,UPI,Paid,TXN0003881
O003882,C0490,2025-11-01,1598.4,UPI,Paid,TXN0003882
O003883,C0398,2025-05-24,2069.1,Card,Paid,TXN0003883
O003884,C0204,2025-04-21,3702.15,Net Banking,Paid,TXN0003884
O003885,C0431,2025-08-20,1399.0,Card,Failed,TXN0003885
O003886,C0042,2026-08-07,12596.4,UPI,Paid,TXN0003886
O003887,C0350,2026-05-15,6998.0,UPI,Paid,TXN0003887
O003888,C0416,2026-07-08,6298.2,UPI,Paid,TXN0003888
O003889,C0288,2025-09-30,2238.4,UPI,Paid,TXN0003889
O003890,C0426,2025-06-22,6476.4,Card,Paid,TXN0003890
O003891,C0416,2025-01-07,1598.0,UPI,Failed,TXN0003891
O003892,C0026,2025-06-04,7196.4,UPI,Failed,TXN0003892
O003893,C0371,2026-06-06,16198.2,UPI,Paid,TXN0003893
O003894,C0385,2026-06-30,1259.1,Card,Paid,TXN0003894
O003895,C0056,2026-07-02,1709.05,Card,Paid,TXN0003895
O003896,C0253,2026-06-02,719.1,COD,Paid,TXN0003896
O003897,C0122,2025-08-03,8099.1,UPI,Paid,TXN0003897
O003898,C0106,2025-05-14,7996.8,COD,Paid,TXN0003898
O003899,C0130,2025-10-12,4077.45,Card,Paid,TXN0003899
O003900,C0337,2025-05-06,5697.15,UPI,Paid,TXN0003900
O003901,C0158,2026-03-15,1259.1,UPI,Paid,TXN0003901
O003902,C0376,2025-06-01,2997.0,UPI,Paid,TXN0003902
O003903,C0231,2025-11-27,5862.45,Card,Paid,TXN0003903
O003904,C0455,2026-06-22,1998.0,UPI,Paid,TXN0003904
O003905,C0308,2026-01-18,3036.2,COD,Paid,TXN0003905
O003906,C0091,2025-04-25,849.15,UPI,Paid,TXN0003906
O003907,C0393,2026-04-27,1707.15,Card,Paid,TXN0003907
O003908,C0022,2025-10-11,6372.45,UPI,Paid,TXN0003908
O003909,C0290,2025-03-16,2069.1,Card,Paid,TXN0003909
O003910,C0110,2025-06-15,4748.1,COD,Paid,TXN0003910
O003911,C0049,2025-07-08,8549.05,Net Banking,Paid,TXN0003911
O003912,C0129,2025-03-19,3998.4,UPI,Paid,TXN0003912
O003913,C0073,2025-01-21,10497.0,UPI,Paid,TXN0003913
O003914,C0340,2026-07-20,5756.4,COD,Paid,TXN0003914
O003915,C0053,2025-07-03,6298.2,UPI,Paid,TXN0003915
O003916,C0467,2025-08-10,2238.4,Card,Paid,TXN0003916
O003917,C0356,2025-11-24,8099.1,Net Banking,Paid,TXN0003917
O003918,C0380,2025-06-28,1617.3,Card,Paid,TXN0003918
O003919,C0168,2025-04-22,5756.8,UPI,Paid,TXN0003919
O003920,C0045,2025-02-28,7649.15,COD,Failed,TXN0003920
O003921,C0452,2025-11-23,1619.1,Net Banking,Paid,TXN0003921
O003922,C0393,2025-07-10,6396.0,Card,Paid,TXN0003922
O003923,C0105,2025-07-19,7122.15,UPI,Paid,TXN0003923
O003924,C0150,2025-11-08,8996.4,Net Banking,Paid,TXN0003924
O003925,C0146,2025-02-04,2069.1,Net Banking,Failed,TXN0003925
O003926,C0204,2026-01-14,1329.05,Net Banking,Paid,TXN0003926
O003927,C0362,2026-01-22,1998.0,UPI,Paid,TXN0003927
O003928,C0299,2025-08-25,4676.4,COD,Paid,TXN0003928
O003929,C0167,2026-06-03,34196.2,Card,Paid,TXN0003929
O003930,C0201,2025-10-10,35996.0,UPI,Paid,TXN0003930
O003931,C0134,2025-01-01,1329.05,Card,Paid,TXN0003931
O003932,C0211,2026-04-09,8922.45,COD,Paid,TXN0003932
O003933,C0048,2025-08-18,1899.05,COD,Paid,TXN0003933
O003934,C0126,2025-06-21,2798.0,COD,Paid,TXN0003934
O003935,C0239,2025-03-28,1299.0,UPI,Paid,TXN0003935
O003936,C0007,2026-07-07,2374.05,Card,Paid,TXN0003936
O003937,C0464,2025-05-03,1529.15,Card,Paid,TXN0003937
O003938,C0453,2025-10-25,6298.2,COD,Paid,TXN0003938
O003939,C0272,2026-07-29,2396.0,UPI,Paid,TXN0003939
O003940,C0385,2026-04-29,2277.15,Card,Paid,TXN0003940
O003941,C0371,2025-06-14,8922.45,Card,Paid,TXN0003941
O003942,C0037,2026-01-18,1198.0,Net Banking,Paid,TXN0003942
O003943,C0487,2025-07-28,8276.4,Card,Paid,TXN0003943
O003944,C0211,2026-03-08,6076.2,Card,Paid,TXN0003944
O003945,C0165,2026-01-24,2598.0,Net Banking,Paid,TXN0003945
O003946,C0125,2026-07-14,3499.0,COD,Paid,TXN0003946
O003947,C0337,2025-08-12,4676.4,UPI,Paid,TXN0003947
O003948,C0192,2025-01-03,1797.0,UPI,Paid,TXN0003948
O003949,C0218,2026-01-07,2798.0,COD,Pending,TXN0003949
O003950,C0214,2026-03-22,2277.15,UPI,Paid,TXN0003950
O003951,C0062,2025-04-26,1799.0,Card,Failed,TXN0003951
O003952,C0328,2025-09-27,3418.1,Card,Failed,TXN0003952
O003953,C0445,2026-03-23,2397.0,Net Banking,Failed,TXN0003953
O003954,C0381,2026-01-03,25647.15,Card,Paid,TXN0003954
O003955,C0161,2025-09-10,2124.15,Card,Paid,TXN0003955
O003956,C0066,2025-11-13,16198.2,UPI,Paid,TXN0003956
O003957,C0286,2026-02-19,13296.2,Card,Paid,TXN0003957
O003958,C0239,2025-04-05,6396.0,UPI,Paid,TXN0003958
O003959,C0020,2025-01-24,1617.3,COD,Pending,TXN0003959
O003960,C0188,2025-02-19,8999.0,COD,Paid,TXN0003960
O003961,C0082,2026-05-17,26997.0,UPI,Paid,TXN0003961
O003962,C0363,2026-05-13,8099.1,UPI,Paid,TXN0003962
O003963,C0202,2025-12-01,4156.8,Card,Paid,TXN0003963
O003964,C0408,2025-03-20,3987.15,Card,Paid,TXN0003964
O003965,C0132,2026-08-05,4797.0,Card,Paid,TXN0003965
O003966,C0037,2025-01-27,509.15,Net Banking,Failed,TXN0003966
O003967,C0132,2025-09-28,3598.0,COD,Paid,TXN0003967
O003968,C0077,2026-07-16,1954.15,UPI,Paid,TXN0003968
O003969,C0089,2025-09-04,2468.1,UPI,Paid,TXN0003969
O003970,C0461,2026-01-22,13296.2,Card,Paid,TXN0003970
O003971,C0402,2026-07-13,4317.3,COD,Paid,TXN0003971
O003972,C0253,2025-12-27,4317.6,Card,Paid,TXN0003972
O003973,C0344,2026-05-03,1359.15,Card,Pending,TXN0003973
O003974,C0194,2025-12-18,1899.05,UPI,Paid,TXN0003974
O003975,C0176,2025-09-13,7196.4,Net Banking,Failed,TXN0003975
O003976,C0033,2025-08-10,32396.4,COD,Paid,TXN0003976
O003977,C0058,2025-01-01,16198.2,UPI,Paid,TXN0003977
O003978,C0467,2026-06-30,2716.6,UPI,Paid,TXN0003978
O003979,C0201,2026-03-22,7996.0,UPI,Paid,TXN0003979
O003980,C0028,2025-03-20,2276.2,COD,Paid,TXN0003980
O003981,C0035,2025-08-24,1916.8,COD,Paid,TXN0003981
O003982,C0487,2025-11-30,3678.4,Card,Paid,TXN0003982
O003983,C0125,2025-12-15,7196.0,UPI,Paid,TXN0003983
O003984,C0394,2025-04-08,6998.0,UPI,Paid,TXN0003984
O003985,C0321,2025-03-23,639.2,Card,Paid,TXN0003985
O003986,C0042,2026-05-17,7122.15,UPI,Paid,TXN0003986
O003987,C0085,2026-04-22,2249.1,Card,Paid,TXN0003987
O003988,C0393,2026-07-04,5196.0,UPI,Paid,TXN0003988
O003989,C0188,2025-01-14,5862.45,UPI,Paid,TXN0003989
O003990,C0111,2026-01-27,9196.0,Card,Paid,TXN0003990
O003991,C0271,2025-12-13,13996.0,COD,Paid,TXN0003991
O003992,C0483,2025-11-06,1599.0,UPI,Paid,TXN0003992
O003993,C0441,2026-01-21,7996.8,Card,Paid,TXN0003993
O003994,C0325,2025-07-28,1439.1,UPI,Paid,TXN0003994
O003995,C0105,2025-12-23,5436.6,Card,Paid,TXN0003995
O003996,C0406,2026-07-22,4368.1,Net Banking,Paid,TXN0003996
O003997,C0320,2025-04-04,3837.6,UPI,Paid,TXN0003997
O003998,C0041,2025-04-03,2124.15,UPI,Paid,TXN0003998
O003999,C0215,2025-12-06,1529.15,UPI,Paid,TXN0003999
O004000,C0071,2026-03-21,2397.6,Card,Paid,TXN0004000
